Algorithm: GEMM Simple
Result matrix:
4945 5217 5633 5434 5455 5288 5345 5594 5124 5045 5425 5593 5135 5663 5100 5307 5430 5834 5359 5338 5540 5603 5622 5275 5248 5658 5302 5361 5321 5120 5969 5383 4808 5244 5512 5380 5630 5527 5202 5551 5398 5376 5159 5254 5239 5130 5310 5516 5401 5431 5437 5431 5331 4992 5348 4970 5695 5186 5697 5488 5288 5697 5139 5118 5326 4810 5145 5379 5421 5407 5297 4548 5449 5242 5337 5699 5017 4939 5316 5636 5404 5104 5378 5484 5212 5417 5154 5707 5243 5389 5510 5712 4843 5432 4933 5346 5252 5498 5109 5532 4887 5419 5450 5343 5235 5346 5604 5456 5561 5352 4977 5565 5171 5505 5375 5623 5583 5480 4983 5488 5677 5131 5133 5282 5081 5162 5267 5761 5146 5568 5418 5443 5433 4815 5474 5107 5758 5732 5195 5346 5211 5716 5679 5331 5390 5733 5251 5106 5791 5284 5773 5301 5582 4297 5275 5542 5634 5244 5405 5711 5520 5091 4931 5386 5312 5803 5534 5940 5286 4880 5338 4943 5390 5709 4925 5363 5351 5522 5699 5230 5411 5836 5395 5479 5080 5483 5535 4842 4957 5263 5011 5720 5395 5529 5339 5177 5566 4839 5451 5294 5052 5674 5439 5534 5240 5110 5010 5757 5023 4755 5240 5347 5367 5499 4988 5369 5597 5618 5492 5323 5197 5362 4648 5166 5405 5112 5035 5225 5195 4852 5530 5621 5712 5199 5251 5170 5162 5114 5528 5506 5239 5267 5715 5273 5103 5350 4991 4941 5341 5308 5453 5691 5258 5407 5489 5041
4708 5053 4889 5110 5127 5082 5022 5154 4841 4963 5139 5184 5127 5280 4639 5007 5080 5418 5072 5047 5101 5171 5334 4918 4794 5149 4752 4959 4965 4923 5436 5508 4842 5067 5249 4952 4826 5121 4937 5284 5312 4904 4776 4872 4840 4674 5096 5208 4964 5026 5078 4882 4998 4994 4962 4883 5440 4838 5182 5050 5240 5395 4844 4903 4936 4567 4823 5359 4786 4878 4858 4333 4822 5117 4929 5362 4371 4988 4987 5101 4793 5317 4905 4935 4752 5111 4881 5291 5224 5114 5066 5377 4752 4988 4788 5039 4988 4889 5109 5084 4973 4956 5288 5083 4921 4959 5004 5123 5105 4915 4638 5094 4853 5601 5121 5385 4961 5017 4830 5183 5147 4981 4364 4982 4940 4504 4713 5366 5105 4747 5382 5139 4973 4789 5129 4935 5249 5202 4748 5263 5086 5220 5614 5092 4941 5496 4929 5071 5291 4931 5437 4968 5298 4475 5091 4987 5090 5027 4957 5272 5125 4911 4787 4930 5126 5317 5054 5673 5057 4616 5009 4700 5051 5267 4719 5017 5074 5134 5138 5144 5347 5317 5155 5244 5017 4791 5275 4442 4615 5107 4372 5335 5276 4990 5034 4959 5002 4262 4855 4942 4528 5038 5240 5071 4748 4713 4636 5213 4725 4642 5250 4888 5197 4852 4721 5097 5265 4981 4956 5069 5020 4756 4718 5012 4922 4538 5034 5251 5011 4564 5264 5388 5345 4945 4922 5035 4967 4938 5301 5206 4773 4989 5051 4991 4690 5008 4817 4854 5016 5130 5001 5341 5046 4630 5347 4656
4819 5198 5133 5692 5699 5206 5310 5404 5076 5202 5139 5638 5183 5948 5026 5518 5506 5570 5698 5395 5461 5441 5387 5347 5413 5456 5029 5229 5317 5321 5805 5643 5079 5348 5679 5442 5354 5414 5319 5433 5751 5284 5082 5223 4893 5133 5018 5577 5161 5526 5523 5355 5402 5319 5237 5416 5843 5084 5867 5294 5290 5763 5234 5139 5368 4972 5298 5254 5359 5116 5070 4657 5337 5199 5484 5472 5005 5062 5362 5472 5283 5401 5187 5180 5050 5495 5067 5732 5535 5200 5504 5213 4781 5478 5006 5561 5224 5026 5144 5336 5308 5463 5360 5560 5509 5207 5379 5353 5236 5403 4977 5373 5282 5531 5458 5599 5332 5129 5363 5125 5646 5119 4829 5366 5217 5075 5419 5861 5452 5357 5407 5695 5347 4923 5301 5432 5756 5741 5184 5383 5659 5698 5610 5516 5194 5648 5172 5190 5563 5498 5527 5100 5807 4809 5317 5454 5605 5063 5408 5649 5372 5235 4955 5291 5554 5425 5405 5841 5378 4917 5313 5141 5361 5680 4986 5243 5367 5401 5509 5306 5244 5641 5233 5590 5012 5186 5681 4778 4750 5516 4715 5697 5331 5326 5273 5219 5623 4768 5175 5300 4884 5366 5413 5483 5315 4853 4928 5637 5244 4772 5214 5513 5241 5380 4923 5112 5727 5294 5738 5166 5042 5236 4830 5117 5364 4925 5035 5276 4969 4827 5331 5586 5702 5081 5308 5399 5435 4956 5586 5435 5299 5294 5395 5159 5007 5419 5127 5262 5375 5103 5194 5626 5219 5399 5535 4933
5133 5268 5265 5390 5342 5279 5335 5159 4948 5177 5200 5347 5222 5399 5290 5219 5420 5768 5240 5206 4991 5621 5723 5245 5047 5515 5190 5341 5047 5274 5707 5502 5066 5547 5421 5205 4977 5337 5227 5296 5450 5122 5283 5129 5104 5066 5142 5501 5335 5265 5358 5164 5295 5170 4925 5121 5893 4952 5353 5316 5389 5609 5019 5119 5600 4811 5003 5312 5238 5180 4877 4623 5291 5096 5332 5463 4850 5152 5336 5590 5086 5145 5317 5262 5089 5288 5067 5669 5136 5216 5580 5474 4813 5317 4858 5257 5156 5167 5137 5178 5289 5201 5449 5203 5151 5426 5420 5284 5306 5237 5040 5105 5136 5688 5424 5751 5159 5259 5204 5294 5655 5214 4908 5191 4979 5042 5268 5558 5208 5224 5314 5448 5257 4775 5092 5134 5522 5513 4807 5105 5481 5386 5479 5349 5240 5495 5078 5355 5597 5340 5535 5087 5843 4766 5407 5425 5502 5227 5337 5567 5595 5463 4898 5407 5340 5542 5132 5656 5076 5115 5006 4991 5359 5536 5213 5204 5331 5186 5327 5158 5208 5597 5065 5719 5065 5406 5470 4527 4887 4992 4918 5386 5586 5330 5439 4930 5498 4917 5243 5258 4892 5218 5278 5526 5256 5172 4479 5353 5148 4737 5435 5137 5270 5147 4742 5011 5719 5216 5304 5354 5090 5026 4964 5267 5232 4616 4901 5006 5085 5017 5338 5435 5552 5153 5209 5123 5094 5160 5409 5260 4873 5370 5130 5204 5087 5320 5257 5214 5275 5069 5092 5514 5329 4993 5604 4701
4869 5337 5453 5257 5215 5454 5024 5262 4952 5036 5336 5532 5049 5674 5147 5159 5251 5671 5287 5310 5375 5320 5553 5225 5049 5243 5072 5512 5393 5346 5827 5434 5107 5821 5443 5126 5344 5636 5159 5208 5444 5183 5216 5135 5291 5011 5224 5273 5271 5394 5461 5383 5457 5221 5338 4911 5453 4953 5402 5451 5458 5663 5088 5265 5507 4859 5030 5088 4984 5145 5247 4695 5325 5145 5450 5719 4888 5108 5214 5869 5240 5362 5187 5243 5117 5190 5043 5524 5326 5112 5434 5402 4883 5524 5099 5421 5181 5382 5061 5276 5008 5304 5312 5199 5052 5172 5491 5172 5455 5554 5275 5382 4998 5608 5424 5624 5156 5117 4885 5315 5466 5281 4882 5143 5134 4973 4923 5698 5030 5307 5353 5581 5396 4758 5298 5082 5557 5751 5018 5288 5291 5686 5605 5247 5088 5680 4798 5193 5656 5278 5682 5326 5863 4751 5284 5610 5561 5197 5313 5501 5438 4975 4997 5398 5091 5460 5242 5998 5056 4952 5361 5063 5545 5391 5058 5363 5272 5594 5232 5309 5167 5871 5240 5623 5028 5306 5626 4927 4942 5228 4633 5691 5692 5264 5391 5167 5631 4625 5091 5356 4763 5318 5568 5616 4964 4818 5003 5229 5084 5069 5470 5365 5413 5229 4910 5195 5638 5580 5485 5272 5320 5296 5109 5142 5100 4697 5040 5353 5149 4823 5453 5960 5393 4947 5363 5158 5287 4998 5474 5340 5069 5105 5344 5155 4955 5560 5087 4996 5194 5158 5149 5800 5325 5144 5407 4631
4928 5298 4984 5431 5296 5095 5089 5162 5021 5099 5148 5411 5132 5650 5079 5203 5418 5705 5182 5622 4997 5450 5270 5201 5095 5262 5185 5382 5377 5399 5540 5425 4955 5168 5351 5284 5353 5422 5094 5433 5371 5169 5141 5243 5042 5146 5267 5181 5412 5147 5350 5002 5431 5215 5315 5206 5394 5076 5596 5300 5117 5487 5205 5241 5205 4796 5157 5325 5025 5093 5204 4569 5259 5372 5624 5425 4815 5088 5298 5740 5079 5431 5304 5126 4907 5257 5065 5262 5104 5027 5353 5559 4808 5470 4786 5220 4908 5338 5025 5098 5166 5122 5738 5354 5191 5349 5331 5273 4987 5114 4859 5294 4791 5196 5277 5447 5219 5239 5068 5272 5448 5168 4827 5173 5209 4975 5025 5728 5281 5067 5468 5332 5392 4994 5188 4995 5519 5283 5032 5171 5480 5640 5612 4962 5089 5508 4825 4916 5431 5314 5590 5013 5529 4677 5479 5222 5314 5308 5353 5537 5449 5325 4808 5116 5115 5545 5137 5479 4908 4685 5140 4896 5156 5500 5145 5305 5065 5115 5177 5694 5139 5445 5028 5520 5196 5089 5577 4774 4710 5105 4676 5661 5594 5353 5338 4834 5586 4728 5167 5169 4819 5304 5539 5551 4895 5002 4697 5487 4976 4791 5186 5178 5355 5074 4829 5072 5490 5389 5419 5355 5195 5125 4676 5236 4912 4473 5139 5357 5058 4817 5458 5792 5114 5271 5658 5085 5289 5007 5553 5255 4890 5229 5339 5275 4846 5262 4816 5175 5327 5188 5185 5631 5487 5170 5251 4773
4660 5234 5138 5033 5072 4703 4897 5161 4737 4664 4935 5263 4890 5493 5099 4896 5206 5367 5109 4903 4889 5184 5101 4769 4935 5147 4866 5065 5035 5002 5467 5070 4640 5222 5009 4863 4857 5255 5099 5058 5048 5084 4833 4861 4840 4681 5186 5172 4835 4762 5202 5136 5246 4921 5126 4721 5282 4460 5175 5095 5055 5592 4630 4863 5171 4530 4751 4880 4862 4901 4969 4265 5101 5026 5007 5272 4741 4961 4954 5405 4610 4908 5272 5096 4645 5033 4891 5067 4970 5094 5310 5202 4678 5098 4757 5114 4693 4956 4712 5155 4758 5078 5322 5009 4973 5029 5106 4850 5194 5054 4723 5095 4569 5154 5173 5175 5077 4986 4849 4924 5206 4849 4278 5081 4705 4759 4779 5224 4829 5100 4940 5245 5047 4624 5052 4947 5405 5253 4792 5285 5119 5279 5232 5191 4755 5179 4745 5106 5409 5020 5304 4978 5467 4354 5063 4986 5165 5124 5277 5461 5108 4817 4641 5201 4895 5045 5137 5814 4798 4453 4831 4678 5275 5423 4864 5126 4809 5140 5201 4921 5052 5409 4744 5265 4672 4876 5522 4548 4614 5055 4301 5424 5252 4983 5060 4941 5210 4379 5099 4806 4598 4925 5207 5025 4714 4794 4554 5118 4811 4748 4974 4920 5286 4838 4745 4781 5226 5117 5210 4916 5092 5248 4571 4724 4751 4445 4767 4937 4707 4821 5234 5386 5079 4842 5218 4910 4834 4705 5033 5226 4948 4853 5016 4792 4687 5438 4679 4848 5093 4643 4980 5287 5149 4990 5123 4497
5176 5151 5202 5080 5337 5163 5079 5230 4766 4831 5222 4978 5016 5343 5074 4913 5209 5675 4910 5122 4969 5314 5123 4921 4822 5020 5309 5297 4865 5031 5637 5557 4715 5172 5101 5203 5065 5316 5277 5020 5371 5058 4965 4909 5142 5039 5031 5153 5419 4931 5315 5128 5046 5093 4812 5220 5532 4639 5194 4940 5132 5211 4768 4786 5139 4445 5029 5118 5027 5240 5176 4710 5323 5064 5335 5423 4522 4787 4972 5367 4924 4988 5118 5209 4794 5069 4950 5490 5097 4980 5321 5017 4789 5137 4747 5337 4952 5169 5055 5351 5003 4893 5457 5190 5091 5353 5370 5155 5156 5178 4697 5352 4757 5440 5386 5446 5144 5064 5078 4937 5236 4902 4739 5026 4979 4942 4941 5441 4727 5068 5128 5236 5091 4731 5085 4931 5283 5248 4778 4943 5442 5260 5327 5319 5126 5456 5068 5087 5291 5129 5557 4973 5615 4499 5330 5334 5482 5003 5160 5371 5460 5039 4813 5044 5107 5229 5351 5543 5157 4897 5120 4923 5341 5525 4605 5101 5275 4895 5513 5068 5521 5382 5163 5569 4913 5299 5021 4689 4697 4913 4653 5339 5679 5189 5306 4833 5286 4468 5189 5240 4941 5275 5252 5460 4805 4920 4536 5348 4717 4542 5041 4993 5071 4978 4741 5176 5421 5268 5144 5077 5051 4909 4479 4765 5034 4583 4939 5168 4945 4752 5107 5531 5254 5000 5212 5099 5083 5071 5219 5113 4837 5449 5250 4608 4824 4841 4844 4949 5308 5464 5077 5390 4917 5196 5433 4875
5111 5161 5389 5484 5232 5152 5096 5363 5073 4876 5525 5231 5253 5549 5113 4907 5202 5642 5416 5349 4975 5505 5347 5017 4961 5433 4869 5394 5234 5394 5320 5254 5015 5395 5233 5392 5275 5289 4986 5155 5370 5124 4986 5168 5131 4974 5359 5405 5263 5167 5314 5135 5395 5212 5369 5028 5812 5007 5239 5357 5343 5582 4875 4854 5387 4934 5120 5182 5034 5288 5585 4551 5282 5181 5469 5510 4958 5083 5101 5661 5220 5256 5223 4825 4821 5265 4956 5593 4989 4964 5251 5708 4831 5511 4727 5108 5162 5542 4873 5298 5166 5188 5535 5285 5085 5089 5255 5178 5196 5276 4713 5529 5122 5432 5210 5507 5397 5293 4973 5297 5781 5180 4921 5253 5085 5066 5224 5414 5264 5134 5105 5285 5321 4801 5266 5187 5460 5401 4919 5164 5178 5633 5750 5285 4998 5679 5099 5303 5492 5168 5431 5165 5571 4788 5370 5043 5437 5347 5340 5666 5429 5380 4753 5010 5352 5683 5127 5673 5127 4879 5172 5045 5198 5568 5196 5244 5252 5430 5661 5382 5011 5665 5159 5438 5105 5261 5294 4852 4980 5073 4691 5370 5629 4999 5103 5094 5599 4787 5199 5313 4653 5090 5467 5562 4969 4909 4769 5331 4961 4850 5496 5122 5195 5006 4702 5067 5441 5333 5491 5311 5274 5217 4719 5022 5372 4873 4831 5142 4994 4953 5347 5893 5390 5285 4997 5276 5126 5149 5333 5295 5035 4981 5477 5052 4717 5174 5165 5035 5190 5155 5248 5531 5283 5033 5444 4614
4786 5132 5450 5656 5356 5319 5232 5318 4911 5059 5481 5540 5277 5981 5068 5332 5373 5652 5576 5371 5230 5741 5357 5283 5141 5311 5184 5436 5239 5451 5853 5642 4969 5427 5318 5397 5578 5685 5155 5590 5295 4958 5232 5173 5262 5009 5070 5486 5260 5296 5379 5571 5422 5083 5146 5128 5936 5151 5805 5388 5414 5717 5051 5256 5377 4878 5052 5269 5121 5223 5228 4439 5587 5230 5581 5548 4834 4904 5529 5535 5115 5281 5174 5273 5175 5108 5178 5657 5149 5421 5478 5630 4769 5396 4955 5224 5144 5298 4912 5527 5366 5482 5542 5529 5214 5173 5225 5378 5488 5183 4796 5501 5358 5466 5379 5409 5348 5118 5075 5368 5797 5260 5185 5352 5310 5249 5224 5727 5219 5461 5445 5537 5329 4684 5189 5304 5642 5625 5129 5348 5594 5685 5692 5298 5220 5508 5125 5331 5519 5201 5540 5133 5790 4882 5291 5261 5443 5233 5314 5577 5851 5266 5196 5100 5492 5599 5202 5627 5249 5283 5203 4857 5340 5580 5147 5277 5254 5344 5476 5154 5168 5511 5286 5607 5192 5318 5483 4721 5091 5177 4677 5143 5486 5252 5254 5192 5463 4812 5353 5308 4578 5421 5849 5603 5306 5098 4809 5771 5341 4949 5497 5262 5427 5184 5007 5184 5706 5441 5501 5355 5073 5074 4847 5149 5356 4642 5059 5220 5305 4791 5281 5740 5437 5106 5359 5399 5006 5142 5258 5237 5297 5274 5588 5005 5108 5482 5058 5228 5144 5362 5131 5661 5193 5382 5654 4963
4903 4725 5012 5005 4871 4930 4744 5157 4798 4646 4998 4990 4689 5157 4629 5086 5037 5426 4811 4872 4760 5079 5000 5075 4700 5057 4995 5201 4922 4715 5457 5257 4603 5065 4996 5012 5139 5078 4778 4849 5101 4675 4850 4799 4988 4676 4692 5044 4834 5154 4906 4641 4695 4860 4918 4842 5126 4643 5019 5187 5047 5182 4636 4797 4925 4537 4843 4898 4756 4996 4782 4395 4948 4934 4931 5112 4553 4762 4949 5181 5003 4895 5051 4856 4795 4864 4618 5452 4680 4612 5004 5095 4211 5109 4452 4930 4900 4933 4783 4990 4708 4639 5075 4951 4907 5093 4787 4989 4931 5023 4586 5107 4713 5223 4993 5169 4848 4761 4732 4943 5040 4802 4606 4715 4952 4587 5093 5193 4724 5124 4901 5109 5006 4307 5056 4847 5293 5044 4595 4904 5222 5141 5102 5004 4873 5422 4885 5129 5182 4891 5115 4889 5243 4162 5059 4888 5042 4852 4934 5469 5299 4778 4401 4870 4847 5047 4786 5470 4963 4534 4861 4752 4800 5254 4574 5025 4827 5086 4993 4812 4887 5020 4907 5036 4797 4905 5145 4363 4502 4957 4180 5130 5063 4913 4919 4738 5167 4464 4916 4937 4524 4896 5081 5035 4521 4559 4530 5347 4621 4598 4885 5048 5133 4877 4424 4811 5186 4942 5055 5070 4868 4764 4604 4926 4881 4426 4528 4777 4966 4449 5119 5173 5280 5004 5030 4826 4792 4718 5122 4937 4811 4878 5044 4832 4661 4920 4707 4765 4777 5130 4943 5136 4668 4971 5405 4322
4659 5136 5061 5003 4990 5065 5191 5232 4908 4779 4955 5247 5142 5393 4935 4967 5075 5251 5045 4987 4861 5360 4988 4681 4933 5360 4900 5241 4627 4744 5314 5394 4747 5309 5363 5377 4782 5029 5026 5197 5278 5102 4994 4658 5084 4900 5146 5199 5070 4965 5050 5383 4972 5003 4865 4884 5411 5155 5189 4942 5073 5370 4807 4826 5142 4636 4700 5358 5007 5126 4939 4462 5128 5058 5088 5255 4482 4930 4799 5296 4797 4787 5330 4979 4539 5144 5108 5270 4960 5165 5103 5471 4689 5170 4617 5210 4904 4853 4844 5159 4595 4978 5075 5134 5063 4973 4955 4856 5219 4980 4933 5190 4445 5466 5016 5305 5131 5027 4816 5170 5272 4770 4583 5073 4811 4763 4766 5505 4875 5031 5079 5054 5064 4548 5197 5043 5347 5030 4711 5087 5071 5293 5122 5224 5051 5272 4680 4969 5440 5200 5422 4974 5308 4591 5154 5249 5194 5051 4999 5430 5362 5118 4680 5132 5010 5186 5083 5687 4951 4879 5083 4833 5257 5270 4742 4826 4962 5359 5325 5194 5151 5261 4852 5346 4906 5169 5249 4696 4792 4969 4483 5219 5348 4819 5048 4677 5287 4507 4921 4918 4774 4960 5240 5270 4849 4975 4627 5177 5037 4552 5228 4553 5186 4985 4815 5143 5216 5275 5304 4967 4976 5111 4494 4879 4739 4473 4798 5092 4884 4738 5240 5372 5197 4878 5190 4938 4856 4762 5125 5114 4773 5009 5130 4861 4703 5145 4830 5044 5229 4888 5035 5295 5231 5035 5584 4706
4731 5164 5133 5142 5203 4927 4875 5156 4652 5038 5026 5167 5083 5298 5171 4924 5224 5507 5126 4975 4728 5102 5515 5103 4985 5233 4960 5239 5082 5067 5480 5235 4752 5316 5410 5112 5085 5167 5110 4873 5278 4767 5020 4819 5089 4860 5023 5179 5140 5091 5288 4886 5046 4899 4808 4758 5302 4736 5297 5263 5049 5633 4942 5050 5120 4469 4812 4837 4981 4948 5005 4290 5390 5032 5321 5384 4746 4893 5196 5179 5041 4965 4820 4999 5017 5196 4647 5164 4760 4818 5248 5226 4544 5149 4738 5146 5061 4904 4986 5101 5059 4953 5085 5090 4832 5355 4937 5094 5318 5030 4896 5254 5100 5214 5193 5259 5203 4944 4914 5104 5399 5001 4932 5109 5027 4874 5035 5315 5017 5301 5058 5382 5395 4452 5000 5108 5499 5248 4828 5072 5119 5499 5240 5097 5103 5334 4867 4809 5389 5039 5395 5265 5432 4509 5137 5268 5376 4846 5143 5124 5533 4932 4699 4965 5004 5309 5049 5618 5159 5048 5210 4888 5209 5279 4783 5361 4886 5250 5135 5080 5151 5482 4835 5415 4668 5204 5173 4505 4826 4990 4545 5314 5263 4789 5311 5066 5235 4676 5165 5327 4944 4981 5332 5313 4988 4802 4747 5541 5002 4518 5085 4761 5188 5028 5032 4873 5562 5193 5389 5070 4874 4928 4605 4941 5134 4449 4605 4990 4849 4561 5278 5383 5391 4767 5027 4924 4785 4745 5165 4872 4791 5032 5257 4855 4931 5253 4779 4963 5122 4690 4876 5227 4960 4977 5499 4472
5316 5489 5481 5631 5641 5732 5629 5406 5484 5332 5731 5643 5177 6137 5336 5258 5530 5923 5599 5371 5485 5569 5631 5211 5381 5684 5325 5316 5393 5403 5840 5605 5282 5644 5853 5636 5476 5579 5200 5504 5653 5417 5242 5157 5370 5244 5508 5564 5543 5519 5463 5293 5531 5311 5422 5155 5907 5094 5816 5547 5284 5743 5318 5251 5416 5073 5397 5564 5435 5475 5450 4746 5438 5501 5818 5590 5207 5256 5462 5351 5265 5347 5564 5414 5032 5602 5510 5680 5649 5438 5808 5698 5146 5438 4952 5684 5349 5191 5219 5521 5426 5550 5626 5630 5450 5684 5730 5443 5597 5382 4986 5789 5595 5716 5649 5742 5515 5550 5225 5640 5795 5264 5039 5657 5346 5428 5588 5851 5614 5517 5527 5409 5816 5098 5461 5329 5821 5756 5158 5395 5304 5955 5673 5361 5665 5882 5052 5312 5952 5547 5861 5548 5811 4889 5643 5249 5736 5461 5494 5588 5953 5594 5201 5705 5589 5450 5338 5934 5314 5175 5367 5249 5511 5777 5442 5511 5847 5698 5558 5556 5756 5971 5369 5822 4990 5140 5701 5195 5163 5310 5122 5638 5942 5485 5485 5215 5377 4973 5429 5416 4903 5570 5914 5603 5393 5172 4994 5843 5068 4944 5503 5685 5463 5408 5023 5499 5825 5804 5462 5785 5071 5248 4933 5475 5415 5025 5272 5541 5203 4980 5675 5982 5748 5209 5562 5522 5460 5439 5801 5714 5309 5735 5276 5271 5441 5676 5094 5311 5312 5485 5398 5860 5532 5397 5726 5148
4910 5037 4953 4958 5300 5051 4801 4987 4669 4882 5196 5187 5083 5222 5050 4758 5207 5424 5133 5021 4993 5220 5214 4991 4884 5151 4856 5101 4883 5059 5583 5097 5070 5163 5056 4912 5089 5237 4904 5061 5229 4852 4853 4878 5130 4697 4750 5252 4970 5097 4997 4977 4896 4875 4848 4945 5292 4600 5223 5117 5226 5515 5040 4556 5216 4710 4996 5138 4683 4925 4872 4414 4888 4948 5093 5315 4741 5163 5016 5390 4930 4909 5060 5102 4788 4913 4969 5365 5171 4803 5320 5104 4663 4927 4917 5265 4818 4921 4731 5055 4828 5107 5172 5119 4996 5084 5051 5139 5017 5098 4759 5242 4859 5340 4881 5435 5097 4769 4827 5044 5224 4926 4734 5049 4890 4882 5206 5345 4839 5354 5227 5467 5368 4608 5092 5177 5288 5440 4888 4919 5210 5331 5445 5082 4897 5481 4831 4869 5415 5156 5533 4859 5514 4608 5171 4979 5325 4925 5020 5220 5242 5002 4723 5162 5123 5143 4900 5478 5142 4817 4837 4919 5043 5218 4839 5109 5094 5193 5379 5037 4879 5390 4858 5462 4670 4962 5403 4447 4514 4970 4632 5317 5368 5060 4980 4816 5202 4405 5110 4986 4861 5110 4776 5182 4902 4821 4437 5235 4656 4519 5195 5085 4864 5147 4776 4862 5512 5178 5229 4951 4925 4743 4509 4702 5023 4503 5013 4991 5010 4316 5360 5337 5407 4972 4928 5112 4813 4772 5173 5217 4948 5085 5131 5027 4673 5019 4863 4849 4996 4811 5149 5204 4937 4872 5256 4603
4705 5075 5053 4960 5109 4862 5001 4998 4862 4616 5041 5053 4979 5168 4534 4908 4984 5109 5390 5026 4665 5260 4910 4719 4831 4897 4533 5036 4627 4791 5193 5137 4798 5219 5074 4711 5166 5104 4698 5008 5473 4947 4791 4749 4681 4622 4781 5038 4836 4843 5046 5143 4909 4838 4792 5065 5263 4860 5200 4941 4821 5262 4678 4716 4905 4710 4749 4929 4898 5001 4913 4298 4808 5054 5064 5152 4673 4623 4911 5198 4788 5001 4974 4915 4648 4871 4572 5217 4656 4972 5162 5138 4396 5003 4575 4747 4840 4877 4697 4813 4958 5036 5260 5060 5018 4908 5117 4810 5104 5078 4639 5068 4531 5060 4908 5221 4695 5168 4799 5054 4961 4586 4595 4931 4458 4735 4778 4966 5042 4800 5089 5016 5295 4520 4939 4617 5335 5077 4693 4914 5034 4840 5267 5052 4878 5204 4829 4921 5127 4899 5141 5011 5262 4255 4964 4670 5178 4722 5117 5175 5157 4875 4639 4784 4900 5163 5200 5350 4972 4717 4845 4651 4929 5090 4789 4975 4863 5120 4967 4791 4957 5245 4771 5054 4781 4814 5225 4558 4681 4794 4577 5018 5055 4800 4728 4771 5002 4330 4904 4843 4548 5025 5178 5371 4640 4524 4400 5099 4685 4389 4741 5012 4875 4782 4242 4699 5187 4817 4895 5218 4833 4539 4727 4778 4973 4301 4401 4966 4767 4399 5052 5024 5020 4658 4999 4891 4850 4674 5264 5148 4794 4787 4890 4922 4480 5025 4582 4821 4608 4889 4862 5281 4719 4866 5162 4524
5247 5629 5203 5406 5451 5276 5277 5508 5153 5359 5306 5498 5274 5807 5287 5350 5557 5893 5563 5365 5170 5572 5714 5229 5511 5617 5196 5554 5338 5187 5805 5858 5148 5816 5524 5348 5402 5463 5233 5454 5641 5640 5306 5350 5576 5139 5447 5715 5518 5374 5626 5427 5406 5349 5445 5360 5909 5088 5631 5563 5393 5850 5135 4985 5711 4995 5108 5756 5350 5428 5329 5038 5571 5383 5562 5818 5188 5377 5468 5719 5237 5607 5504 5286 5053 5653 5195 5474 5377 5371 5653 5551 5137 5602 5230 5365 5259 5272 5045 5691 5296 5370 5753 5491 5586 5495 5469 5464 5556 5558 5112 5690 5078 6024 5357 5775 5351 5692 5206 5372 5724 5281 4920 5484 5371 5338 5247 5947 5322 5672 5427 5624 5541 5150 5595 5307 5839 5657 5104 5348 5254 5543 5511 5478 5476 5786 5247 5437 5262 5386 5729 5584 5661 4999 5494 5537 5434 5412 5536 5733 5543 5365 4948 5391 5453 5704 5720 6044 5358 5047 5381 5122 5529 5912 5462 5435 5536 5514 5610 5375 5557 5986 5484 5747 5198 5358 5770 4976 5019 5171 4852 5796 5676 5463 5345 5395 5568 4829 5480 5418 5121 5326 5388 5669 5155 4994 4949 5659 5237 4884 5502 5264 5489 5034 5133 5301 5624 5687 5502 5610 5367 5353 4895 5177 5214 4966 5145 5452 5029 5017 5776 5796 5785 5264 5564 5230 5204 5116 5554 5497 5324 5262 5461 5414 5006 5472 5243 5089 5205 5195 5411 5726 5599 5308 5619 4829
5401 5453 5382 5581 5668 5535 5566 5737 5149 5216 5849 5868 5367 5903 5283 5523 5635 6116 5696 5639 5380 5718 5816 5474 5492 5673 5164 5445 5465 5550 5989 5878 5214 5823 5819 5731 5708 5597 5343 5702 5773 5371 5373 5185 5524 5299 5500 5698 5665 5497 5741 5735 5637 5382 5386 5473 5994 5313 6151 5651 5755 5928 5406 5587 5687 4986 5409 5533 5588 5696 5592 4636 5664 5830 5694 5825 5286 5365 5432 5732 5256 5422 5672 5601 5359 5618 5499 5699 5320 5379 5611 5608 4934 5584 5151 5519 5534 5336 5503 5532 5412 5432 5812 5822 5610 5579 5426 5483 5753 5699 4906 5654 5445 5691 5781 5854 5741 5551 5246 5723 5856 5577 5173 5428 5375 5431 5262 5868 5646 5561 5618 5637 5812 5192 5576 5223 6015 5580 5361 5610 5521 5845 6018 5381 5502 5880 5251 5488 5941 5675 5814 5431 5896 4927 5607 5710 5792 5371 5386 5654 6024 5511 5127 5505 5559 5518 5814 5842 5597 5473 5386 5109 5665 5953 5437 5397 5495 5792 5880 5536 5460 5815 5293 5925 5382 5514 5794 5042 5182 5721 5071 5786 5934 5284 5754 5478 5660 4863 5572 5671 5163 5432 6066 5669 5331 5310 5241 5866 5341 5210 5370 5587 5695 5495 5281 5487 5894 5821 5731 5715 5279 5583 5162 5172 5492 4859 5308 5493 5293 5089 5775 5716 5545 5435 5851 5366 5593 5420 5743 5452 5590 5545 5658 5262 5167 5612 5559 5410 5520 5242 5320 5696 5439 5441 6088 5152
5246 5603 5507 5888 5682 5262 5382 5340 5272 5270 5542 5615 5238 5942 5250 5414 5469 6021 5551 5623 5403 5779 5764 5477 5457 5764 5162 5410 5231 5429 6060 5772 5375 5490 5695 5606 5531 5751 5157 5490 5642 5491 5440 5483 5658 5326 5361 5567 5467 5452 5691 5532 5686 5296 5289 5332 6053 5211 5700 5665 5609 5925 5222 5281 5758 4862 5373 5603 5469 5507 5445 4689 5668 5645 5694 5667 4972 5332 5398 5737 5571 5224 5397 5421 5189 5684 5394 5951 5430 5525 5688 6078 4775 5621 4974 5620 5568 5553 5495 5481 5466 5532 5610 5350 5541 5513 5592 5613 5873 5776 5018 5861 5449 5886 5687 5891 5545 5463 5502 5768 5981 5287 4944 5569 5264 5395 5307 6026 5637 5403 5702 5466 5294 5076 5503 5269 5793 5955 5254 5335 5763 5855 5877 5596 5385 5978 5448 5475 5990 5351 5840 5348 6022 5048 5132 5456 5763 5165 5534 5685 5566 5449 5270 5605 5568 5575 5453 5776 5703 5331 5425 5315 5508 5881 5403 5476 5492 5792 5761 5651 5523 6147 5382 5839 5173 5436 5675 5063 5000 5663 4792 5676 5893 5426 5558 5177 5648 4951 5535 5344 5077 5655 5626 5823 5381 5134 4832 5779 5162 5184 5480 5569 5358 5501 5053 5335 5742 5507 5700 5492 5563 5209 5133 5430 5514 4822 5418 5628 5407 5055 5674 6071 5742 5292 5759 5504 5309 5464 5391 5539 5564 5387 5625 5564 5258 5640 5277 5596 5492 5695 5594 5766 5468 5287 5897 4934
4902 5268 5327 5146 5058 5046 5047 5001 4900 4971 5046 4897 4969 5293 5093 4903 5166 5294 4906 5102 4945 5272 5214 4992 4876 5210 4970 4863 4932 5168 5520 5435 4850 4875 5193 5385 5038 5053 4679 5198 5440 4806 4756 4899 5099 4838 5151 5127 5278 4897 5070 4987 4947 4891 4978 4925 5552 4911 5173 5137 5251 5353 4810 4912 5113 4566 4808 5280 4999 5040 5223 4552 5079 5195 5013 5188 4650 4835 5093 5101 4837 4918 4921 4923 4791 5304 4836 5439 5061 4969 5335 5400 4704 5133 4768 5310 5088 4909 4862 5107 4940 4834 5561 5313 4926 5197 5067 4952 5236 4903 4625 5265 4771 5314 5169 5253 5155 5043 4625 4912 5178 4762 4618 5087 4805 4727 4973 5393 4887 5157 4856 5022 5058 4619 5026 4812 5355 5027 4828 5186 5192 5402 5326 4935 5261 5478 4955 5144 5396 5110 5465 4981 5392 4373 5135 5308 5186 5094 4836 5275 5412 4707 4688 5048 4871 5094 5047 5456 5021 4867 4978 5004 5224 5244 4842 4847 4971 5323 5155 5125 5479 5539 4983 5228 4772 5119 5142 4366 4634 5040 4675 5375 5692 5093 5327 5089 5179 4509 5197 5178 4860 5103 5016 5349 4701 4856 4586 5153 4701 4715 5044 4936 5129 4903 4737 5101 5299 5281 5134 5174 5087 4955 4342 4922 5191 4553 4665 5193 5083 4463 5396 5479 5307 4637 5045 5052 4970 4924 5303 4903 5088 5064 4720 5065 4642 4945 4949 4880 4969 5027 5088 5190 5012 5127 5267 4649
4954 5307 5281 5447 5387 5193 5331 5229 5014 4864 5543 5531 5321 5689 5072 5093 5402 5645 5070 5403 5424 5676 5351 5371 5264 5404 5040 5484 5352 5350 5425 5536 5107 5550 5302 5300 5489 5243 4910 5268 5474 5380 5008 5089 5291 4870 5139 5388 5449 5239 5198 5014 5058 4921 5281 5269 5491 4930 5466 5413 5413 5577 5019 5327 5098 4917 5292 5401 5084 5189 5241 4303 5326 5191 5376 5543 4830 5042 5539 5461 5181 4889 5333 5211 5016 5187 4924 5515 5042 5329 5494 5812 4874 5342 5115 5584 5065 5153 5275 5200 5327 5167 5776 5578 5345 5198 5326 5338 5510 5090 4883 5437 5092 5420 5155 5418 5399 5260 5148 5290 5769 5148 4876 5470 5274 5006 5114 5806 5307 5319 5531 5488 5595 4866 5392 5248 5778 5591 5093 5369 5425 5816 5789 5409 5494 5904 5130 5214 5678 5440 5470 5022 5674 4527 5391 5251 5500 5236 5299 5504 5712 5311 5021 5340 5321 5721 5197 5656 5230 5034 5245 5002 5283 5887 5022 5268 5211 5399 5310 5336 5483 5593 5095 5498 4931 5049 5553 4819 4825 5239 4914 5539 5682 5250 5461 5072 5471 4703 5433 5451 4752 5246 5576 5715 5003 5208 4915 5626 5145 4916 5258 5138 5287 5037 4820 5188 5722 5198 5536 5336 5060 5307 5136 5298 5288 4604 5064 5493 5367 4957 5237 5364 5263 5094 5533 5416 5106 4875 5397 5348 5106 5196 5438 5134 5070 5299 5232 5372 5244 5272 5280 5438 5466 5363 5898 4916
4840 5265 5076 5376 5216 5138 5246 5275 4871 5034 5580 5259 5362 5535 5125 5398 5084 5790 5343 5214 5219 5550 5437 5064 4850 5179 5183 5179 5361 5292 5846 5502 5071 5458 5196 5367 5347 5431 5176 5185 5450 5321 5023 5066 5162 4978 5294 5453 5073 5205 5349 5273 5116 5022 5024 5161 5535 4932 5501 5312 5335 5725 5044 5274 5299 4848 5199 5155 5247 5164 5333 4455 5398 5250 5492 5572 4851 5014 5474 5341 4934 4969 5281 5059 5246 5048 5233 5591 4964 5057 5522 5224 4797 5400 4926 5337 5183 5214 5158 5376 4990 4957 5464 5460 5303 5137 5437 5499 5223 5127 4901 5401 4776 5410 5408 5489 5099 5348 5020 5143 5342 5344 4934 5148 4957 4917 5359 5376 5229 5349 5206 5444 5303 4896 5250 5118 5533 5237 5184 5129 5585 5513 5640 5088 5209 5685 5106 5124 5667 5286 5447 5359 5787 4790 5214 5276 5662 5203 5635 5342 5324 5205 4601 5486 5142 5616 5290 5741 5132 5007 5227 4825 5243 5437 5016 5230 5018 5335 5476 5301 5361 5570 4862 5451 5100 5206 5414 4563 4707 5306 4909 5589 5492 5032 5392 5224 5355 4536 5147 5321 5191 5153 5575 5643 4946 4975 4803 5425 5248 4877 5026 5242 5476 5315 4925 5253 5546 5622 5470 5351 5139 5482 4842 4926 5353 4959 4908 5175 4962 4690 5668 5624 5277 5084 5395 5075 5376 5101 5526 5241 5044 5445 5547 5037 4957 5309 4954 5083 4963 5162 5315 5411 5242 5184 5735 4865
5431 5258 5454 5359 5421 5630 5714 5469 5216 5158 5510 5666 5172 5756 5115 5517 5280 6017 5311 5442 5418 5708 5658 5229 5268 5396 5582 5238 5158 5048 5826 5654 5162 5569 5386 5514 5385 5497 5067 5192 5625 5379 5466 5064 5413 5092 5307 5635 5689 5484 5266 5516 5458 5169 5248 5366 6098 5075 5433 5664 5449 5780 5015 5628 5507 4970 5208 5607 5481 5638 5241 4615 5578 5288 5644 5560 4705 5079 5329 5618 5198 4967 5392 5305 5384 5384 5219 5883 5099 5269 5573 5656 4924 5551 4985 5541 5396 5248 5156 5587 5432 5240 5718 5655 5427 5100 5419 5317 5819 5427 5098 5565 5060 5608 5571 5467 5190 5276 5121 5483 5857 5225 5175 5472 5446 5324 5348 5710 5175 5369 5632 5657 5481 4773 5316 5169 5674 5599 4903 5517 5740 5706 5704 5498 5207 5628 5349 5694 5412 5586 5615 5619 5868 4742 5438 5460 5766 5414 5405 5634 5666 5549 4820 5564 5349 5706 5437 5722 5498 5544 5235 5234 5374 5603 5221 5353 5426 5589 5440 5403 5578 5788 5241 5733 5321 5363 5563 4768 5006 5352 4864 5212 5667 5217 5365 5165 5505 4768 5458 5448 5148 5553 5742 5593 5161 4964 4879 5485 5252 5165 5509 5292 5410 5433 4824 5458 5881 5554 5766 5535 5599 5205 5126 5298 5521 4892 5254 5481 5227 4918 5549 5630 5614 4972 5442 5257 5220 5193 5610 5422 5071 5396 5663 5332 5092 5444 5175 5059 5462 5521 5616 5796 5147 5150 5882 4817
4835 5175 5056 5367 5423 5099 5388 5045 5059 4849 5405 5158 4949 5723 5019 4832 5137 5318 4941 5077 5056 5391 5145 5216 5024 5183 5328 5290 4995 4928 5595 5452 4994 5072 5089 5106 5202 5068 4940 5231 5529 5225 5062 4674 5022 5029 4955 5350 4980 5161 5100 5181 5112 4762 5063 5037 5653 5070 5534 5294 5092 5923 4661 5006 5401 4836 4898 5374 5099 5183 5112 4593 5255 5315 5272 5505 4864 4889 5039 5253 5040 4932 5103 5161 4755 5138 4963 5568 4992 5128 5391 5188 4768 5337 4727 5305 4900 4958 4764 4996 5144 5120 5435 5085 5324 5079 4985 5176 4958 5065 4828 5065 5014 5298 5333 5214 5104 5133 5093 4971 5388 5081 4854 5007 5063 4850 4977 5614 4983 4856 5064 5315 5373 4835 5108 4910 5585 5321 5124 5155 5433 5440 5641 5174 5113 5158 5113 4922 5520 5256 5350 5173 5642 4720 4989 5173 5333 5095 5144 5338 5534 5102 4577 5281 5048 5338 5171 5471 5189 5045 5182 4894 5143 5413 4863 5001 5094 5309 5222 5258 5016 5584 5014 5557 4904 5249 5296 4650 4690 5220 4931 5156 5417 4977 5105 4765 5371 4679 5220 4814 5016 5138 5174 5322 4922 4872 4690 5311 4842 4774 4885 5012 5079 5312 4818 5128 5381 5115 5308 5167 5245 5013 4812 5012 4937 4644 4886 5272 5106 4577 5332 5228 5370 4688 5091 5210 5269 5022 5354 4932 4897 5435 5325 4889 4988 5362 5023 5002 4941 4798 5301 5286 5102 5048 5299 4671
5145 5404 5350 5624 5590 5782 5629 5578 4966 5444 5541 5615 5316 6075 5431 5670 5734 6115 5442 5587 5373 5731 5797 5366 5196 5492 5222 5519 5559 5712 5916 5873 5188 5524 5583 5419 5443 5785 5493 5787 5651 5128 5461 5314 5443 5239 5241 5511 5510 5624 5284 5625 5775 5348 5277 5264 6020 5579 5894 5589 5506 5902 5371 5156 5542 4990 5210 5720 5036 5354 5530 4710 5535 5640 5576 5894 4731 5379 5581 6124 5196 5615 5498 5222 5027 5547 5198 6008 5559 5322 5683 5733 5076 5843 5233 5393 5112 5403 5266 5692 5421 5493 5613 5381 5476 5651 5554 5365 5596 5355 5176 5675 5203 6007 5572 6246 5359 5305 5088 5603 5901 5158 4992 5412 5383 5305 5258 5830 5698 5357 5683 5579 5685 5046 5595 5478 5721 5763 5216 5487 5652 5843 5536 5534 5389 5975 5552 5602 5752 5551 5932 5372 6033 5167 5625 5586 5774 5228 5700 5800 5877 5334 5086 5405 5622 5925 5417 5829 5612 4969 5453 5260 5607 5901 5226 5283 5441 5804 5784 5418 5527 6016 5468 5843 5293 5471 5833 5013 4931 5605 5006 5679 5854 5522 5518 5430 5544 4970 5305 5513 5082 5678 5767 5664 5314 5114 4990 5824 5377 4807 5510 5449 5683 5561 5138 5475 5675 5464 5501 5547 5548 5330 4953 5436 5509 4867 5275 5589 5579 5086 5652 5881 5907 5254 5656 5519 5458 5305 5765 5458 5610 5534 5755 5232 5087 5446 5305 5358 5289 5297 5524 5715 5306 5319 5398 5160
4627 5476 5366 5630 5694 5670 5548 5299 5600 5173 5387 5788 5324 5910 5364 5486 5816 5937 5603 5761 5504 5760 5641 5408 5630 6098 5170 5879 5094 5290 5689 5803 5158 5616 5515 5705 5685 5520 5314 5476 6004 5254 5390 5301 5526 5252 5394 5742 5739 5467 5527 5435 5494 5229 5148 5388 5917 5214 5806 5461 5358 5939 4913 5185 5286 4899 5442 5783 5247 5178 5414 4526 5438 5248 5857 5599 5090 5160 5725 5753 5231 5374 5486 5145 5377 5456 5311 5691 5569 5516 5680 5822 5277 5547 5260 5739 5248 5565 5227 5571 5492 5565 5836 5488 5565 5438 5641 5478 5441 5377 5099 5437 5262 5847 5632 5864 5411 5446 5325 5600 5866 5225 4979 5506 5354 5504 5520 5750 5516 5507 5668 5604 5756 4799 5276 5255 6002 5746 5257 5479 5653 6029 5764 5662 5494 5782 5564 5634 5850 5487 5829 5438 5936 4792 5463 5534 5684 5198 5498 5750 5678 5218 5089 5880 5379 5730 5451 6254 5555 5134 5523 5291 5340 5744 5103 5365 5576 5427 5719 5598 5429 5931 5505 5646 5120 5673 5659 5037 5000 5579 4969 5560 5695 5516 5475 5464 5547 4853 5565 5670 4883 5570 5623 5943 5557 5099 4967 5584 5107 5184 5464 5299 5584 5321 5077 5307 5853 5609 5630 5653 5224 5406 4850 5532 5647 4940 5008 5475 5398 4958 5521 5862 5782 5305 5679 5588 5391 5433 5975 5389 5444 5481 5610 5310 5045 5636 5342 5352 5283 5424 5467 5623 5367 5415 5572 4982
4670 4970 4991 5404 5208 5059 5061 4789 4811 4734 4812 5169 5079 5400 4805 4920 5229 5373 5101 5294 4906 5398 5167 4942 4922 5348 4674 5001 4817 5027 5274 5447 4740 4962 5082 5004 4896 5079 4899 5084 5054 4798 4830 4725 5087 4680 4995 4981 4957 4958 5132 4963 5152 4715 4789 4951 5234 4863 5340 4985 5176 5463 4700 4949 4723 4483 4919 4966 4825 4807 4991 4461 4938 5060 5093 5177 4743 4657 4923 5028 5047 4858 4916 4946 4716 5129 4802 5184 4950 4947 5044 5414 4762 5010 4683 4880 4998 4849 4644 4956 4956 4747 5323 4991 4701 4851 5173 4821 5061 5075 4485 5117 4795 5184 5085 5297 5116 4924 4794 5113 5281 4835 4667 4897 4886 4779 4959 5298 4950 5255 5151 5220 5121 4562 5139 4950 5340 5228 4713 5038 4994 5592 5395 5203 4888 5278 4904 5045 5323 5057 5349 4707 5485 4583 5102 5001 5301 4924 5123 5268 4965 5110 4661 5251 4745 5126 4900 5456 5113 4799 4987 5033 4899 5182 4432 4915 5098 5263 5381 5028 5220 5523 4985 5306 4631 5018 5343 4454 4398 4998 4647 5233 5448 5020 5106 4714 5140 4302 4828 5266 4627 5192 5137 5244 4822 4822 4391 5170 4684 4553 4959 5009 5177 4774 4687 4971 5294 5097 5030 5045 4839 4845 4511 4900 5108 4503 4582 4903 4779 4324 5169 5331 5109 4825 5279 5236 4933 4719 5135 5028 4892 4883 4874 4826 4688 4833 4598 4753 5076 4986 4913 4953 4914 4876 5137 4652
4704 4824 4847 5026 5095 4961 5074 5028 5010 4824 5045 4975 4839 5266 4729 4947 5175 5407 5275 5070 4786 5176 5120 5054 4925 4954 4953 5087 4793 5000 5299 5337 4943 5331 5021 5143 5070 5027 4805 4953 5243 4916 4710 5073 4812 4812 4891 5045 4968 5099 4913 5223 4790 4987 4926 4914 5381 4753 5275 4991 5038 5165 4727 4519 5191 4453 4888 5119 4663 4998 4850 4318 5020 4953 5212 5244 4780 4796 5128 5147 4862 4982 4933 4857 4796 5007 4738 5386 4914 5209 5130 5282 4489 4983 4700 5125 4799 4872 4958 4886 4753 4731 5257 5140 5095 5076 4936 5167 5055 5048 4689 4952 4732 5368 5051 5317 5063 5016 4998 4813 5352 4841 4633 5146 4626 4720 4784 5237 5013 5051 4945 4962 4960 4622 4810 4718 5350 5071 4479 4901 4909 5161 5466 4820 4902 5381 4576 5100 5365 5071 5231 4814 5374 4351 4881 4925 5455 4972 4969 5337 5356 5052 4676 4876 5107 5197 5164 5100 4927 4749 4885 4740 5161 5342 4868 4943 5215 4929 5290 5101 5109 5150 5038 5012 4628 4871 5319 4539 4402 5175 4504 4999 5348 4907 4963 4543 5046 4529 5067 4952 4392 4823 5213 5032 4815 4723 4393 5145 4585 4650 4880 5141 5047 4821 4666 4984 5171 5135 5150 5328 4999 4783 4466 4679 4879 4509 4775 5034 4869 4661 5083 5316 5332 4787 4994 5136 4861 4650 5186 4989 4938 4935 5062 4708 4823 5047 4941 4816 4758 5097 5074 5280 5067 5162 5374 4653
4726 5149 5040 5192 4755 4806 4977 4977 4781 4702 4805 5128 4869 5414 4624 4948 4976 5138 4801 5071 4807 4990 4833 4943 4646 5120 4753 5066 4832 4974 5187 5398 4622 5060 5054 4973 4972 5269 4645 5028 5160 4879 5126 4718 4869 4828 4835 4897 5038 4886 4947 5114 4871 4664 4535 4881 5228 4719 5034 5292 5182 5458 4888 4828 5008 4640 4886 4945 4776 4985 4762 4317 5065 4884 5100 5310 4462 4710 4951 5168 4584 4982 5123 5062 4623 4719 4833 5437 5204 5019 5099 5269 4483 4930 4564 5083 4878 4860 4878 5437 4878 4793 5338 4891 4873 4971 4942 5012 4977 5019 4655 5396 4710 5083 4963 5316 5237 5008 4646 4946 5017 4799 4686 4894 4876 4833 4606 5679 5038 4965 5125 4909 5286 4457 5212 4903 5256 5081 4887 5143 4833 5258 5237 4981 4868 5261 4811 4944 5028 5080 5341 4598 5432 4646 4849 5025 5234 4883 4912 5028 5302 4877 4655 5106 4950 5143 5247 5236 5074 4880 4883 4833 5116 5336 4556 4816 4978 5003 5041 4966 4929 5119 4657 5080 4757 5078 5230 4465 4457 5138 4382 5127 5165 4947 5033 4735 5003 4503 4844 4984 4625 4770 5194 5373 5138 4733 4279 5166 4754 4580 5110 4810 5027 4869 4793 5035 5378 5203 5160 4997 4884 4762 4468 4812 4898 4528 4515 5088 4880 4409 4952 5173 5188 4824 4988 5239 4844 4442 4960 4799 5217 5271 4940 4770 4789 4993 5030 4962 4861 4996 4953 5283 4830 4943 5256 4616
4969 5233 5341 5421 5427 5069 5001 5291 5076 5003 5301 5339 4949 5800 5137 5013 5272 5638 5084 5465 4882 5472 5341 5299 5302 5349 4882 5520 5129 5424 5738 5508 4867 5078 5180 5463 5371 5541 5002 5407 5484 4798 5232 4973 5329 5118 4998 5347 5288 5232 5236 5096 5415 4927 5108 5176 5530 5237 5447 5455 5198 5637 5049 5281 5218 4774 4868 5402 5024 5317 5245 4503 5451 5290 5407 5741 4795 5066 5331 5524 5344 5161 5205 5421 5027 5412 4818 5472 5138 5465 5425 5749 4804 5379 4944 5296 5092 5294 4964 5322 4912 5360 5386 5137 5205 5007 5041 5090 5396 5148 4970 5344 4972 5435 5241 5664 5247 5049 4997 5352 5522 5434 4988 5141 5152 5239 4920 5543 5000 4971 5228 5446 5296 4346 4907 4805 5504 5465 5037 5026 5146 5479 5753 4917 5201 5418 5193 5002 5736 5251 5367 5277 5573 4677 4968 5462 5449 5000 5410 5481 5674 5035 4850 5088 5135 5241 5239 5551 5257 5052 5370 4940 5314 5546 4896 5085 5091 5532 5265 5270 5225 5529 4910 5373 5110 4993 5434 4794 4749 5189 4729 5403 5386 5329 5054 4983 5257 4654 5235 5237 4784 5098 5110 5505 5224 5039 4786 5392 4983 4867 5265 5303 5403 5043 4800 5391 5374 5280 5417 5228 5479 5049 4777 5090 5080 4653 4624 5123 5269 4676 5097 5571 5160 4744 5513 5424 5074 5126 5311 5129 5247 5272 5176 5166 5073 5183 4957 5131 5015 5369 5096 5534 5186 5215 5220 4830
5214 5685 5604 5505 5872 5503 5611 5771 5520 5448 5702 5542 5548 5950 5510 5414 5755 6053 5519 5555 5295 6077 5825 5426 5542 5555 5412 5536 5475 5574 5994 5900 5291 5834 5713 5805 5591 5734 5475 5717 5831 5390 5645 5569 5267 5512 5507 5704 5500 5830 5441 5510 5635 5510 5250 5350 6003 5326 5867 5789 5569 5920 5407 5304 5681 5152 5221 5786 5417 5607 5460 4461 5620 5556 5884 5655 5120 5479 5678 5726 5153 5449 5655 5552 5286 5717 5677 5778 5685 5502 5729 5819 5122 5779 5343 5712 5235 5381 5533 5790 5332 5463 5899 5633 5517 5530 5676 5392 5626 5402 5339 5964 5202 5853 5760 5784 5560 5538 5493 5869 5816 5679 5250 5930 5421 5432 5543 6063 5415 5771 5538 5787 6103 5168 5877 5418 5992 5707 5285 5617 6069 5912 5881 5705 5553 5872 5364 5505 5967 5804 5901 5377 5970 5053 5782 5385 5968 5613 5674 5852 6076 5617 5148 5582 5610 6013 5565 6163 5585 5321 5392 5363 5681 5894 5287 5671 5572 5673 5562 5604 5735 6010 5523 5712 5308 5185 5923 5038 5090 5574 5269 5854 6140 5712 5701 5227 5829 5115 5355 5611 5284 5856 5829 6023 5252 5347 5104 5821 5442 4969 5505 5664 5529 5583 5204 5764 5911 5694 5846 5782 5564 5525 5131 5622 5580 5259 5432 5412 5447 4919 5832 5943 5703 5293 5687 5609 5547 5570 5811 5646 5171 5668 5740 5267 5327 5599 5322 5383 5631 5647 5644 5832 5459 5489 5929 5204
4713 5039 5031 5132 5261 4572 5002 5341 4598 4787 4983 5030 5065 5233 4879 4963 5186 5299 4922 5119 4931 4972 5015 4969 4955 5145 4821 5036 4975 4933 5595 5036 4903 4931 4845 5404 5241 5124 4691 4878 5309 4960 4783 4651 4795 4686 5121 5034 4998 4813 5204 4940 5095 4776 5134 5066 5055 4554 5146 5084 5043 5403 4701 4965 4903 4601 5015 5079 4788 4977 5090 4284 5244 5055 5220 5448 4632 4882 5123 5347 4929 5039 5090 4818 4725 5044 4977 5046 4888 4835 5183 5308 4420 5245 4733 4995 4737 4843 4558 4903 5019 4871 5323 5093 4991 4992 4977 4926 5148 4808 4566 5097 4572 5384 5105 5328 4930 5082 4850 4876 5060 4859 4564 4771 4717 4885 5098 5392 4864 4985 5257 5231 5060 4504 5118 4888 5225 5407 4735 5159 4908 5359 5145 4853 5048 5307 4842 4832 5169 5129 5359 5025 5229 4763 4990 4861 4964 4767 5083 5245 5176 5025 4472 4890 4765 5090 5119 5300 5206 4667 4897 4836 5045 5071 4684 5087 4769 5150 5133 5262 5084 5237 4824 5130 4713 4845 5156 4282 4750 5050 4682 5361 5143 4761 4588 4864 5276 4373 5094 5177 4672 5134 5263 5097 4591 4911 4761 5412 5027 4146 5040 5004 5144 4958 4605 4872 5142 5141 5315 5049 4780 4941 4529 4997 5075 4640 4852 4954 4880 4626 5107 5491 5293 4950 4895 4833 4728 4804 4921 4955 5002 4849 5096 5007 4720 5119 4859 4655 5060 5142 4889 5380 4861 4999 5220 4602
4680 5067 4978 5108 5317 4811 5018 5130 4664 4687 4986 5069 5093 5236 4973 5001 5146 5428 5338 5074 4913 5354 5076 4822 4737 4954 4852 5078 5094 4961 5454 5138 4605 4882 4846 5033 4935 5136 4829 4949 5225 4894 4744 4777 4726 4732 4925 5062 4954 4836 4927 4988 5066 4854 5095 5060 5350 4893 5242 5064 4916 5291 4760 4674 4974 4531 4715 4847 4768 4999 4933 4145 5014 4855 5174 5180 4723 4865 4859 5157 4879 4995 5133 5033 4667 5060 4847 5123 4923 5003 5123 5393 4492 5059 4320 5185 4835 5045 4841 5089 4985 5059 5464 4875 4886 5015 5010 4980 5199 5186 4649 5182 4598 5270 4973 5164 4998 4854 4966 5223 5258 4979 4673 5021 4893 4627 4857 5387 4967 5133 5196 5105 4877 4397 5205 4854 5250 5260 4837 4792 5038 5436 5393 5302 4950 5297 4938 4994 5236 4936 5152 4739 5394 4432 5000 4896 5313 5117 5060 5262 5225 4920 4549 4698 5015 5281 4827 5454 4813 4404 5021 4743 5101 5480 4729 4992 4730 5140 5177 4938 4793 4969 4754 5125 4926 4950 5225 4339 4889 5057 4827 5214 5221 5067 5113 4844 5037 4358 5046 4822 4552 5167 5241 5151 4705 4706 4587 5143 4749 4542 4898 5208 5211 4892 4613 4789 5257 5182 4961 4993 4840 4873 4496 4863 4784 4575 4625 4957 4851 4545 4984 5365 5098 4797 5153 5015 4729 4797 5288 5062 4799 5063 5166 5101 4718 4993 4779 4728 4926 4923 5129 5346 4842 4846 5369 4473
4888 5359 5256 5690 5345 5155 5576 5397 5099 5190 5415 5630 5165 5525 5100 5587 5312 5839 5240 5772 5263 5692 5295 5225 5361 5228 5263 5550 5195 5112 6093 5947 5112 5225 5612 5406 5558 5629 5180 5410 5602 5247 5464 5003 5455 5173 5163 5604 5457 5177 5471 5463 5379 4986 5325 5113 5795 5204 5634 5530 5566 5696 5256 5108 5409 5029 5206 5346 5388 5320 5271 4765 5423 5464 5612 5977 5045 5092 5314 5798 5273 5357 5412 5335 5213 5501 5260 5723 5264 5424 5880 5827 4949 5314 5046 5607 5305 5406 4953 5289 5265 5322 5766 5441 5376 5378 5456 5359 5631 5084 5024 5557 5154 5606 5286 5761 5257 5232 5239 5416 5507 5214 5039 5286 5168 5432 5295 5978 5305 5292 5690 5640 5524 4998 5561 5176 5836 5655 5071 5578 5462 5721 5794 5374 5302 5839 5165 5374 5837 5372 5854 5233 5759 4594 5355 5436 5704 5070 5425 5376 5632 5516 5000 5492 5374 5783 5652 5928 5583 5293 5540 5292 5716 5649 5190 5502 5358 5479 5734 5233 5563 5748 5220 5727 5142 5320 5416 4824 4847 5472 5030 5741 5257 5324 5335 5022 5381 4703 5478 5436 4880 5454 5440 5692 5311 5164 4665 5505 5287 4994 5826 5309 5434 5225 5117 5242 5989 5624 5253 5447 5321 5395 4962 5304 5318 4820 5256 5316 5230 5061 5386 5716 5405 5214 5527 5420 5365 5209 5630 5322 5307 5523 5639 5009 4894 5413 5038 5315 5497 5557 5459 5649 5516 5430 5707 4898
4696 5159 4940 4919 4980 5133 5067 5046 5005 4729 5046 5047 4998 5205 4885 4771 5074 5425 5069 4895 4971 5399 5133 4829 4825 5052 4949 5205 4757 4728 5672 5262 4662 5097 5175 4850 5074 5243 5236 4940 5160 5065 4790 4522 5121 4861 5088 5208 5016 5013 5083 4859 4965 4910 5038 4802 5330 4695 4958 5029 5128 5183 4771 4950 5271 4578 4883 5434 4850 4887 4814 4510 4954 5045 5286 5382 4351 4792 4976 5383 5023 4935 5056 4736 4922 5066 5024 5222 5083 4998 5224 5418 4700 5074 4648 5269 4923 5011 4538 5220 4832 5153 5138 4893 4928 4845 5255 4898 5018 4886 4766 5272 4575 5197 5177 5249 5013 5166 4882 5128 5302 4769 4696 5059 4942 4947 4958 5217 5095 4861 5041 5022 4989 4489 5172 4881 5209 5246 4989 4801 5105 5211 5202 5038 4896 5122 4934 4956 5191 5175 5242 5005 5501 4401 5366 4976 5390 4818 5125 5116 5311 4905 4846 5169 4974 5158 4930 5432 4882 4937 5074 4950 5252 5206 4758 4862 5061 5266 5331 4829 5208 5345 5028 5372 4951 5055 4892 4429 4605 4707 4659 5207 5323 5002 5160 4554 5206 4296 5106 4994 4713 5031 5418 5473 4848 4990 4328 5206 4777 4662 5431 4877 5045 5075 4844 5040 5473 5015 5075 4979 5042 5010 4519 5004 5039 4488 4659 5066 4868 4484 5060 5320 4960 4743 4959 5096 4928 5172 5067 5191 4737 5192 5050 4767 4708 4943 4798 4714 4988 4948 5011 5328 4957 5027 5268 4491
4907 5403 5042 5529 5183 4887 5322 5471 5295 5188 5360 5570 5229 5694 5302 5351 5383 5782 5431 5345 5383 5513 5647 5062 5238 5430 5209 5261 4986 5250 5541 5762 5128 5585 5329 5278 5428 5539 5317 5393 5745 5463 5116 5283 5153 4952 5473 5607 5329 5268 5541 5589 5474 5174 5432 5340 5932 5112 5764 5561 5404 5771 5026 5152 5413 4844 5194 5376 5122 5403 5276 4554 5509 5539 5499 5610 4876 5134 5259 5796 5208 5416 5377 5305 5147 5608 5121 5661 5290 5193 5623 5695 4943 5406 4961 5587 5117 5225 5346 5193 5331 5282 5610 5513 5508 5326 5514 5591 5606 5350 5013 5534 5075 5745 5404 5661 5401 5443 5217 5377 5630 5306 4769 5470 5138 5299 5225 5668 5465 5326 5658 5566 5664 5092 5601 5314 5630 5584 5156 5565 5746 5233 5764 5467 5256 5738 5309 5379 5515 5247 5526 5449 5916 5091 5507 5246 5760 5430 5413 5747 5475 5384 4899 5300 5452 5542 5628 5818 5552 5250 5441 5031 5345 5724 5175 5504 5731 5654 5220 5575 5600 5716 5085 5533 5035 5093 5752 4648 4791 5516 4777 5417 5419 5347 5260 5254 5494 4745 5302 5150 5004 5226 5827 5585 5333 4972 4859 5578 5310 5063 5128 5135 5413 5086 4849 5189 5672 5295 5387 5664 5399 5412 5062 5173 5317 5108 5289 5268 5294 5081 5904 5819 5647 5123 5531 5255 5400 5319 5292 5507 5411 5384 5726 5153 4692 5745 5175 5250 5156 5349 5246 5664 5294 5090 5613 5037
5012 5151 5325 5266 5632 5101 5054 5192 5119 5114 5194 5211 5132 5524 5127 5165 5194 5512 5396 5422 5163 5509 5437 5168 5041 5276 5090 5260 5126 4864 5730 5326 4947 5157 5383 5318 5077 5420 5114 5238 5546 5170 5253 4856 5044 5146 5268 5360 5560 5311 5321 5344 5276 5096 5202 4906 5348 4809 5363 5422 5169 5651 5080 5189 5334 4826 4990 5203 5089 5274 4983 4523 5262 5225 5503 5216 4703 4904 5073 5390 5139 5056 5212 5171 4894 5360 5067 5436 5349 5196 5245 5571 4544 5448 4545 5589 5074 5259 5082 5257 4909 5343 5501 5103 5251 5294 5093 5126 5392 5177 4973 5345 4891 5340 5357 5519 5015 5204 4882 5091 5565 5026 4876 5438 5014 5023 5030 5454 5208 5033 5228 5283 5271 4531 5300 5106 5436 5420 4948 5207 5520 5681 5381 5220 5334 5285 5044 4913 5602 5349 5398 5107 5677 4610 5118 5205 5479 5003 5109 5669 5467 5076 4825 5278 5000 5310 5333 5523 5347 4968 5183 4998 5078 5265 4952 5092 5205 5447 5352 5277 5093 5411 5129 5326 4900 5233 5433 4779 4484 5431 4600 5334 5324 4955 5218 5071 5306 4685 5317 5163 4902 5213 5194 5255 5091 4710 4733 5287 4756 4689 5253 5392 5112 5133 4888 5118 5323 5110 5405 5040 5204 5010 4708 4956 5191 4511 4762 5258 5018 4844 5107 5640 5239 5093 5282 5224 5365 4969 5765 5023 5197 5306 5118 5213 4701 5254 4796 4969 5164 5055 5319 5525 5255 5000 5428 4531
4984 5151 5342 5484 5190 5074 5222 5530 5086 4884 5299 5741 5255 5788 5072 5493 5450 5660 5224 5365 5280 5581 5269 5164 5306 5635 5329 5384 5331 5262 5800 5504 4959 5565 5545 5333 5570 5321 5468 5548 5321 5341 5158 5328 5204 4883 5315 5674 5233 5549 5323 5393 5097 5291 5352 5249 5962 5047 5628 5560 5428 5769 5191 5241 5517 5005 5290 5739 5318 5315 5214 4496 5372 5429 5514 5582 4855 4958 5316 5412 5114 5261 5798 5285 5064 5233 5383 5688 5251 5251 5542 5489 4901 5257 5049 5369 5133 5262 5058 5233 5039 4946 5558 5439 5399 5318 5246 5297 5626 5076 4992 5545 5233 5328 5357 5784 5393 5224 5052 5259 5386 5245 4998 5448 5284 5134 5433 5876 5225 5256 5176 5349 5523 4984 5231 5042 5612 5488 5011 5485 5447 5655 5803 5241 5331 5583 5335 5141 5620 5350 5718 5436 5624 4872 5113 5458 5654 5303 5413 5595 5732 5203 4812 5403 5440 5654 5493 5606 5275 5179 5254 4950 5571 5877 5200 5249 5192 5481 5375 5602 5458 5648 5082 5675 5248 5430 5570 5104 5068 5426 4868 5664 5671 5477 5426 5170 5629 4692 4996 5044 4841 5276 5814 5819 5115 5208 4890 5513 4999 4884 5179 5266 5352 5170 5133 5329 5867 5417 5626 5386 5036 5099 4838 5105 5446 4998 4932 5242 5158 4798 5669 5686 5300 4991 5270 5033 5119 4951 5505 5065 5167 5459 5291 5091 4898 5452 5161 5275 5141 5098 5338 5646 5370 5359 5467 4773
4731 5183 4902 5174 5046 4799 5066 5111 4808 4911 5253 5057 4837 5361 4818 5177 4820 5430 5052 5339 4904 5036 5234 5031 5135 5107 4640 5188 4891 4895 5618 5262 4825 5191 5147 5115 5065 5192 4869 4992 5438 4694 4867 4977 4995 4726 4928 4948 4892 5217 5196 5288 5327 4806 4819 4951 5445 4837 5245 5029 5223 5459 4779 4973 5156 4543 4999 5021 4717 4955 5036 4433 5064 5042 5052 5256 4510 4795 5009 5246 4749 5200 5104 4862 4804 5103 4858 5464 5159 4753 5254 5214 4713 4930 4902 5340 4903 4987 4902 4995 4904 5072 5178 5182 4952 4805 4900 4959 5196 5096 4470 5134 4777 5394 5194 5450 4843 5034 4878 5082 5297 4743 4546 4837 4732 4793 4799 5329 5129 4836 5163 5101 5130 4534 5074 4660 5434 5112 4884 5194 5023 5141 5425 5061 5001 5442 4933 4867 5109 5036 5278 4889 5471 4660 4892 5123 5385 5024 5270 5035 5206 4923 4747 5207 5147 5180 5073 5585 4885 4888 5089 4915 5333 5255 4852 4819 5106 5112 5163 4871 5016 5365 5001 5343 4868 4754 5471 4448 4667 5038 4732 5425 5202 5150 4874 4866 5132 4371 4851 5227 4874 4952 5386 5207 5090 4690 4581 5306 4627 4628 4986 4950 4999 5041 4629 4934 5355 5243 4966 5246 5127 4751 4460 4858 5089 4335 5005 5123 4934 4705 5132 5338 5115 4912 5212 5079 5063 4967 5259 4852 5026 5066 4891 4916 4838 5119 4734 4751 5073 4842 4920 5234 4852 4994 5147 4715
4772 5549 5487 5828 5780 5657 5567 5689 5305 5341 5631 5587 5606 6013 5415 5243 5687 5873 5799 5687 5378 6046 5619 5591 5341 5877 5350 5892 5325 5532 6171 5914 5317 5570 5549 5865 5873 5822 5553 5700 5831 5484 5414 5221 5513 5433 5634 5683 5746 5766 5514 5694 5597 5265 5526 5599 6013 5310 6005 5869 5660 5855 5320 5347 5760 5193 5355 5978 5486 5536 5602 4800 5695 5533 5528 5829 5294 5395 5547 5645 5386 5587 5586 5513 5357 5952 5496 6069 5373 5569 5780 6018 5179 5653 5050 5763 5648 5703 5237 5514 5598 5425 5845 5776 5687 5465 5716 5943 5837 5758 5190 5856 5296 5833 5472 5846 5667 5575 5344 5778 5797 5729 5295 5722 5423 5343 5464 5979 5474 5730 5825 5542 5683 5131 5532 5542 5899 5920 5464 5472 5695 6092 6080 5418 5569 5944 5459 5663 5747 5531 5846 5481 6090 4998 5351 5680 5913 5472 5393 5789 5718 5475 5262 5753 5541 5924 5686 6151 5719 5426 5616 5307 5415 5822 5167 5513 5481 5795 5820 5862 5703 5969 5200 5569 5292 5693 5938 5186 5113 5568 5165 5690 5990 5690 5582 5611 5740 5089 5509 5890 5277 5645 6069 5869 5592 5463 4984 5638 5214 5428 5626 5729 5693 5600 5288 5283 5911 5572 5772 5637 5628 5366 5058 5380 5532 5119 5169 5453 5434 4914 5807 6167 5892 5348 5679 5531 5647 5328 5933 5467 5502 5444 5758 5631 5240 5720 5052 5261 5532 5378 5404 5733 5702 5466 5936 5281
5087 5284 5138 5477 5698 4950 5432 5509 4994 5015 5409 5408 5392 5900 4984 5211 5492 5842 5293 5239 5184 5390 5451 5363 5444 5658 5452 5615 5556 5117 6010 5521 5200 5372 5345 5442 5455 5560 5418 5199 5640 5148 4877 5271 5131 5140 5320 5491 5317 5095 5233 5467 5176 5148 5151 5502 5837 5202 5423 5470 5266 5782 4980 5284 5335 4720 5330 5179 5206 5418 5428 4502 5597 5368 5590 5492 5038 5157 5306 5482 5421 5535 5414 5310 5106 5427 5064 5470 5327 5297 5386 5723 5016 5618 5159 5305 5286 5219 5237 5286 5452 5238 5622 5302 5321 5496 5517 5177 5677 5574 5148 5328 5010 5898 5538 5466 5384 5511 5282 5463 5546 5304 4891 5321 5074 5085 5199 5746 5245 5223 5606 5682 5336 4651 5566 5279 5695 5684 5130 5512 5557 5664 5784 5514 5166 5741 5295 5484 5572 5018 5731 5296 6044 4693 5269 5141 5476 5163 5377 5707 5654 5335 4791 5327 5161 5327 5319 5895 5232 5161 5376 5208 5416 5733 5100 5450 5340 5563 5424 5394 5347 5726 5180 5624 4828 5144 5623 4630 4999 5470 4777 5783 5548 5366 5290 5040 5401 4787 5521 5368 4930 5550 5621 5564 5059 5056 4739 5559 5101 4965 5098 5488 5477 5258 4981 5120 5702 5598 5693 5429 5413 5200 5025 5380 5282 4614 4922 5505 5351 4728 5306 5862 5729 5221 5409 5427 5021 5012 5380 5534 5414 5526 5778 5402 5274 5642 5081 5271 5504 5551 5323 5549 5307 5325 5819 4923
4767 5075 5045 5255 5164 5185 5037 5017 5309 4897 5445 5153 5122 5540 5123 5051 4935 5520 5251 5244 4900 5430 5084 4922 4920 5283 4900 5275 4901 5129 5497 5418 4580 5309 5137 5179 5087 4966 5079 5131 5503 5049 4989 4757 5002 4884 4968 4995 5012 5169 5051 5199 5166 4994 4924 4870 5559 4884 5349 5251 4942 5541 4896 4984 5072 4630 5076 5054 4910 5103 5025 4193 5173 5057 5334 5000 4659 4963 5261 5320 4959 5027 4713 5036 5047 5297 4899 5366 5025 5099 5440 5106 4824 5234 4690 5130 5145 5187 4942 5128 4839 5087 5192 5147 5002 5141 4945 4845 4962 5159 4982 5130 4780 5084 5290 5259 4963 5146 5048 4964 5297 4921 4731 5198 4968 4906 4993 5211 5172 5320 4853 5380 5523 4570 5116 5005 5715 5303 4568 5524 5040 5257 5683 5109 5139 5418 4914 4951 5342 5145 5289 5079 5387 4588 5029 5253 5310 5082 4998 5440 5351 4961 4645 5235 4783 5414 5078 5630 5095 4864 5179 4924 5188 5287 4907 4942 5121 5138 5068 5129 4699 5602 4987 5348 4746 5147 5444 4486 4359 5089 4812 5368 5124 5352 4985 4703 5128 4587 5217 4972 4826 5003 5160 5326 4879 4845 4653 5271 4799 4656 5205 5154 4965 4857 4944 5088 5515 5186 5151 5133 4905 5115 4456 5210 5126 4356 4887 5214 4969 4460 5375 5440 5137 4911 5315 4979 5135 4829 5230 4865 4795 5166 5259 5177 4863 5312 4806 4886 5030 5016 4914 5553 5210 5216 5195 4720
4607 5104 4997 5232 4976 4998 5011 5273 4764 4824 5249 5287 5025 5619 4871 5089 5175 5432 5067 5162 4843 5708 5192 4742 4920 5248 4877 5076 5009 5019 5855 5160 4840 5277 5216 5055 5276 5059 4792 5263 5148 4939 4946 4991 5029 4599 5159 5154 4972 5136 5184 5169 4832 4716 5019 5057 5731 4896 5275 5309 5283 5171 4694 5002 5000 4557 4962 5424 5187 4845 5164 4224 4986 5006 4998 5544 4715 4816 5125 5138 4986 4998 5379 4939 4708 4843 4836 5297 4740 4876 5353 5311 4614 5139 4595 5022 4828 5207 4908 4966 4991 4814 5354 4845 4862 4847 5075 5144 5093 4823 4572 5093 4950 5423 5257 5356 5232 4968 4726 5183 5299 5151 4791 5035 4761 4866 4935 5359 4829 5138 5203 5142 5175 4589 5082 4923 5174 5003 4825 5304 5183 5272 5431 5068 4980 5281 4894 5191 5258 5043 5391 4949 5321 4660 4774 5206 5223 5178 4983 5168 5171 5080 4608 5150 5112 5284 5171 5416 5154 4996 5064 4739 5223 5468 4939 5124 4808 5267 5321 5085 4940 5558 4839 5312 4985 5206 5181 4683 4561 5085 4618 5034 5268 5004 5028 4820 5150 4543 5053 4976 4826 4943 5325 5493 5113 4846 4689 4967 4683 4995 5133 4585 5056 4972 4821 5026 5495 5035 5126 5197 5014 4965 4661 4900 4924 4721 4754 4984 5005 4623 5257 5439 5189 4900 4993 4987 4919 4868 5093 5040 5059 5025 5244 4872 4615 4939 4776 4696 5023 4848 5166 5138 5086 4996 5527 4491
4579 4669 4963 5034 5032 4749 4760 5135 4861 4599 4890 5134 4943 5172 4703 4726 4970 5131 4553 5099 5018 5242 4614 4662 4810 4927 4764 4898 4653 4834 5388 4837 4329 4728 4992 5248 4892 5208 4677 5137 4995 4650 4663 4461 4813 4500 4807 4991 4788 4927 4855 4834 4743 4737 4854 4728 5274 4446 5021 4977 5069 5262 4439 4564 4993 4507 4597 5186 4820 4639 4633 4125 4893 5014 4956 5030 4361 4676 4485 5019 4777 4949 5013 4961 4597 4607 4719 5125 5027 4924 4916 5293 4384 4967 4418 4863 4751 4595 4515 5022 4760 5005 5238 4755 4827 4781 4851 4847 4910 4555 4461 4726 4975 5052 4681 5153 4685 4490 4611 5043 5210 4872 4604 4886 4898 4565 4855 5607 4869 4940 4954 5137 4834 4399 4941 4537 5052 5085 4818 4813 5001 5108 5178 4990 4799 5046 4782 4878 5156 4689 4923 4740 5102 4304 4762 4818 4932 4876 4781 5201 5196 5127 4459 4974 4852 5050 4744 5403 4973 4560 4692 4642 4762 5204 4409 4894 4611 4951 4890 5022 4804 5169 4721 5240 4852 4916 4995 4459 4599 5066 4384 5199 5118 4620 4828 4676 4764 4176 4734 4828 4442 4848 5039 5093 4808 4646 4402 5179 4539 4442 4939 4857 4759 4574 4582 4718 5037 5020 5101 4918 4816 4767 4394 4773 4740 4378 4624 4869 4912 4345 4954 5130 4767 4511 5020 4859 4741 4799 5241 4879 4845 4718 5054 4522 4410 5048 4707 4866 4826 4869 4946 4907 4718 4479 5127 4401
5298 5370 5455 5536 5426 5330 5177 5282 5117 4980 5624 5438 5126 6086 5078 5477 5176 5745 5436 5304 5325 5343 5498 5270 5268 5444 5326 5556 5304 5313 5752 5703 5131 5543 5582 5195 5188 5763 5082 5431 5424 5148 5271 5075 5199 4719 5360 5421 5351 5293 5325 5421 5476 5129 5268 5331 5567 4931 5409 5450 5347 5943 5075 5346 5291 4924 5236 5508 5381 5369 5286 4652 5353 5427 5563 5557 4893 4842 5319 5533 5185 5131 5228 5146 5013 5386 5073 5789 5023 5348 5586 5500 5035 5217 5021 5297 5030 5514 5360 5519 5069 5046 5495 5604 5148 5469 5289 5293 5443 5191 4927 5572 5222 5616 5494 5626 5337 5267 5087 5368 5551 5063 4929 5368 5378 5019 5094 5744 5326 5255 5342 5549 5404 4927 5035 5258 5802 5503 5065 5375 5649 5940 5868 5218 5217 5878 5161 5277 5664 5559 5713 5421 5727 4796 5307 5326 5217 5173 5140 5401 5741 5397 5195 5280 5098 5505 5320 5933 5406 5218 5155 4933 5524 5717 5118 5189 5324 5745 5598 5420 5325 5784 5175 5915 5083 5218 5624 4880 4905 5351 4677 5353 5510 5249 5346 5209 5506 5008 5197 5410 4915 5187 5717 5572 4879 5192 4778 5591 5103 4828 5159 5249 5404 5231 5077 5292 5723 5613 5498 5431 5458 5049 4911 5108 5159 4995 5126 5359 5119 4931 5730 5700 5429 5022 5574 5154 5260 5252 5448 5425 5233 5387 5513 4741 4980 5259 5283 5031 5415 5216 5166 5695 5357 5319 5544 4604
4807 5607 5303 5364 5438 5239 5355 5298 5182 5120 5341 5547 5315 5547 5299 5257 5307 5599 5282 5223 5519 5624 5638 5339 5401 5598 5025 5466 5265 4851 5839 5578 5071 5540 5441 5175 5631 5607 4917 5116 5505 5297 5189 5207 5419 5293 5419 5437 5399 5558 5351 5507 5262 5449 5523 5232 5698 5184 5235 5301 5380 5711 4992 5292 5510 4779 4924 5493 5349 5216 5121 4519 5494 5065 5462 5715 4960 4883 5166 5819 5349 5173 5562 5229 5048 5240 5137 5793 4828 5360 5838 5527 4742 5427 5178 5655 5287 5318 5100 5245 5135 5150 5336 5357 5267 5077 5285 5368 5414 5580 4983 5270 4959 5812 5471 5576 5332 5358 4941 5292 5876 5440 5088 5355 5090 5048 5159 5762 5254 5379 5605 5462 5451 4991 5260 4810 5487 5561 5100 5155 5361 5769 5582 5424 5322 5511 5237 5372 5821 5497 5340 5204 5794 4821 5274 5575 5694 5376 5350 5591 5647 5113 5107 5537 5103 5404 5415 5775 5141 5234 5422 4899 5544 5672 5090 5432 5630 5539 5406 5489 5397 5683 5221 5770 5307 5457 5411 5069 4859 5185 4767 5101 5654 5337 5279 4975 5531 4628 5551 5190 4922 5302 5405 5631 5167 5105 4799 5454 4965 4877 5457 5287 5446 5371 4860 5077 5768 5459 5464 5423 5103 5221 4814 5172 5034 4906 4932 5321 5081 4963 5555 5754 5580 4998 5141 5321 5194 5208 5497 5206 5028 5438 5412 5022 5171 5442 5190 4872 5346 5152 5407 5348 5467 5170 5547 4579
4983 5210 5114 5495 5081 4885 5160 5136 4848 5079 5184 5434 5140 5406 4932 5302 5263 5529 5025 5388 5138 5510 5287 5133 5189 5335 4983 5175 5026 4886 5495 5470 4873 5242 5229 5086 5103 5407 4837 5190 5314 4947 5016 4761 4970 4852 5132 5326 5125 5069 5411 4972 5233 4786 5024 4988 5470 4965 5458 5234 5322 5454 5163 4968 5126 4795 5278 4963 4963 5044 4976 4405 4992 5174 5372 5572 4734 4707 5115 5457 5304 4949 5142 4832 4800 5049 4968 5364 5025 5002 5352 5575 4598 5178 4660 5357 5086 5089 4989 5229 5058 5160 5246 5183 5141 5210 5344 5225 5129 4876 4681 5433 4846 5266 5429 5573 5272 5338 4647 5079 5458 4976 4615 5007 4928 5029 4916 5535 5077 5123 5325 5233 5159 4784 5430 5015 5396 5459 5267 5069 5211 5572 5301 5183 5005 5589 5174 5080 5271 5140 5785 4840 5477 4720 5294 5071 5485 4944 5225 5456 5503 4866 4690 5075 5109 5378 5327 5359 5157 4947 5245 4645 5178 5557 4821 4939 5137 5290 5540 5057 5470 5739 4977 5588 5074 5360 5395 4739 4538 5081 4807 5412 5416 5183 5234 4747 5190 4756 5103 5205 4848 5324 5209 5399 5073 4836 4763 5293 5025 4505 5177 5264 5178 5331 4879 5134 5649 5333 5047 5085 4898 5247 4734 5094 5066 4900 4846 5055 5045 4697 5362 5230 5217 4883 5388 5091 5179 5061 5011 5173 5210 5158 5290 5083 4997 5153 4897 4840 4978 5105 5176 5690 5224 5064 5376 4770
4646 4777 4615 4717 4609 4475 4596 4594 4504 4394 4714 4836 4675 4954 4637 4725 4545 5181 4628 4850 4571 4903 4633 4814 4691 4785 4514 4767 4499 4747 4947 5017 4509 4701 4820 4826 4511 4735 4455 4594 4849 4535 4589 4434 4565 4559 4792 4860 4580 4559 4894 4480 4549 4557 4697 4718 5208 4572 4882 4598 4774 5172 4453 4641 4771 4435 4715 4749 4550 4893 4836 3940 4816 4798 4741 5036 4328 4486 4754 4722 4698 4375 4879 4728 4264 4600 4498 4995 4554 4592 4999 4859 4206 4501 4307 4898 4733 4564 4542 4879 4526 4482 5125 4973 4659 4559 4669 4662 4790 4755 4323 4756 4220 4972 4727 4960 4737 4454 4469 4515 4629 4541 4172 4758 4552 4408 4741 5054 4623 4752 4810 4916 4981 4259 4670 4565 4927 4659 4304 4961 4895 4839 5253 4741 4419 5102 4731 4559 4976 4895 4865 4705 5004 4391 4807 4522 4863 4679 4896 4822 5097 4845 4261 4752 4767 4976 4648 5142 4656 4743 4764 4487 4774 5164 4543 4771 4571 4989 4991 4528 4843 4951 4500 4788 4460 4779 4676 4138 4413 4689 4243 4747 5169 4696 4759 4618 5040 4000 4661 4627 4432 4692 4882 4932 4396 4707 4325 4834 4475 4352 4615 4661 4863 4567 4154 4771 5012 4740 5022 4730 4741 4508 4155 4638 4845 4276 4526 4655 4599 4236 4928 4975 4763 4429 4874 4648 4696 4759 4982 4729 4509 4906 4834 4319 4426 4555 4694 4688 4628 4685 4540 5030 4642 4541 5061 4003
5115 5350 5369 5593 5400 5417 5237 5106 5179 5153 5431 5364 5221 5625 5082 5490 5509 5943 5349 5238 5411 5442 5440 5188 5117 5424 5054 5441 5312 5467 5910 5432 4827 5346 5531 5384 5454 5433 5220 5250 5733 5072 5293 4870 5221 5085 5322 5711 5513 5396 5500 5391 5524 5195 5351 5300 5874 5079 5908 5596 5242 5938 5195 5243 5421 4796 5087 5527 5075 5312 5258 4698 5784 5290 5609 5667 5100 5026 5503 5873 5093 5208 5244 5334 5142 5266 4925 5562 5067 5347 5655 5366 4934 5449 5230 5558 4917 5328 4962 5231 5272 5415 5603 5385 5373 5384 5216 5369 5434 5389 4961 5320 4808 5481 5319 5609 5320 5017 5120 5340 5612 5065 5150 5258 5087 5236 5351 5614 5227 5271 5307 5485 5386 4831 5119 5486 5891 5928 4997 5565 5371 5717 5780 5256 5280 5691 5178 5268 5532 5478 5779 5133 5914 4838 5196 5583 5779 4998 5471 5752 5687 5461 5059 5104 5204 5609 5369 5776 5346 5297 5493 5331 5280 5798 5048 5385 5043 5397 5501 5318 5213 5810 5189 5478 5071 5543 5631 4695 5111 5301 4674 5350 5534 5516 5459 5360 5608 4936 5316 5659 4858 5604 5763 5548 5274 5174 4781 5491 5312 4925 5193 5375 5572 5417 5129 5307 5649 5451 5680 5425 5298 5270 4997 4993 5326 4725 4992 5484 5424 4775 5630 5793 5594 4950 5611 5446 5145 4946 5413 5537 5373 5277 5468 5245 4867 5288 5302 5175 5298 5172 5317 5418 5164 5194 5535 4867
4701 4906 5001 5246 5276 5027 4935 4902 4812 4622 5097 5217 4968 5236 4972 5006 5209 5362 5048 4918 5087 5415 5115 5089 4841 4943 4707 5125 4962 5061 5343 5277 4908 5015 5121 5004 5238 5179 4929 4945 5314 4946 4631 4746 4670 4865 4809 5169 5055 4943 5027 5249 4962 4691 4831 5012 5525 4832 5188 4967 5045 5499 4748 4794 5322 4327 4892 5006 4682 4870 4981 4317 5026 4930 5092 5356 4844 4820 5086 5272 4742 5107 5023 5085 4872 4894 4694 5281 4859 5044 5092 5180 4475 4967 4764 5002 4846 4713 4850 5070 5018 4806 5275 5108 4926 4756 4943 5005 5101 5119 4400 5158 4861 5328 5051 5372 5016 4864 4698 5135 5243 5053 4651 4816 4693 4714 4831 5311 4868 4912 5153 5247 5136 4344 5089 5081 5326 5403 4764 5113 5024 5364 5379 5071 4537 5302 4803 5111 5268 5143 5333 4783 5500 4379 4911 5083 5156 4795 4963 5399 5311 4986 4644 4605 4844 5013 5041 5275 5004 4658 4891 4619 5266 5112 4561 5301 5056 5225 5311 4886 4898 5333 4782 5412 4657 4893 5377 4296 4607 4844 4452 5167 5261 4969 4893 4806 5196 4347 5052 5157 4491 5098 5287 5192 5056 4533 4574 5239 4658 4606 4866 5048 4977 4930 4659 4721 5192 5043 5206 5292 5009 4913 4609 4812 4884 4477 4835 4854 4869 4418 5092 5373 5071 4847 4817 5173 4861 4757 5259 5114 4869 5249 5215 4834 4734 5034 5086 4934 4815 5144 4779 5068 4589 5232 5439 4591
4769 5311 5406 5497 5397 5494 5332 5484 5296 5123 5601 5727 5330 5784 5123 5338 5591 5540 5781 5318 5310 5766 5507 4989 5134 5522 5293 5504 5310 5217 5596 5618 4968 5668 5555 5633 5560 5375 5170 5584 5415 5406 5070 5196 5311 4867 5256 5579 5347 5469 5314 5628 5269 5314 5299 5150 5542 5313 5671 5462 5519 5778 4685 5035 5150 4804 5185 5505 5365 5271 5355 4768 5537 5300 5584 5582 4948 5274 5481 5521 5262 5532 5277 5453 5104 5418 5266 5927 5563 5404 5294 5593 4865 5376 4726 5253 5293 5511 5012 5642 5278 5096 5726 5535 5361 5296 5370 5531 5547 5334 4940 5403 5310 5754 5471 6013 5428 5410 5290 5539 5683 5395 5223 5219 5402 4926 5229 5770 5346 5345 5700 5420 5376 4797 5310 5207 5758 5746 5202 5345 5969 5927 6087 5888 5633 5595 5125 5269 5555 5419 5651 5131 5695 4639 5073 5261 5643 5344 5334 5894 5718 5427 4932 5306 5329 5605 5405 5794 5294 5239 5322 5145 5434 5548 5135 5307 5418 5543 5361 5459 5282 5660 5331 5443 5533 5292 5623 4890 5015 5518 5210 5388 5580 5190 5543 5483 5295 4865 5123 5637 4847 5742 5955 5791 5257 4931 4958 5795 5005 5048 5300 5614 5510 5339 5047 5592 5584 5664 5310 5371 5464 5197 5026 5244 5365 4971 5085 5257 5399 4819 5452 5702 5613 5121 5521 5457 5254 5392 5637 5580 5304 5273 5509 5148 5015 5468 5077 5304 5044 5346 5393 5634 5438 5262 5829 5150
5011 5459 5119 5618 5508 5505 5432 5363 5022 5150 5477 5815 5320 5698 5127 5433 5465 5870 5304 5392 5325 5590 5663 5119 5497 5457 5216 5471 5222 5010 5934 5842 5163 5556 5488 5308 5329 5482 5250 5399 5638 5381 5306 4935 5393 5264 5410 5567 5402 5341 5456 5456 5435 5141 5300 4854 5835 4982 5544 5456 5319 5700 5157 5305 5482 4661 5282 5501 5378 5391 5347 4726 5348 5256 5601 5486 4894 5262 5445 5550 5160 5272 5388 5046 5244 5375 5298 5510 5152 5315 5593 5563 4931 5563 5171 5178 5386 5501 4982 5478 5456 5473 5607 5383 5077 5234 5298 5236 5517 5447 4978 5468 5038 5689 5430 5704 5463 5216 5351 5517 5663 5221 5017 5616 5526 5383 5199 5813 5461 5561 5519 5692 5519 4838 5424 5309 6124 5761 5247 5375 5510 5754 5448 5462 5285 5788 5242 5373 5483 5454 5678 5441 5726 5076 5616 5385 5705 5213 5323 5460 5533 5306 5082 5435 5307 5772 5357 5839 5358 5342 5183 5101 5541 5496 4995 5363 5292 5478 5666 5318 5478 5934 5482 5637 5153 5337 5676 4834 4850 5077 4840 5443 5505 5286 5409 5329 5441 4802 5305 5489 4916 5401 5596 5637 5061 5193 4903 5439 5120 5051 5467 5297 5606 5266 5078 5135 5843 5426 5424 5422 5388 5288 4948 5239 5403 5026 5179 5423 5035 4797 5395 5686 5610 5116 5566 5344 5159 5187 5329 5309 4999 5289 5861 5365 4976 5389 4983 5094 5414 5485 5098 5559 5195 5114 5819 4901
4500 4945 4701 4805 4905 4742 4818 4969 4370 4620 4882 4897 4882 5064 4670 5088 5054 5189 5036 4907 4795 5019 4866 4494 4581 4870 4552 4938 4783 4951 5268 5117 4665 4960 4712 4940 4787 5125 4763 4858 5083 4802 4577 4554 4884 4517 4751 4900 5001 4915 4910 4757 4991 4699 4720 4760 5121 4880 5234 5040 4962 5090 4449 4535 4657 4333 4577 4588 4651 4891 4539 4245 4816 5054 5039 4883 4424 4878 4927 4844 4731 4787 4805 4773 4675 4772 4888 5022 4822 4493 5005 4739 4445 4662 4409 4864 4800 4979 4628 4922 4539 4642 5168 5086 4826 4857 4846 4636 4844 4732 4725 4813 4437 5191 4862 4949 4656 4672 4730 5137 4984 4617 4447 4678 4674 4555 4685 5141 4578 4984 5132 5089 4856 4293 5044 4671 5168 4929 4628 4999 5243 5019 5158 4866 4573 4933 4693 4704 5081 4738 5107 4676 5305 4521 4700 4841 5096 4796 4718 5076 4866 4624 4730 4901 4796 4838 4649 5368 4880 4484 4866 4482 5069 4938 4553 4741 4809 4916 4860 4717 4902 4838 4736 5492 4965 4532 4810 4288 4518 4868 4264 5035 5217 4888 5072 5054 4851 4278 4629 4886 4233 4872 5134 5003 4375 4521 4466 5165 4695 4398 4944 4648 4930 4762 4619 4694 5221 5019 4755 4928 4962 4615 4335 4630 4793 4445 4630 4862 4670 4407 5053 5218 4867 4655 5190 4712 4782 4782 4949 4810 4590 4829 4870 4540 4399 4864 4334 4512 4661 4735 4682 4814 4617 4599 5271 4690
4342 4814 4672 4998 4709 4710 4512 4590 4396 4385 4616 4746 4382 5070 4445 4618 4864 5035 4750 4878 4577 4877 4920 4719 4643 4810 4388 4778 4243 4775 4946 4857 4620 4849 4640 4693 4930 4819 4527 4836 4770 4605 4730 4471 4732 4418 4715 4791 4810 4887 4812 4783 4737 4492 4619 4619 4982 4661 5053 4853 4715 4925 4428 4609 4985 4208 4258 4881 4633 4865 4749 4264 4790 4605 4767 5218 4509 4595 4923 4685 4756 4642 4674 4637 4446 4972 4527 4914 4645 4698 4824 4998 4380 4798 4325 4907 4691 4787 4513 4594 4621 4566 5022 4776 4760 4449 4942 4773 4960 4814 4309 5141 4769 5167 4624 4840 4760 4683 4877 4860 5005 4396 4492 4630 4573 4676 4659 5087 4650 4416 4667 4792 4534 4358 4609 4658 4862 5137 4387 4312 4961 4875 4980 4650 4532 4904 4446 4666 4899 4479 4710 4760 5295 4391 4757 4800 4984 4696 4784 4700 4679 4728 4220 4991 4734 4742 4712 5154 4855 4580 4712 4631 4674 4857 4598 4650 4874 4922 4913 4614 5033 5090 4403 4868 4538 4667 5107 4350 4296 4827 4305 4756 5138 4808 4839 4393 4889 3967 4726 4954 4404 4827 4960 5018 4493 4461 4124 4919 4427 4542 4897 4694 4790 4623 4365 4549 4973 4731 4737 4837 4794 4529 4472 4715 4589 4289 4414 4658 4514 4314 5026 5036 4876 4262 4600 4680 4655 4898 4860 4698 4492 4847 4625 4894 4409 4842 4584 4480 4624 4623 4856 4942 4766 4547 5253 4356
5107 5669 5480 5634 5612 5327 5235 5489 5179 5171 5668 5769 5232 5898 5147 5178 5440 5958 5689 5536 5576 5339 5768 5419 5345 5200 5407 5690 5290 5413 6121 5759 5100 5521 5622 5563 5522 5745 5247 5686 5942 5228 5238 5264 5294 5228 5496 5730 5495 5573 5531 5429 5282 5312 5669 5369 5740 5350 5821 5736 5645 5919 5205 5177 5505 5038 5284 5476 5369 5453 5392 4684 5668 5416 5691 6000 5272 5518 5434 5812 5437 5527 5621 5391 5021 5498 5552 5963 5372 5550 5820 5829 4892 5432 5242 5883 5071 5621 5448 5412 5553 5618 5835 5565 5582 5484 5663 5703 5622 5420 5130 5650 5136 5800 5548 5732 5523 5610 5416 5396 6072 5259 5148 5585 5518 5377 5319 5994 5425 5598 6026 5865 5530 5135 5476 5419 5933 5814 5200 5643 5801 5809 5817 5743 5374 5970 5222 5442 5811 5395 5885 5446 5898 5443 5643 5403 5823 5530 5611 5771 5927 5429 5177 5564 5567 5808 5553 6295 5695 5395 5551 5188 5588 5868 5280 5601 5705 5576 5951 5622 5518 5958 5415 5623 5389 5416 5662 5028 4934 5675 5061 5801 5558 5282 5428 5280 5632 4970 5393 5467 4845 5688 5930 5704 5332 5263 4951 5674 5320 5131 5377 5518 5753 5533 5109 5436 6112 5585 5515 5576 5602 5343 5216 5267 5285 5300 5440 5415 5387 5269 5840 6094 5787 5093 5423 5510 5315 5279 5550 5762 5476 5422 5686 5286 5033 5680 5194 5457 5420 5481 5273 5907 5479 5401 5865 5027
5164 5388 5421 5575 5434 5230 5341 5567 5088 5076 5408 5738 5125 5827 5065 5482 5403 5741 5183 5594 5501 5147 5662 5191 5256 5523 5171 5285 5361 5351 5805 5469 5098 5564 5597 5520 5521 5725 5163 5324 5866 5374 5296 5214 5166 5052 5498 5538 5383 5501 5546 5554 5632 5262 5300 5168 5802 5528 5620 5792 5410 5817 5219 5639 5486 4757 5356 5362 5195 5475 5269 4649 5447 5230 5476 5782 4851 5190 5543 5791 5445 5289 5460 5372 5237 5342 5171 5840 5255 5370 5586 5627 4764 5779 4993 5498 5259 5392 5287 5392 5289 5299 5710 5088 5194 5157 5659 5478 5598 5232 4896 5552 5389 5842 5524 5626 5550 5239 4938 5530 5785 5598 5251 5154 5235 5408 5211 5908 5625 5325 5539 5474 5521 5256 5359 5370 5869 5617 5163 5442 5559 5596 5533 5216 5317 5853 5294 5427 5420 5391 5575 5266 5962 4858 5395 5591 5757 5331 5368 5790 5632 5128 5227 5851 5127 5590 5308 5516 5575 5366 5365 5213 5325 5583 5203 5253 5335 5626 5487 5372 5383 5690 5211 5754 5403 5443 5602 4841 4886 5498 4552 5677 5650 5173 5589 5184 5534 4675 4932 5572 5070 5561 5936 5601 5329 5227 4907 5579 5066 5022 5511 5151 5687 5317 4910 5173 5841 5718 5900 5598 5511 5263 5224 5171 5321 5032 5272 5552 5166 4876 5739 5748 5470 5163 5468 5334 5199 4954 5566 5444 5336 5824 5682 5285 5091 5476 5221 5162 5449 5411 5596 5580 5223 5304 5627 5099
4634 5191 5215 5114 5083 5157 5113 4923 4758 4835 5075 5418 4915 5469 4998 4931 5133 5400 4914 5126 4884 5125 5416 5044 5096 5112 5138 5044 4759 4921 5441 5338 5024 5143 5131 5149 5311 5237 4969 5016 5360 4920 4857 4952 5094 4973 5084 5196 5312 4961 5032 5031 5099 5006 5094 4833 5596 4871 5487 5090 4967 5436 4909 4943 5183 4474 4737 5221 4946 4939 4793 4525 5038 5187 5324 5317 4757 4700 5218 5489 4864 4945 5040 4794 4883 5244 5023 5579 4914 5126 5428 5511 4479 5205 4873 5192 4872 4932 4800 5293 5105 4892 5207 5225 5270 5122 4940 4969 5316 5099 4730 5321 4896 5287 5199 5225 4992 5128 4783 5066 5427 4915 4786 5298 5021 4828 5089 5416 5121 5105 4988 5233 5154 4420 4884 4584 5294 5068 4826 4945 5137 5353 5320 4968 5176 5560 5074 4968 5286 4993 5451 5101 5384 4728 5177 5153 5271 4794 5212 5371 5427 4952 4655 4940 5075 5219 4955 5595 4881 5149 4885 4484 5182 5366 4645 4992 5194 5375 5219 5101 5322 5254 5002 5243 5043 5244 5221 4460 4714 4959 4482 5328 5446 5141 5080 4965 5312 4560 5109 5199 4712 5126 5344 5410 4652 4630 4407 5264 4834 4469 4988 4994 5418 4936 4702 4984 5212 5179 5083 5045 5042 4918 4550 4977 4938 4318 4943 5221 4922 4719 5141 5369 5182 4618 5101 5140 4815 4771 5314 5017 4905 5005 5307 4931 4735 4977 4888 5026 5143 5095 5173 5283 4776 4932 5441 4594
4744 5234 4982 5068 5018 5043 5179 4993 4610 4852 5014 5243 4992 5469 4974 4971 5175 5306 5079 4910 5099 5172 5209 4824 5007 5157 4825 5149 4783 4998 5338 5217 4877 5227 5003 4972 5086 5292 4828 4894 5387 4943 5019 4811 5021 4760 4809 5421 5225 4864 5265 5017 5078 4733 4888 4692 5249 4707 5230 5202 5023 5417 4791 4747 5032 4510 4704 5039 4931 5349 4892 4457 4968 4984 5306 5373 4779 4809 4983 5352 4920 4711 4941 5014 4871 5145 4790 5275 4896 5173 5453 5266 4672 5147 4775 5074 4621 5127 5103 5167 4931 4991 5110 5186 4960 4995 5210 5276 5127 5128 4669 5180 4837 5116 5077 5208 4981 5118 5028 5084 5409 4914 4838 5256 4910 5087 5008 5320 5116 5004 5185 5395 5263 4652 4855 4821 5341 5489 5017 4931 5329 5491 5301 5097 5190 5219 4898 5227 5344 4823 5338 4974 5671 4705 5033 4990 5368 5058 5124 5269 5287 5207 4909 4893 4844 5101 5196 5591 4962 5013 4968 4689 5122 5260 5003 5156 5138 5032 5277 5126 5032 5517 4742 5247 4781 4778 5182 4491 4568 5065 4645 5095 5426 4942 5140 4888 5163 4504 5065 5161 4646 5250 5186 5296 4718 4786 4580 5103 4939 4663 4965 5122 5065 4896 4720 4783 5329 5258 5101 5304 5111 4761 4626 5012 4926 4666 4864 5037 5008 4532 5365 5345 5280 4719 5183 5140 4974 4973 5079 4961 5005 4941 5212 4839 4649 5219 4910 4884 4892 5033 4741 5366 5141 5057 5414 4588
4448 4755 4997 4920 4714 4760 4685 5027 4476 4707 5372 5314 4976 5254 4876 4978 5106 5483 4839 5081 5004 5225 5108 4854 4754 5008 4913 4919 4780 4910 5407 5113 4612 5126 4945 5256 5219 5101 5062 5140 5251 4916 4928 4931 5142 4816 4841 5029 5019 5191 4971 4987 5067 4924 4669 4823 5231 4736 5041 5240 4851 5108 4843 4752 5228 4413 4879 4751 4639 4886 4893 4140 5239 5012 4887 5312 4361 4983 4922 5390 4678 4862 5126 4754 4784 4829 4957 5356 4841 4960 5223 5110 4511 4979 4567 5080 4762 4983 4763 5034 4629 4677 4983 4911 5193 4848 4947 4793 5310 4883 4694 5152 4833 5184 4953 5228 4803 4751 4828 5000 5115 4860 4717 5007 4999 4968 4726 5446 4966 4929 4865 5123 5033 4455 4851 4814 5134 5428 4760 4886 5045 5084 5253 4798 5050 5500 4772 5076 5123 5000 4916 4893 5469 4588 4788 4881 5309 4850 4994 5207 5385 4859 4397 5204 4917 5300 4799 5242 5003 5022 4883 4785 4926 5156 4664 4974 4751 5078 5009 5084 5086 5163 4816 5131 4718 4989 4970 4356 4608 4833 4292 5311 5144 4793 5194 4647 5164 4323 4894 4857 4585 4973 5207 5288 4475 4763 4349 5020 5031 4589 5072 4892 5112 4984 4569 4646 5313 5106 5134 4981 4996 4880 4490 4880 4923 4210 4686 5216 5031 4413 5091 5233 5205 4797 4940 4732 4568 4863 4879 4705 4886 5070 5214 5124 4745 5001 4847 4759 4868 4916 4747 5099 4946 4812 5192 4530
4913 5294 5075 5306 5293 5075 5034 5267 4796 5090 5194 5092 5130 5388 4835 5091 5450 5278 5321 5064 5056 5350 5249 4857 4974 4970 5191 5203 5237 5117 5412 5312 4798 5093 5107 5151 5325 5478 4885 4976 5592 5146 4978 5074 4854 4978 4917 5146 5135 5200 5343 4974 5092 5058 5194 5023 5429 4851 5489 5503 5229 5586 4738 4961 5099 4735 5002 5052 4922 5235 4927 4185 5110 5007 5374 5429 4644 5034 5010 5255 5148 5226 5127 5158 4695 5109 5102 5207 4861 4876 5178 5436 4686 5304 4493 5050 5052 4871 4890 4994 4926 5076 5121 4919 4974 4947 5133 5083 5662 5080 4952 5141 4995 5210 5233 5605 5166 5116 5114 4982 5248 5118 4802 4972 4927 4807 5015 5410 4998 4959 5242 5235 5366 5047 5148 4993 5505 5478 4907 4885 5096 5435 5432 5082 5007 5461 5121 5130 5497 5074 5443 5242 5496 4620 4902 5143 5566 5130 5324 5446 5552 4971 4766 4813 5237 5015 5083 5809 5191 4843 5161 4852 5129 5307 4691 5255 5112 5354 5128 5137 5135 5261 4736 5341 5029 5009 5264 4839 4817 5158 4442 5276 5351 4865 5476 4945 5105 4328 4988 4653 4686 4989 5409 5190 4743 4817 4705 5479 5107 4835 5063 5140 5101 4985 4482 5059 5197 5241 5593 5048 5227 4886 4843 4768 5025 4686 4880 5355 5215 4488 5191 5674 5258 4682 5334 4975 4848 4793 5423 5057 4918 4912 5289 4806 4634 5119 4660 5036 4957 4823 5442 5188 4880 4900 5187 4691
4823 5577 5393 5605 5510 5201 5552 5457 5077 5196 5301 5706 5235 5839 5265 5361 5561 5892 5683 5336 5373 5746 5422 5295 5292 5326 5205 5607 5106 5451 5964 5856 5166 5708 5508 5597 5704 5517 5173 5393 5605 5295 5237 5202 5497 5173 5361 5530 5104 5538 5507 5537 5420 5144 5439 5378 5813 5245 5562 5553 5481 5845 5264 5123 5468 5040 5274 5566 5298 5312 5365 4624 5614 5340 5616 5893 4840 5001 5318 5681 5253 5285 5890 5459 4917 5622 5324 5674 5539 5487 5735 5839 4997 5266 5102 5445 5270 5247 5221 5541 5409 5462 5515 5525 5542 5393 5352 5362 5431 5559 5081 5624 5099 5828 5436 5721 5662 5337 4954 5297 5681 5219 4872 5449 5366 5159 5320 6117 5337 5439 5621 5537 5402 4921 5593 5295 5755 5802 5149 5480 5318 5761 5689 5543 5283 5848 5180 5353 5835 5439 5824 5265 5743 5052 5506 5443 5626 5405 5400 5423 5611 5220 5065 5330 5634 5510 5583 6046 5631 5264 5499 5232 5512 5882 4769 5404 5490 5789 5586 5374 5297 5624 5441 5533 4984 5161 5658 4885 5175 5226 4623 5843 5444 5468 5129 5251 5581 4832 5450 5326 5065 5390 5579 5548 5340 5050 5208 5817 5180 5092 5218 5362 5604 5359 5238 5320 5883 5631 5874 5369 5452 5271 4977 5218 5281 4954 4845 5373 5282 5120 5569 5906 5707 5067 5697 5723 5349 5100 5586 5548 5184 5371 5529 5305 5289 5525 5339 5358 5279 5474 5444 5928 5295 5110 5622 5036
4978 5617 5331 5601 5427 5033 5361 5276 4965 4898 5040 5521 5247 5609 5141 5455 5263 5444 5342 5470 5328 5156 5263 5202 5030 5333 5039 5309 5093 5302 5846 5498 5118 5457 5419 5170 5364 5949 5162 5336 5465 4980 5017 5283 5072 4961 5093 5197 5314 5204 5278 5537 5422 5413 5174 5132 5519 4995 5677 5411 5733 5536 5054 5158 5481 4972 4803 5436 5235 5089 5046 4531 5400 5389 5511 5747 4949 5046 5280 5344 5253 5142 5236 5082 5114 5243 5019 5707 5129 5122 5599 5526 4898 5316 4817 5504 5078 5238 5428 5075 5052 5096 5570 5098 5184 5468 5256 5232 5284 5366 5075 5204 4908 5456 5533 5400 5139 5220 5054 5314 5542 5270 4997 5115 4994 5169 5166 5759 5336 5233 5404 5655 5268 5048 5539 5127 5635 5568 5121 5261 5451 5790 5855 5301 5107 5640 5049 5188 5507 5283 5753 5169 5699 4765 5286 5507 5594 5023 5217 5599 5808 5173 4835 5181 5182 5413 5424 5800 5182 5059 5056 4989 5438 5789 5070 5175 5206 5421 5273 5491 5290 5669 4887 5687 5041 5098 5557 4952 4994 5284 4817 5553 5525 5088 5532 5194 5409 4626 5247 5492 4779 5384 5471 5542 5191 5289 4815 5573 5152 4868 5157 5219 5074 5080 5148 4926 5684 5564 5420 5293 5194 5106 4804 5185 5200 4701 5036 5315 5207 4820 5743 5623 5353 5078 5607 5418 5178 4939 5453 5077 5047 5349 5574 5172 5159 5530 4912 5080 5255 5270 5361 5675 5446 5334 5510 4974
5229 5479 5383 5658 5574 5007 5612 5376 5192 5045 5167 5649 5193 5753 5380 5336 5552 5530 5369 5449 5064 5536 5689 5231 5210 5675 5226 5750 5409 5308 6047 5822 5181 5394 5435 5694 5436 5775 5320 5502 5741 5249 5336 5234 5432 5343 5353 5545 5405 5304 5723 5636 5224 5143 5280 5316 5885 5125 5704 5605 5719 6007 5120 5405 5516 5077 5052 5776 5464 5369 5364 4811 5769 5491 5840 5831 4992 5174 5544 5543 5462 5387 5321 5129 5184 5324 5182 5642 5231 5421 5712 5791 4991 5696 4936 5500 5379 5499 5331 5605 5561 5636 5744 5462 5334 5292 5466 5285 5303 5234 4739 5795 5150 5686 5628 5793 5278 5564 5238 5462 5753 5051 5060 5283 5279 5166 5330 5910 5527 5282 5719 5596 5602 5159 5563 5383 5876 5570 5176 5384 5758 5859 5915 5520 5367 5845 5293 5242 5834 5653 6014 5311 5580 5137 5532 5359 5801 5174 5475 5812 5782 5217 5230 5450 5433 5230 5822 6062 5678 5359 5529 5318 5487 5793 5091 5268 5495 5519 5767 5395 5602 5533 5156 5752 5162 5223 5462 4856 4977 5324 5060 5526 5660 5279 5558 5193 5620 4969 5380 5382 4954 5523 5442 6246 5403 5333 4893 5604 5333 4962 5447 5200 5343 5344 5110 5551 6165 5513 5553 5378 5372 5385 5037 5182 5499 5013 4960 5493 5497 4978 5685 5776 5604 5293 5773 5415 5429 5347 5793 5312 5612 5586 5549 5243 5072 5508 5521 5219 5582 5309 5332 5702 5488 5505 5804 5077
4886 5207 5117 5189 5510 5354 5131 5258 4857 4912 5319 5539 5177 5491 4959 5121 5357 5690 5513 5536 5270 5763 5433 5159 5260 5333 5208 5343 4927 5182 5747 5509 4892 5396 5420 5385 5402 5333 4983 5621 5689 5398 5040 5062 5192 5184 5233 5428 5427 5550 5213 5282 4983 5008 5026 5005 5752 4861 5495 5395 5267 5583 5147 5029 5147 5021 5136 5652 5189 5032 5016 4418 5187 5213 5420 5488 4768 5062 5395 5456 5178 5127 5570 5279 5027 5172 5380 5810 4922 5383 5335 5777 4772 5130 4852 5489 5302 5241 5031 5150 5294 5299 5520 5141 5259 5324 5371 5152 5310 5218 4902 5257 4969 5451 5030 5714 5251 5236 4969 5507 5490 5127 4830 5154 5264 5116 5165 5601 4998 5397 5442 5239 5525 4960 5261 4806 5636 5593 5073 5412 5292 5568 5739 5366 5382 5501 5176 5288 5540 5657 5593 5387 5743 4523 5220 5259 5609 5143 5297 5311 5708 5131 4820 5385 5382 5669 5501 5543 5704 5006 5202 4954 5165 5567 5037 5268 5182 5444 5487 5266 5453 5468 5034 5611 5175 5245 5516 4749 4869 5083 4863 5711 5572 5063 5146 4982 5182 4775 5310 5295 4806 5246 5638 5668 5022 5003 4836 5299 5091 4896 5078 5328 5489 5309 4934 5382 5765 5269 5514 5084 5074 4973 4633 5196 5280 4647 4961 5350 4899 4676 5229 5647 5348 5019 5398 5249 5197 5051 5564 5350 5115 5124 5319 5252 4914 5140 4936 5030 4973 5329 5230 5771 5278 5263 5581 4975
4422 4613 4594 4768 4704 4749 4456 4528 4508 4498 5018 4593 4313 5170 4435 4605 4622 5078 4538 4619 4625 4804 4668 4654 4517 4963 4587 4567 4658 4388 5155 4942 4405 4801 4914 4917 4683 4830 4582 4596 4926 4408 4639 4533 4790 4312 4787 4477 4517 4793 4928 4714 4774 4559 4593 4637 4904 4577 4904 4956 5030 5072 4377 4570 4674 4466 4650 4875 4259 4694 4727 4251 4947 4470 5031 5004 4442 4450 4694 4858 4624 4512 4628 4611 4380 4595 4515 4971 4495 4572 4637 4947 4237 4617 4338 4842 4393 4369 4505 4687 4615 4254 4893 4405 4636 4830 4817 4381 5023 4773 4246 4617 4475 4787 4703 5040 4753 4438 4381 4751 4771 4385 4464 4501 4728 4481 4584 5040 4418 4639 4669 4936 4920 4179 4713 4632 4928 4782 4235 4646 4592 4981 4931 4558 4684 5027 4657 4670 4691 4681 4946 4405 5116 4075 4313 4805 4783 4411 4668 4899 4990 4450 4142 4837 4453 4945 4510 5043 4851 4785 4929 4748 4826 4804 4525 4729 4627 4937 4799 4777 4620 5028 4614 5100 4503 4712 4779 4441 4139 4841 4061 4969 5137 4771 4362 4285 4840 4158 4453 4665 4368 5006 4880 4834 4509 4426 4352 4768 4460 4096 4650 4584 4682 4566 4354 4553 4899 4801 4769 4651 4674 4466 4435 4641 4671 4139 4369 4820 4605 4244 4509 4874 4696 4469 4937 4631 4572 4488 4754 4540 4696 4706 4594 4581 4437 4630 4220 4411 4619 4519 4771 4864 4509 4623 4648 4243
4819 5343 5282 5480 5343 5357 5172 5338 5125 5198 5432 5461 5272 5900 5125 5344 5521 5689 5483 5487 5250 5585 5581 5196 4860 5672 5115 5557 5046 5164 5610 5513 4954 5389 5251 5563 5372 5375 5274 5428 5697 5297 5184 5244 5178 5026 5079 5509 5285 5411 5548 5424 5376 5159 5376 5220 5725 5181 5438 5558 5428 5441 5210 5144 5425 4824 5182 5287 5165 5402 5384 4541 5359 5149 5495 5447 4854 4946 5368 5505 5063 5062 5453 4896 5179 5437 5185 5645 5569 5322 5307 5825 4930 5305 4840 5269 5102 5422 5166 5322 5211 5258 5624 5359 5203 5355 5452 5336 5427 5418 5061 5545 5179 5519 5301 5783 5401 5297 5101 5252 5466 5075 4855 5278 5396 5071 5412 5727 5495 5494 5280 5352 5490 4763 5449 5278 5522 5661 4969 5484 5361 5613 5663 5454 5373 5964 5254 5405 5559 5449 5573 5126 5762 4794 5445 5177 5519 5103 5441 5696 5575 5283 4885 5322 5307 5669 5330 5889 5228 5144 5256 5120 5145 5814 4849 5235 5505 5569 5556 5401 5560 5496 5352 5412 5096 5315 5349 4879 4955 5107 4810 5494 5550 5418 5383 5204 5357 4704 5240 5415 4723 5484 5681 5486 5122 4964 5032 5462 5024 4783 5277 5272 5226 5102 4939 5115 5793 5335 5417 5243 5206 5184 5046 5367 5392 4933 5064 5208 5216 4824 5583 5735 5558 5168 5341 5347 5236 5343 5456 5145 5188 5306 5497 5185 4802 5393 5189 4999 5093 5344 5366 5740 5163 5216 5540 4798
4855 5015 5110 5237 5665 5295 5130 5235 5197 4736 5295 5271 4947 5635 4905 5157 5114 5234 5461 5221 4976 5481 5085 4997 5018 5295 4976 5158 5052 5263 5811 5138 4711 5258 5163 5103 5254 5346 4869 5235 5475 5095 4874 4706 4683 4969 5001 5371 5149 5045 5121 5420 5122 5074 4908 5003 5564 5101 5190 5266 5100 5648 4780 5025 5278 4707 5052 5328 4832 4769 4851 4180 5165 5130 5468 5206 4767 5048 5243 5337 5071 5062 5250 5144 5003 5016 4964 5484 5202 5163 5400 5361 4574 5280 4560 5237 5122 4899 4907 4926 5047 5232 5640 5272 5202 4941 5059 5378 4914 5062 4874 5198 4749 5173 5099 5328 5320 4914 4962 5209 5238 5082 4918 5139 4951 4897 5230 5494 5115 5178 5485 5161 5344 4719 5112 5136 5417 5370 4966 5213 5325 5292 5787 5206 4984 5536 4897 4965 5415 5122 5590 4943 5664 4513 5058 5134 5509 4911 5220 5652 5458 5141 4765 5193 4980 5473 5011 5562 5072 4522 4950 4735 5090 5479 4847 5117 5144 5429 5189 5087 5122 5596 4942 5464 4806 4815 5378 4486 4596 5088 4840 5221 5275 5057 5148 5002 5155 4440 5239 5111 4849 5306 5418 5277 5097 4985 4526 5130 4929 4640 5061 5203 5139 5082 4743 5051 5264 5135 5334 5317 4910 4999 4750 4790 5196 4478 4965 5128 5134 4526 5265 5640 5314 4923 5118 5270 5158 4937 5523 5221 4881 5286 5493 4994 4945 5181 4961 5004 5101 5196 5048 5595 5114 4874 5246 4722
5011 5453 5295 5519 5328 5045 5359 5273 4631 4959 5303 5269 5299 5565 4898 5316 5344 5565 5199 5226 5199 5408 5541 5232 5069 5348 5126 5116 5236 4866 5691 5521 4993 5583 5379 5350 5415 5543 5092 5129 5393 4926 5100 4919 5226 4947 5387 5355 5119 5158 5413 5219 5250 4974 5034 5061 5396 5009 5376 5438 5267 5699 4709 5097 5564 4490 5195 5424 5097 5279 5073 4690 5282 5090 5447 5567 5105 4918 5223 5631 4988 5078 5465 5289 4963 5328 5016 5458 5175 5200 5514 5407 5087 5294 4852 5280 5277 5150 4910 5343 5251 5177 5441 5281 5260 5100 5483 5262 5416 5487 4860 5468 4944 5655 5284 5575 5312 5328 5003 5253 5300 5203 4727 5194 5019 5106 5184 5487 5219 5268 5327 5356 5495 4849 5249 5085 5606 5535 5156 5197 5359 5761 5564 5161 5166 5607 5028 5340 5427 5294 5551 5427 5875 4595 5017 5415 5343 5368 5370 5547 5412 5061 4622 5212 5032 5552 5516 5671 5074 5014 5317 5039 5478 5541 5044 5276 5082 5341 4993 5108 5341 5647 4921 5604 4857 5159 5850 4799 5141 5203 4808 5504 5524 5390 4876 5289 5344 4577 5104 5361 5016 5149 5395 5423 5274 4854 4715 5442 4994 4812 5220 5449 5241 5202 4700 5429 5842 5564 5481 5318 5111 5245 4877 5021 5152 4743 4934 5264 4814 5010 5436 5745 5387 5003 5232 5251 5095 5083 5282 5196 5121 5086 5199 5190 5110 5300 4913 4938 5121 5302 5342 5456 5126 5027 5576 4695
4897 5339 5457 5318 5270 5088 5420 5631 5211 5297 5273 5450 5241 5850 5176 5337 5547 5844 5349 5268 5518 5721 5682 5247 5305 5723 5169 5555 5191 5649 5638 5576 5002 5495 5355 5402 5340 5439 5082 5355 5652 5671 5014 5115 5356 5137 5276 5623 5421 5492 5227 5474 5238 5136 5464 5338 5930 5231 5596 5524 5422 5686 5222 5395 5412 4948 5187 5684 5416 5378 5272 4737 5321 5450 5480 5726 4933 5101 5493 5412 5145 5159 5544 5243 5070 5274 5201 5516 5371 5496 5441 5721 4984 5533 4927 5385 5247 5355 5135 5559 5223 5308 5634 5442 5356 5508 5526 5462 5122 5311 5041 5337 4879 5639 5173 5566 5482 5334 5336 5250 5794 5294 4909 5206 5317 5092 5283 5755 5368 5332 5394 5426 5536 5000 5398 5136 5740 5581 5107 5393 5462 5422 5790 5357 5542 5677 5338 5362 5659 5493 5682 5102 5650 5024 5453 5624 5543 5275 5233 5748 5564 5302 5133 5431 5507 5526 5534 5700 5420 5066 5296 5114 5583 5789 5264 5456 5515 5624 5703 5421 5331 5697 5218 5571 5208 5176 5291 4891 5080 5226 4766 5300 5732 5301 5543 5249 5530 4897 5542 5314 4949 5379 5530 5751 5069 5379 4913 5746 5297 5115 5441 5150 5341 5365 5212 5126 5800 5368 5704 5421 5151 5285 4931 5191 5399 5056 4986 5365 5273 4760 5531 5534 5414 5146 5418 5001 5182 5149 5444 5433 5385 5175 5539 5042 4966 5515 5452 5051 5275 5196 5268 5602 5251 5350 5617 5051
5264 5613 5853 5644 5739 5602 5629 5673 5704 5396 5597 5615 5405 5882 5377 5582 5519 5908 5614 5756 5380 5661 5884 5362 5538 5475 5203 5797 5410 5348 6121 5842 5073 5661 6025 5813 5847 5885 5443 5610 5956 5778 5535 5279 5402 5386 5705 5737 5491 5945 5722 5717 5697 5359 5573 5271 6041 5489 5971 5658 5801 6066 5106 5456 5385 5220 5338 5780 5645 5378 5579 4680 5716 5501 5456 5967 5194 5410 5660 5676 5291 5673 5600 5314 5159 5552 5302 6107 5421 5478 5870 5855 4955 5704 5226 5472 5478 5779 5338 5691 5460 5509 5695 5685 5504 5541 5688 5547 5793 5665 5247 5539 5407 6222 5374 5791 5357 5496 5482 5668 5738 5472 5311 5748 5444 5212 5508 5936 5334 5495 5734 5719 5506 5185 5599 5268 5979 5694 5237 5685 5863 5797 6132 5644 5718 5811 5617 5621 6043 5635 6038 5492 5922 5134 5661 5511 5775 5587 5944 6071 6077 5574 4783 5525 5423 5668 5736 6041 5665 5215 5467 5312 5704 5729 5534 5812 5790 5698 5862 5810 5662 6012 5287 6071 5437 5731 5972 5247 5505 5778 4943 5806 5597 5459 5470 5396 5550 4870 5597 5683 5107 5753 5851 5765 5519 5318 5237 5826 5494 5192 5743 5427 5898 5456 5119 5479 6207 5751 5361 5727 5655 5384 5318 5466 5679 5285 5511 5762 5513 5181 5843 5753 5465 5387 5546 5483 5470 5605 5902 5535 5389 5687 5661 5469 5256 5752 5269 5541 5592 5556 5576 5899 5714 5698 5956 5074
5209 5416 5476 5629 5867 5661 5601 5283 5255 5142 5438 5619 5064 5940 5414 5380 5669 5918 5425 5326 5389 5602 5570 5259 5313 5782 5334 5706 5288 5411 5924 5692 5115 5652 5704 5410 5429 5885 5241 5473 5875 5436 5120 5330 5491 5424 5369 5755 5553 5243 5773 5675 5496 5149 5152 5386 5871 5208 5485 5529 5542 5848 5100 5212 5566 4892 5215 5650 5455 5394 5573 4730 5538 5554 5693 5781 5115 5278 5588 5611 5253 5137 5436 5321 5074 5673 5407 5693 5593 5533 5655 5553 5033 5720 4886 5540 5494 5510 5241 5642 5401 5453 5541 5664 5442 5507 5544 5533 5472 5449 4983 5606 5175 5720 5451 5760 5501 5368 5301 5517 5790 5478 4905 5439 5538 5221 5570 5397 5498 5316 5498 5646 5636 5100 5586 5184 5844 5807 5360 5540 5705 5816 5842 5620 5545 5974 5313 5235 5923 5610 6038 5016 5976 4855 5500 5303 5672 5256 5630 5803 5654 5510 5170 5360 5561 5581 5767 5994 5367 5180 5542 5206 5696 5656 5556 5460 5651 5558 5927 5459 5505 5873 5260 5841 5027 5092 5596 4923 5130 5138 5009 5614 5957 5467 5457 5478 5445 4834 5454 5635 5023 5337 5834 5952 5449 5284 4942 5750 5048 5226 5364 5401 5534 5364 5211 5327 5950 5494 5549 5511 5579 5085 4744 5103 5582 5339 5104 5482 5466 5004 5706 5786 5665 5211 5546 5551 5661 5383 5703 5592 5469 5515 5487 5392 5008 5605 5342 5369 5332 5570 5315 5645 5437 5525 5766 4880
5064 5181 5262 5324 5363 5418 5341 5401 5016 5004 5313 5535 5174 5720 5231 5372 5424 5746 5285 5103 5076 5286 5511 5192 5304 5445 5222 5202 5339 5380 5550 5468 5121 5526 5471 5076 5469 5447 4862 5349 5307 4989 5090 5224 5297 5203 5357 5333 5365 5106 5234 5246 5139 5027 5149 5121 5824 4979 5334 5556 5375 5523 5175 5240 5330 4846 5367 5430 5254 5246 5343 4429 5362 5379 5435 5651 4496 4929 5326 5537 5455 5150 5320 5113 5073 5351 5343 5448 5054 5070 5617 5543 4811 5582 5024 4986 5157 5250 4889 5358 5214 5116 5444 5081 5180 5287 5416 5438 5512 5133 4873 5318 5096 5476 5213 5661 5228 5048 4935 5269 5607 5009 4868 5268 5146 5009 5388 5737 5405 5130 5226 5442 5654 4881 5382 5110 5550 5703 4786 5388 5388 5544 5421 5155 5273 5585 5127 4932 5271 5226 5737 5517 5615 4806 5201 5206 5536 5252 5488 5401 5470 5233 4858 5413 5172 5576 5234 5598 5243 4913 5160 4891 5284 5560 4866 5317 5080 5580 5101 5356 5127 5383 5211 5414 4930 5145 5598 4742 5066 5112 4742 5502 5688 5175 5359 5284 5475 4589 4982 5328 4851 5282 5806 5927 5194 5165 4836 5510 4969 4835 5225 5311 5233 5088 4972 5243 5359 5369 5707 5329 5229 5011 4727 5326 5461 4709 5264 5316 5247 4787 5543 5587 5611 5176 5339 5276 5172 5170 5531 5418 5085 5377 5450 4873 4883 5343 5254 4981 5110 5493 5336 5519 4950 5200 5408 4700
5249 5487 5477 5664 5489 5573 5466 5304 5416 5444 5595 5661 5287 5641 5274 5409 5577 5968 5316 5752 5457 5621 5543 5328 5376 5704 5256 5659 5392 5536 5965 5715 5096 5629 5486 5497 5599 5693 5300 5435 5813 5277 5343 5085 5539 5209 5507 5637 5437 5463 5555 5435 5466 5734 5368 5461 5813 5283 5794 5369 5591 5755 5262 5244 5615 4996 5404 5724 5481 5476 5474 4940 5520 5457 5882 5871 4961 5216 5273 5593 5506 5588 5405 5398 5092 5302 5221 5875 5414 5440 5798 5768 4893 5492 5009 5388 5527 5753 5223 5715 5379 5553 5875 5467 5484 5484 5533 5617 5442 5618 5255 5582 4899 5702 5344 5728 5675 5519 5211 5498 5814 5375 5020 5514 5302 5231 5273 6032 5568 5555 5752 5777 5556 5166 5589 5510 5881 5786 5306 5370 5525 5787 5629 5434 5414 5796 5544 5564 5771 5448 5873 5380 5859 4992 5748 5434 5903 5568 5588 5705 5728 5637 5166 5402 5390 5795 5731 6181 5438 5141 5411 5265 5209 5910 5303 5583 5371 5526 5918 5408 5789 5972 5272 5777 5307 5593 5847 4996 4847 5280 5016 5652 5918 5419 5612 5281 5474 4687 5448 5651 5185 5529 5351 5941 5448 5334 4824 5839 5334 4892 5459 5470 5537 5654 5084 5419 5734 5762 5523 5789 5601 5376 5032 5395 5182 5131 5081 5420 5384 4894 5851 5808 5578 5360 5744 5532 5558 5347 5821 5734 5388 5459 5661 5358 5181 5440 5298 5283 5409 5352 5570 5756 5433 5268 5581 5043
4457 4709 4677 5027 5179 4633 4973 4958 4697 4814 4996 5011 4716 5181 4639 4931 4747 5056 4707 4962 4870 4809 4936 4828 4776 4600 4608 4852 4985 4775 5357 5029 4774 4956 4847 4830 4801 5044 4667 4767 4981 4627 4846 4519 4629 4625 4681 4971 4628 4683 4880 4788 4768 4533 4790 4847 5328 4586 4963 5085 4881 5222 4465 4758 4986 4485 4864 4854 4678 4748 5006 4082 5233 4686 5125 5361 4550 4425 4763 5135 4832 4823 4810 4795 4481 4715 4585 4925 4744 4652 5013 4915 4468 4858 4674 4601 4603 4611 4230 4901 4876 4865 5131 4790 4704 4573 4847 4780 4769 4843 4515 4995 4602 5179 4930 4943 4879 4647 4601 4814 5437 4808 4595 4871 4617 4556 4714 5219 4833 4745 5000 5165 5003 4605 4818 4869 5158 5075 4454 4743 5040 5182 5268 4793 4659 4887 4524 4824 5169 4879 5191 4684 5190 4491 4856 4909 4884 4894 4854 4909 5139 5031 4462 4897 4629 4878 4923 5262 4930 4826 4911 4681 4705 5248 4689 4773 4950 4895 4871 4873 4789 5258 4743 5115 4456 4702 5108 4425 4570 4721 4286 4838 4890 4736 4553 4471 5170 4337 4799 4879 4594 4922 4980 5200 4654 4442 4389 4889 4796 4385 4809 4781 4765 4856 4472 4748 5159 4832 4960 4996 4613 4798 4381 4673 4771 4326 4808 4716 4773 4340 4999 5107 4939 4736 4901 4945 4894 4700 4900 4864 4698 5122 5116 4682 4742 4729 4685 4446 4840 4756 4892 5337 4855 4798 5148 4247
5027 5292 5341 5293 5334 5119 5281 5421 4944 5244 5416 5358 5537 5520 5204 4987 5458 5848 5433 5294 5330 5639 5264 5457 5267 5343 5521 5410 5095 5303 5591 5477 4928 5279 5293 5443 5499 5668 5146 5344 5458 5243 5183 5030 5305 5061 5185 5364 5549 5555 5376 4998 5351 5087 5084 5115 5646 4919 5390 5452 5312 5639 5208 5238 5377 4973 5080 5166 4880 5319 5178 4670 5423 5207 5397 5606 4836 5258 5412 5636 5038 5311 5290 5227 5191 5138 5129 5512 5204 5242 5364 5378 4839 5377 4888 5575 5044 5019 5080 5305 5299 5068 5465 5301 5255 5312 5276 5268 5473 5204 5183 5233 5059 5405 5340 5607 5158 5493 5095 5470 5512 5464 5069 5453 5276 5260 5212 5673 4822 5488 5370 5596 5481 4962 5386 5172 5553 5669 5039 5192 5554 5603 5705 5231 5145 5639 5061 5198 5330 5454 5574 5234 5559 5010 5274 5307 5828 5257 5335 5723 5574 5088 4972 5583 5468 5467 5271 5791 5449 5003 5215 5044 5289 5358 5157 5393 5034 5183 5316 5643 5422 5552 5071 5628 5339 5213 5448 4817 4939 5309 4903 5638 5574 5361 5349 5130 5391 4814 5158 5411 5015 5315 5661 5448 5323 5182 4753 5217 5108 4685 5230 5222 5276 5134 5085 5269 5706 5455 5579 5483 5227 5286 4655 4942 5321 4770 5082 5139 5095 4488 5507 5658 5279 4800 5300 5258 5162 5275 5279 5454 4955 5245 5414 5179 5281 5359 5092 4912 5117 5255 5257 5501 5425 5304 5526 5057
5404 5589 5225 5428 5463 5381 5500 5502 5317 5257 5447 5587 5341 5727 5338 5215 5468 5698 5378 5489 5221 5673 5576 5674 5485 5397 5038 5696 5423 5449 5694 5719 5346 5572 5401 5472 5529 5570 5373 5327 5618 5430 5256 4894 5622 5352 5310 5610 5434 5298 5234 5308 5420 4999 5404 5264 5786 5349 5614 5518 5486 5685 5221 5367 5485 5108 5219 5465 5254 5690 5496 4722 5409 5582 5647 5706 4963 5017 5381 5763 5235 5341 5472 5361 4996 5394 5311 5722 5165 5345 5373 5640 4880 5465 5117 5407 5110 5415 5155 5514 5170 5401 5446 5505 5453 5409 5444 5277 5811 5590 5241 5920 5206 5676 5449 5790 5252 5377 5239 5415 5528 5275 5181 5597 5102 5177 5110 6052 5307 5212 5582 5444 5682 4885 5263 5258 5441 5765 5159 5305 5656 5739 5850 5336 5184 5564 5294 5222 5840 5463 5917 5525 5813 4800 5577 5641 5449 5389 5452 5763 5596 5422 4993 5279 5277 5517 5305 5882 5137 5203 5454 5005 5477 5725 4987 5260 5672 5939 5340 5499 5504 5712 5237 5721 5193 5336 5728 4945 4922 5470 4868 5810 5621 5339 5563 5276 5875 4514 5426 5372 4962 5505 5529 5779 5073 4917 4701 5457 5188 4966 5427 5301 5650 5212 5050 5421 5617 5500 5256 5618 5392 5502 5101 5398 5431 4810 5122 5336 5344 4748 5493 5837 5340 5155 5489 5311 5480 5435 5603 5334 5132 5514 5441 5033 5245 5323 5148 5121 5523 5328 5316 5602 5337 5343 5906 4774
4770 5020 4942 4916 5124 4834 5127 4986 4922 4575 4791 5170 4791 5340 4954 5120 4887 5401 5068 5187 5067 5122 5030 4868 4946 4885 4810 5012 5046 4774 5511 5259 4810 5052 4949 4996 5171 5112 5065 5022 5278 4678 4816 4758 4871 4705 4842 5111 5000 4979 5142 4874 4831 5001 5060 5072 5220 4895 5371 5150 5256 5208 4842 4851 5060 4361 4725 5046 4866 4920 4793 4326 4964 5068 5147 5086 4619 4919 4775 5301 4978 5077 5050 5006 4815 5009 4921 5237 5021 5036 5166 5348 4619 5098 4608 4936 4730 4781 4936 5054 4704 4976 5089 4817 4809 4754 4962 4920 5189 4958 4591 5382 4558 5228 5098 5113 4836 4998 4941 5200 5338 5002 4780 5123 4879 4861 4679 5323 5158 4954 5275 5087 5081 4504 5186 4911 5140 5417 4943 5048 5226 5315 5360 5228 4959 5237 4768 4761 5477 5262 5362 4807 5509 4437 5127 5007 5083 5112 5172 5281 5282 4974 4412 4864 4999 4929 4994 5375 5113 4584 4963 4803 4888 5248 4745 4981 4990 5378 4971 5033 5051 5106 4750 5294 4691 4769 5366 4389 4510 4875 4497 5006 4908 4833 4916 4682 5224 4448 4981 4783 4441 4973 5158 5231 4861 4694 4602 5295 5058 4579 5060 4943 4920 4898 4632 5005 5319 5291 5094 4955 4893 5012 4611 4799 4903 4375 4605 4949 4914 4509 5257 5304 5097 4889 5123 5233 4769 4782 5173 5111 4850 5067 5261 4943 4517 4942 4704 4666 4890 5177 4999 5319 4675 4970 5201 4719
5015 5314 5164 5114 5337 5001 5173 5257 4755 5130 5441 5601 5050 5650 4997 5041 5216 5534 5271 5071 5075 5233 5335 5228 5185 5184 4959 5450 4965 5304 5518 5580 4811 5327 5160 5319 5102 5432 5169 5179 5598 5150 5112 4851 5272 4984 5091 5346 5154 5205 5002 5000 5053 4903 5052 5049 5388 4805 5126 5361 5209 5649 5000 5090 5139 4829 5043 5038 4930 5275 5066 4506 5397 5256 5485 5358 4542 4842 5264 5426 5129 5243 5155 4931 5052 4910 5143 5338 4949 5056 5287 5211 4926 5385 4887 5129 4906 5434 4929 5345 5475 5113 5429 5262 4924 5506 5082 5219 5431 5149 4983 5183 4890 5452 5243 5540 5261 5175 5221 5166 5565 4878 4618 5110 5196 4917 4855 5565 5076 5257 5308 5261 5350 4799 5146 5039 5476 5555 4852 5408 5225 5568 5672 5243 5101 5348 4926 4986 5525 5324 5673 5070 5434 4799 5169 5200 5490 5068 5129 5459 5356 4905 4703 5269 5187 5231 5339 5832 5326 4983 5313 4949 5533 5260 4784 5048 5313 5144 5373 5290 5030 5402 5099 5555 4662 5165 5357 4519 4832 5267 4703 5471 5469 5101 5205 5109 5193 4664 5108 5312 4724 5212 5419 5752 4935 5004 4577 5374 4869 4689 5078 4965 5079 5126 4651 5124 5626 5186 5009 5249 4952 5158 4456 4955 5417 4597 4973 5171 5157 4778 5168 5460 5389 5062 5312 5363 5174 5061 4923 5186 5068 5083 5099 5086 5106 5201 5112 4943 5083 4949 5140 5553 5266 5137 5489 4884
4910 5390 4945 5668 5742 5317 5454 5399 5007 5067 5286 5586 5303 5806 5108 5339 5572 5853 5605 5286 5406 5526 5527 5138 5253 5428 5125 5336 5342 5037 5843 5946 5223 5493 5521 5468 5480 5542 5048 5435 5614 5431 5189 5179 5134 5172 5245 5514 5367 5397 5510 5665 5102 4994 5228 5397 5773 5074 5445 5427 5487 5961 4909 5234 5507 4938 5235 5556 5408 5114 5472 4492 5359 5326 5586 5801 5019 5437 5547 5544 5333 5417 5525 5440 5218 5323 5194 5585 5146 5345 5689 5598 5045 5333 4724 5417 5300 5325 4936 5415 5673 5248 5526 5102 5379 5346 5441 5353 5637 5357 4912 5360 5201 5721 5534 5673 5301 5411 5108 5601 5606 5422 5213 5138 5123 5166 5162 5657 5319 5507 5937 5650 5414 5068 5373 5208 5700 5732 4962 5369 5495 5893 5916 5341 5401 5693 5133 5478 5578 5377 5370 5244 5784 4820 5367 5392 5429 5102 5390 5510 5787 5136 4814 5604 5392 5716 5710 5793 5445 5322 5433 5040 5446 5780 5213 5430 5367 5545 5392 5503 5343 5856 5369 5718 5133 5361 5663 4961 4957 5233 4894 5493 5440 5435 5218 5107 5573 4858 5266 5480 4856 5517 5794 5611 5221 4738 4946 5536 5196 4877 5398 5320 5558 5304 5000 5461 5683 5518 5371 5632 5265 5288 4874 5220 5035 4715 5009 5396 5103 4944 5549 5727 5550 5144 5340 5291 5246 5090 5648 5316 5214 5288 5537 5446 5178 5377 5031 5062 5113 5250 5506 5634 5516 5381 5756 5048
4256 4981 4671 5008 4957 4865 4634 4773 4608 4531 4766 5015 4606 5112 4508 4915 5062 5038 4972 4962 4556 4810 5018 4691 4584 5096 4617 4861 4398 4896 4998 5091 4536 4859 4641 5017 4976 4890 4706 4800 5242 4679 4519 4624 4697 4576 4791 4940 4630 4730 4905 4945 4737 4685 4813 4641 5183 4881 5035 5046 4926 5016 4555 4593 4715 4446 4641 5041 4554 4800 4783 4087 4679 4685 5142 5217 4364 4559 4898 5130 4887 4792 4889 4628 4683 4600 4788 5255 4682 4898 4738 5012 4325 4978 4236 4736 4430 4863 4402 4658 4656 4822 5055 4842 4781 4694 5067 4672 4892 4781 4446 5039 4486 5049 4592 5104 4868 4627 4699 4670 4947 4659 4568 4577 4765 4751 4879 5185 4784 4806 4954 4818 4932 4383 4946 4659 5091 4956 4545 4649 4790 5113 4991 4881 5074 5141 4814 4531 5037 4697 5208 4673 5092 4555 4726 4855 5063 4609 4704 5232 5208 4540 4359 4716 4738 5083 5013 5086 4902 4544 4897 4598 4800 5156 4461 4741 5184 4912 4967 4838 4917 5105 4821 4957 4585 4813 5164 4340 4514 4784 4325 4902 5101 4676 4867 4679 4907 4173 4936 4990 4412 4916 4943 5283 4663 4556 4375 5073 4594 4316 4654 4701 4742 4712 4289 4683 4949 4891 4968 4804 4681 4563 4238 4671 4682 4527 4586 4610 4669 4269 4905 5172 4994 4676 4741 4581 4447 4643 4978 4717 4698 4905 5071 4661 4688 4693 4668 4537 4822 4748 4799 5035 4807 4713 5007 4420
4839 5194 5308 5065 5197 4947 5162 5364 4731 4650 5104 5321 5181 5442 4845 5141 5164 5489 5177 5258 5287 5337 5110 5033 5167 5105 4863 5140 5091 4941 5646 5312 4973 5358 5125 4976 5274 5395 4884 5155 5262 5205 5047 4978 5046 5018 5004 5422 5457 5116 5150 5170 4976 4842 4948 5013 5424 5081 5227 5175 4971 5701 5000 4989 5167 4746 5062 5225 4986 5169 5148 4253 5281 5155 5110 5411 4584 4947 5202 5360 5168 5019 5398 5079 4775 5033 4994 5553 4828 5253 5442 5435 4456 5352 4708 5373 5127 5061 5149 5071 5009 5221 5427 5158 5015 5040 5129 4942 5350 4995 4851 5113 4836 5464 5307 5181 5206 4971 4827 5192 5489 4969 4791 5226 5109 4914 5006 5720 4933 5140 5408 5177 5193 4731 5498 4679 5517 5389 5044 5187 5471 5579 5332 5107 4859 5594 5043 4861 5290 5346 5287 5027 5499 4417 5177 5241 5354 5031 5214 5155 5467 4948 4818 5212 5011 5218 5097 5423 5212 4856 5061 4932 5170 5504 4916 5081 5032 5472 5520 5261 5057 5466 4870 5614 5198 5309 5174 4793 4894 5095 4655 5328 5754 5135 5178 4879 5286 4342 5169 5015 4781 5288 5573 5424 4869 5014 4836 5373 4666 4546 5043 4899 5144 4954 4833 4912 5612 5530 5437 5120 5157 5023 4749 4999 4960 4904 4706 5159 4852 4542 5342 5629 5320 4728 5369 5232 5019 5026 5356 5303 4798 5310 5362 4964 4951 5299 4798 4724 5281 5322 5235 5395 5190 5202 5512 4824
4799 5085 4948 5125 4969 4777 4777 5153 4733 4670 5119 5020 4866 5501 4655 5044 5102 5207 5083 5156 4731 5108 5104 5180 4778 5025 4669 5070 4782 4878 5433 5140 4839 5015 4916 4879 5130 5185 4945 4881 5508 4920 4937 4815 5087 4726 4554 5083 5073 4911 5130 5130 4797 4584 4833 4991 5237 4674 5054 5257 5073 5409 4602 4798 5034 4807 5055 4844 4728 4984 5295 4227 5063 4910 5347 5401 4665 4666 5101 5193 4640 4630 4957 4560 4924 4999 4785 5165 4888 4925 5263 5227 4471 5172 4527 5116 4923 5035 5025 4993 4690 5110 5277 5114 5084 5038 4968 5131 5061 5020 4776 5213 4601 5231 5095 5337 4971 5079 4907 4620 5079 4959 4389 5134 4906 4905 4984 5330 4678 5209 5085 5185 5240 4588 4871 4697 5138 5214 4494 5114 5134 5342 5096 4838 4914 5465 4642 4902 5125 5164 5208 4935 5281 4504 4932 4741 5303 4763 4703 5291 5259 4760 4557 5152 4984 4977 5198 5488 4962 4760 4884 4717 5006 5354 4789 4871 5196 5369 5186 5083 4973 5381 4805 4972 4685 4970 5266 4388 4480 5031 4705 5266 5082 5023 4867 4837 5090 4429 4976 4890 4615 4963 5155 5269 4793 4859 4529 5110 4572 4681 4823 4955 5226 4982 4710 4919 5269 5173 5050 4915 4931 4913 4541 4565 5019 4735 4747 4776 4640 4646 5345 5339 5095 4848 5226 4915 5064 4967 5200 5057 5012 4977 4950 4924 4812 4998 4679 4824 5030 4934 4921 5357 5171 4959 5156 4582
5045 5597 5655 5921 5530 5581 5586 5717 5443 5530 5768 5840 5434 6127 5319 5780 5492 5962 5574 5743 5692 5992 5583 5731 5662 5900 5543 5717 5441 5585 6220 5838 5263 5733 5451 5604 5657 5729 5408 5819 5757 5565 5440 5399 5634 5322 5530 5836 5696 5794 5571 5746 5490 5351 5578 5289 5959 5447 5959 5786 5541 5928 5563 5301 5659 5025 5533 5748 5267 5465 5731 4924 5671 5488 5474 5814 5167 5499 5717 5763 5386 5369 5756 5336 5132 5491 5620 5874 5731 5780 5709 5880 5225 5798 5155 5666 5529 5517 5299 5632 5290 5797 5877 5596 5721 5488 5513 5859 5787 5685 5474 5668 5349 5994 5452 5954 5617 5633 5561 5803 5734 5601 5200 5877 5455 5468 5545 6074 5710 5687 5669 5600 5910 5072 5829 5463 5890 5916 5492 5611 5751 6023 5930 5685 5673 5986 5277 5373 5880 5726 5957 5503 6053 5095 5558 5554 5848 5348 5746 6088 5862 5502 5241 5893 5685 5805 5586 6053 5644 5130 5516 5215 5593 5980 5355 5734 5534 6045 5822 5712 5506 5885 5491 5670 5330 5735 5941 5171 5014 5560 5156 5871 5951 5722 5743 5539 5526 4978 5823 5618 5146 5663 5697 5771 5450 5377 5103 5680 5512 5335 5653 5625 5670 5617 5096 5449 5775 5958 5848 5618 5518 5320 5025 5299 5673 5313 5358 5585 5292 4955 5731 6060 5757 5348 5630 5552 5397 5387 5681 5559 5702 5360 5689 5679 5323 5753 5357 5550 5454 5713 5606 5863 5546 5588 5973 5418
4940 5098 5177 5349 5155 5058 5151 5421 5071 4889 5246 5444 5240 5377 4872 5140 5309 5741 4933 5196 5017 5287 5427 5095 5047 5630 5146 5205 5122 5051 5360 5337 5178 5311 5244 5311 5208 5379 5077 5074 5420 5176 5115 5094 5265 5057 5170 5482 5350 5393 5245 5067 5030 5148 5078 5041 5623 4973 5430 5457 4995 5745 4994 5212 5318 4742 5018 5227 5095 5650 5323 4504 5441 5052 5493 5559 4895 5151 5178 5275 5047 4964 5421 5234 4922 5283 5194 5283 4892 5220 5422 5351 4788 5439 5040 5351 5177 5000 5102 5345 5135 5224 5414 5335 5282 5204 5333 5085 5547 5196 5083 5377 4795 5428 5314 5401 5365 5355 4865 5331 5419 5110 4765 5191 4994 4984 5173 5640 5074 5395 5239 5488 5519 4779 5060 5132 5413 5240 4928 5140 5345 5512 5167 5222 5205 5581 5108 5166 5508 5174 5430 5292 5605 4882 5195 5215 5844 5128 5817 5539 5246 5458 4723 5456 5209 5400 5131 5938 4896 5171 5332 4850 5330 5576 5224 5328 5279 5225 5399 5095 5122 5484 5160 5285 5068 5305 5434 4590 4968 5106 4615 5416 5503 5038 5285 5090 5491 4579 5050 5286 4951 5386 5445 5178 4829 5025 4805 5554 5083 4742 5292 5263 5307 5125 4729 5216 5524 5413 5383 5305 5029 5069 4718 5116 5057 4745 4844 5061 5071 4816 5672 5530 5343 4906 5391 5144 5185 4883 5427 5431 4883 5230 5318 4936 4963 5399 4901 5035 5197 5130 5160 5439 5251 5097 5759 4888
4752 4968 4944 5200 5123 4967 4889 4933 4678 4771 5004 5203 4823 5335 4810 4725 5056 4960 4858 5117 5154 5185 5086 4915 4714 5005 5075 4988 4589 4831 5118 5254 4683 4943 5090 4937 5084 4907 4928 5007 5608 5010 4674 4717 4738 4892 4945 5059 5104 4968 5064 5040 4958 4727 4822 5082 5309 4899 5092 5060 4884 5396 4703 4782 4980 4443 4850 5020 4953 4988 4646 4393 4947 4699 5151 5324 4457 4845 4395 5429 5071 4917 4846 5101 4487 5052 4789 5104 4886 4847 5109 5375 4815 5053 4647 5289 4960 4753 4881 4862 4873 4975 4910 5058 4955 4883 5069 4842 5027 4969 4512 5234 4529 5001 5063 5368 5024 4803 4777 4840 5199 5034 4548 5107 5010 4770 4600 5442 4911 4788 5353 4875 5085 4572 5035 4797 5180 5356 4839 4978 5231 5372 5208 5128 4984 5339 4722 4796 5336 4967 5339 4932 5545 4166 4889 5121 5217 4919 4918 5460 5108 4701 4714 5034 4827 5175 5095 5345 5098 4716 5078 4488 5024 5132 4505 4808 4815 5344 4995 4945 4958 5327 4805 5131 4566 4793 5407 4531 4518 4942 4620 5387 5251 4989 4799 4683 5032 4312 4837 4741 4760 4982 5045 5154 4770 4836 4645 4858 4704 4786 4742 4932 5075 5041 4454 4800 5500 5095 5022 4994 4700 5076 4387 4651 4827 4406 4727 5187 4894 4520 5015 5240 5000 4620 4979 4873 5039 4959 5074 5066 4771 4878 5139 4967 4765 4995 4809 5029 4880 5075 5035 5240 5063 4675 5138 4569
4572 4959 5078 5127 5185 4841 4917 5030 4568 4942 5066 5263 4938 5577 4918 5162 5050 5408 5292 5032 4846 5394 5153 5090 4986 5472 4719 5015 4804 4925 5516 5272 5019 5114 5292 5058 5349 5350 4930 5114 4944 5031 4753 4827 4966 4827 4955 5082 4925 4902 4874 5060 4809 5030 4823 4641 5362 4774 5145 5092 5013 5237 4957 4873 5052 4724 4858 5235 4892 5014 4963 4115 5048 5226 5269 5307 4484 4784 5100 5189 4663 4754 5228 5109 4754 5384 5117 5297 5004 5164 5048 5391 4700 5069 4871 5180 4938 5175 4769 5070 4866 4989 5213 5050 5066 5099 5036 5369 5151 5224 4735 5270 4983 5349 5007 5325 5071 5001 4758 5112 5030 4848 4786 5005 5002 4855 4942 5248 4930 5157 5062 5071 5318 4550 5162 5006 5297 5195 4835 5299 5219 5252 5343 5099 5190 5423 5078 4909 5384 4953 5368 5013 5414 4766 4963 4954 5338 4898 5366 5152 5603 4997 4603 5087 4948 5248 5102 5373 4939 4876 5285 4789 5096 5299 4698 4897 5151 5299 5087 5010 4985 5137 5014 5210 4616 5052 5570 4528 4740 4995 4521 5203 5410 5230 4708 4931 5134 4402 4875 5095 4587 5101 5123 5467 4900 4681 4556 5260 4728 4438 4773 5133 5006 5137 4762 4960 5397 4969 5220 5006 4925 4704 4570 4968 4991 4450 4677 4924 4955 4410 5091 5552 5155 4830 5116 5118 4874 4928 5136 5040 4949 5011 5228 4817 4719 5078 4663 4856 4933 4921 4871 5231 4866 5018 5344 4487
4861 5289 5173 5451 5301 5076 5219 5272 4815 4897 5366 4990 5043 5408 5128 4975 5225 5302 5264 5325 5028 5113 5278 5037 4931 5353 5061 5123 5141 5315 5710 5669 5049 5066 5146 5438 5363 5358 4964 5271 5444 5068 4917 4993 5063 4721 5031 5246 5083 5251 5078 5014 5077 4870 5061 4827 5523 4831 5050 5460 5343 5577 4965 4982 5078 4780 4740 5278 5158 5064 5151 4419 5240 5073 5125 5569 4644 5006 5215 5398 4989 5244 5300 5191 4979 5071 4865 5565 5008 5015 5278 5412 4839 5268 4721 5178 4973 5125 4821 4958 4881 4910 5220 5164 4945 5151 5162 4990 5212 4951 4894 5357 5063 5521 5033 5342 5398 5184 5077 5184 5346 5488 4737 5037 4991 4877 4889 5417 5101 5230 5244 5306 5302 4635 5342 4836 5437 5423 4912 5312 5064 5587 5645 5282 5105 5394 5047 5102 5421 5255 5300 5131 5695 4582 5161 5371 5454 4857 5209 5351 5457 5003 4675 5020 5139 5426 5142 5677 5104 5061 5106 5098 5306 5589 4881 5140 5024 5169 5389 5362 5125 5636 4933 5638 4970 5125 5310 4685 4966 5199 4538 5291 5655 5022 5144 4809 5301 4429 5190 5181 4905 5206 5395 5272 5103 4721 4807 5325 4605 4471 5198 4753 5256 5116 5030 5072 5701 5192 5245 5154 5324 4976 4618 4869 5255 4649 5001 5150 5082 4647 5295 5584 5507 5102 5081 5301 4986 4727 5204 4736 5175 5109 5134 4989 4733 5251 4875 4784 5043 5196 5222 5406 5189 5293 5131 4782
5044 5397 5207 5443 5512 5288 5329 5201 5150 5042 5393 5506 5186 5838 5117 5114 5408 5470 5583 5285 5230 5604 5505 5211 5164 5431 5379 5620 5307 4907 5727 5463 5137 5170 5311 5344 5240 5547 5212 5460 5753 5323 5149 4940 5068 5150 5343 5254 5437 5067 5501 5521 5455 5031 5408 5106 5677 4901 5332 5306 5325 5786 4981 5164 5169 5123 5445 5341 5496 5216 5385 4619 5434 5354 5683 5713 4897 5054 5380 5432 5278 5370 5294 5236 5117 5360 5154 5491 5122 5157 5375 5821 4793 5282 4977 5725 5248 5180 4837 5269 5269 5240 5534 5259 5213 5403 5325 5182 5431 5173 4873 5372 5129 5594 5693 5818 5361 5419 4897 5385 5322 5383 4748 5099 5285 5171 5411 5643 5349 5194 5598 5354 5556 4679 5267 5099 5457 5585 5143 5437 5323 5896 5669 5354 5323 5603 5170 5218 5642 5540 5894 5307 5640 4662 5333 5116 5664 5028 5277 5450 5713 5252 4870 5337 5295 5502 5568 5728 5355 5213 5319 5182 5384 5628 5103 5383 5267 5547 5535 5510 5506 5630 5048 5605 5031 5216 5309 4639 4835 5214 4903 5436 5505 5103 5158 5111 5422 4617 5464 5239 4804 5361 5858 5493 5175 5113 4836 5565 5094 4897 5534 5346 5335 5221 4994 5096 5834 5345 5470 5306 5072 5182 4778 5167 5306 4813 4748 5190 5204 4608 5233 5748 5577 5141 5407 5475 5227 5300 5561 5318 5357 5469 5490 5136 5143 5487 5094 5203 5269 5235 5161 5594 5229 5311 5609 4838
4780 4919 4599 4905 4758 4719 4918 4687 4618 4363 4842 5000 4859 5141 4614 4746 4722 5197 5041 4866 4710 5306 5078 4660 4764 5186 4618 4963 4880 4793 5289 5186 4754 5100 5012 4862 4933 5075 4829 4792 5172 4988 4514 4905 4911 4682 4891 4791 5077 4767 4822 4932 4715 4785 4945 4724 5305 4578 5126 4722 5089 5405 4400 4548 4945 4671 4906 4931 4710 4799 5241 4241 4818 4869 5146 4942 4484 4772 4901 4961 4729 4789 4904 4603 4695 5008 4741 5192 4596 4865 5135 5104 4550 4952 4832 4942 4932 4747 4671 4815 4712 4680 5149 5022 4948 4884 5068 5079 4984 5024 4515 4941 4628 5266 5023 5293 4644 4870 4586 4938 4915 4688 4301 4790 4886 4809 4987 5081 4911 5103 4860 5190 5086 4651 4997 4683 5096 4935 4693 4927 4832 4899 5335 4784 4740 5423 4860 5026 5105 4733 5498 4841 5296 4480 4840 4606 5188 4934 4987 5015 5025 4877 4532 4979 5133 5074 4980 5368 4777 4734 4628 4558 4867 5106 4772 4760 5025 5192 5160 4942 5166 5370 4599 5014 4863 4755 5207 4475 4385 4681 4574 5152 5534 5117 4617 4871 4996 4419 4822 4944 4525 5031 5210 5293 4762 4730 4481 4957 4416 4435 4794 5032 4917 4690 4603 4837 5129 4969 5015 4980 4938 4756 4386 4846 4926 4385 4523 5098 4686 4383 5055 5407 5179 4857 5081 4922 4965 4886 5053 5076 4644 4978 5026 4626 4559 4915 4549 4955 4875 4720 4859 5071 4924 4797 5221 4588
5121 5572 5537 5690 5625 5611 5505 5648 5261 5341 5693 5670 5625 5927 5339 5286 5695 5869 5403 5580 5436 5626 5426 5223 5413 5610 5234 5640 5514 5452 5769 5843 5229 5962 5575 5440 5545 5687 5501 5651 5828 5335 5471 5347 5363 5215 5423 5547 5568 5440 5603 5426 5548 5141 5321 5402 5867 5040 5486 5585 5484 6009 5253 5359 5473 4957 5406 5797 5213 5419 5607 4577 5549 5615 5572 5712 4903 5194 5346 5939 5396 5489 5117 5436 5122 5552 5221 5843 5546 5541 5609 5688 4945 5470 5186 5557 5401 5378 5343 5698 5345 5686 5521 5538 5397 5517 5425 5395 5621 5230 5213 5788 5388 5791 5439 5980 5633 5401 5015 5582 5675 5233 5096 5576 5343 5257 5115 6013 5412 5515 5619 5794 5689 5032 5449 5345 5763 5854 5474 5643 5622 5830 5904 5667 5436 5745 5267 5500 5840 5500 5845 5242 5882 4833 5665 5593 5598 5742 5451 5677 5735 5289 5251 5589 5346 5574 5550 5839 5776 5073 5389 5155 5686 5731 5295 5460 5479 5566 5515 5433 5632 6094 5106 5864 5186 5421 5677 5038 5000 5621 4854 5602 5833 5426 5234 5173 5529 4916 5634 5459 5368 5314 5917 5650 5262 5372 5250 5849 5438 4925 5535 5457 5622 5424 5212 5367 5937 5729 5731 5567 5547 5468 5132 5476 5480 5091 5287 5610 5366 4843 5736 5842 5540 5259 5652 5528 5468 5316 5672 5340 5148 5506 5649 5463 5245 5747 5382 5252 5478 5478 5519 5601 5383 5468 5647 5008
4745 5102 4915 5121 5164 4708 5075 4872 4808 4598 5185 5136 4994 5462 4790 5004 5020 4919 5202 4933 4890 5304 4962 5028 5062 5055 4960 5100 5152 5137 5579 5326 4644 4821 5126 5036 4929 5059 4807 5151 5270 4973 5034 4717 4675 4612 4774 5152 4897 4785 5043 4853 4918 4807 5181 4695 5493 4619 5066 5325 5249 5514 4714 4957 5051 4892 5020 4865 4976 4918 5092 4003 4943 4872 5007 5512 4562 4611 4982 5178 4877 4927 5017 5157 4830 4818 4684 5126 4758 4914 5217 5375 4634 5070 4532 5165 4706 4723 4824 4828 4779 4833 5032 5023 4829 4972 5096 5005 5165 4819 4898 5292 4736 4962 4819 5464 5012 4916 4809 5100 5066 4791 4679 4788 5123 4811 4854 5524 4845 5105 5373 5167 5471 4813 4991 5193 5267 5321 4709 5064 4863 5377 5253 5009 5030 5432 4805 4770 5430 5088 5305 4906 5539 4373 4933 5174 5246 5109 4974 5201 5635 4847 4762 5058 5055 5372 4885 5608 4904 4696 4925 4748 5375 5529 5036 5125 4821 5264 5252 5151 5211 5439 4908 5273 4817 4818 5266 4359 4613 4851 4617 5154 5078 4808 5044 4697 5428 4561 4870 4696 4443 5052 5423 5267 4821 4869 4556 5310 4902 4480 5097 4670 5015 4785 4654 4880 5090 4839 5219 4892 4759 4857 4514 4859 5109 4354 4949 5012 4934 4480 4900 5397 4992 4631 4907 4900 4920 4925 4986 5002 4930 4949 5058 4874 4776 5067 4774 4742 4955 4796 4856 5376 5089 5278 5268 4609
4954 4971 5135 4934 5282 5170 5323 5301 4839 5135 5016 5279 5102 5512 4948 4885 5037 5501 5218 5312 4927 5455 5204 5175 5114 5292 4824 5007 4992 5066 5518 5565 4915 5085 5263 5222 5325 5284 5064 5378 5430 4978 5018 4836 5151 4929 4937 5395 5295 5197 5111 5089 5018 5055 4936 5000 5158 4917 5336 5112 5397 5258 4944 4842 5140 4792 5027 5179 4890 5075 4907 4355 4896 5016 5074 5641 4736 4736 4904 5241 4863 5146 5330 5121 4746 4730 4923 5171 4920 5179 5187 5293 4808 5216 5004 5183 4818 5059 5132 5085 4780 5065 5485 5024 4854 5098 5148 5127 5183 5093 4866 5231 4757 5507 4895 5404 5338 5185 4989 5169 5637 5200 4776 5012 5228 5004 4879 5588 5113 5252 5354 5269 5056 4489 5255 4930 5234 5322 5108 4977 5227 5678 5358 5038 5036 5255 4979 5063 5530 5539 5305 5082 5609 4429 5278 5076 5348 4986 5219 5472 5411 5087 4758 5293 5179 5130 5070 5458 5085 4895 5016 4736 5440 5450 4696 5318 5187 5035 5340 5313 5289 5272 4963 5553 4883 5136 5440 4650 4824 5029 4736 5053 5427 5092 5338 4726 5127 4452 5245 5271 4637 5166 5255 5364 5086 5016 4707 5163 4937 4739 5211 5046 5217 5347 4568 4906 5465 5064 5224 5228 4860 4861 4601 4865 4843 4586 4806 4798 5176 4772 5210 5221 5101 4990 4851 5179 4874 4881 5233 5068 4947 5038 5089 4988 4850 4997 4980 5077 4994 5018 4980 5305 5141 4951 5457 4790
4557 4823 4577 4813 4957 4671 4554 4571 4722 4629 4700 4902 4487 5070 4618 4759 4756 4875 4867 4643 4637 4836 4908 4722 4941 4865 4559 5002 4742 4653 5128 4851 4473 4727 4918 4667 4778 5296 4333 4859 4908 4790 4552 4293 4774 4291 4751 4861 4576 5003 4961 5053 4849 4535 5045 4362 5028 4493 5063 4984 4931 5158 4517 4513 5058 4173 4662 4865 4813 4779 4874 4046 4966 4814 5041 5032 4617 4379 4642 5037 4703 4697 4869 4589 4334 4890 4583 4758 4445 4547 4701 5256 4370 4872 4383 4761 4534 4581 4458 4710 4649 4661 4853 4571 4466 4739 4621 4750 4714 4805 4314 4859 4681 5029 4880 4866 4615 4703 4586 4757 5230 4678 4515 4648 4390 4669 4749 4956 4395 4651 4825 4756 4917 4375 4820 4513 4975 4989 4451 4717 4825 5242 4774 4800 4795 4864 4588 4536 4964 4907 4992 4799 5066 4428 4831 4867 5233 4494 4746 4920 5115 4618 4566 4738 4923 4941 4777 5221 4714 4696 4533 4449 4650 4908 4477 4560 4551 5091 5071 4926 4847 5021 4750 5129 4628 4415 4945 4410 4493 4713 4182 4763 5192 4571 4863 4727 4789 4187 4503 4769 4219 4847 4973 4963 4735 4476 4153 4851 4406 4533 4700 4347 4851 4637 4654 4487 4981 4894 4947 4614 4691 4526 4281 4528 4907 4232 4412 4568 4674 4234 4796 5045 4854 4468 4959 4706 4626 4683 4826 4913 4708 4830 5051 4474 4404 4760 4590 4715 4672 4495 4812 4848 4632 4554 5043 4306
4402 4510 4597 4626 4831 4454 4811 4927 4358 4407 4620 4839 4799 5154 4258 4591 4789 5084 4845 4606 4633 4782 4593 4541 4645 4951 4643 4784 4437 4545 5207 4928 4511 4734 4691 4603 4612 4796 4646 4690 5018 4570 4331 4519 4444 4435 4600 4869 4582 4613 4840 4725 4818 4540 4612 4476 5285 4536 4740 4826 4682 4842 4134 4179 4904 4386 4446 4893 4423 4810 4537 4034 4730 4693 4854 5077 4405 4270 4528 4902 4638 4421 4800 4595 4436 4520 4583 5200 4757 4809 4702 4939 4056 4896 4340 4665 4445 4645 4342 4693 4499 4716 4749 4864 4750 4353 4818 4479 4877 4695 4467 4808 4240 4849 4950 4996 4417 4676 4553 4718 4800 4592 4351 4743 4662 4697 4410 5005 4601 4602 4717 4610 4765 4196 4716 4574 4866 4914 4328 4637 4686 4951 4834 4698 4595 5095 4555 4652 4739 4739 5088 4541 5098 4079 4417 4630 5038 4323 4635 5144 5046 4653 4490 4581 4734 4791 4501 5143 4496 4390 4854 4550 4696 4948 4428 4288 4743 4775 4997 4553 4805 4986 4633 4731 4540 4505 4867 4220 4302 4581 4192 4906 4905 4550 4796 4412 4810 4486 4529 4571 4258 4832 5038 5006 4524 4531 4355 4871 4356 4186 4575 4456 4888 4873 4410 4873 5078 4581 4874 4745 4662 4269 4105 4540 4616 4348 4405 4644 4597 4208 4614 4963 4813 4404 4667 4431 4541 4465 4881 4569 4502 4868 4989 4375 4351 4688 4395 4489 4784 4810 4503 5140 4662 4751 4766 4001
5154 5304 5443 5644 5616 5302 5301 5414 5033 5251 5504 5696 5412 5878 5296 5424 5721 5682 5336 5380 5493 5603 5653 5450 5405 5661 5430 5575 5265 5692 6149 5858 5092 5689 5525 5247 5781 5592 5370 5650 5655 5165 5210 5283 5085 5281 5371 5732 5489 5552 5511 5562 5565 5292 5495 5215 6120 5184 5736 5803 5519 6007 4983 5150 5574 4972 5288 5488 5292 5327 5570 4655 5579 5379 5706 5975 4962 5238 5382 5815 5265 5481 5400 5447 5135 5422 5423 5815 5451 5309 5696 5650 5045 5893 5153 5252 5431 5517 5143 5551 5339 5496 5619 5490 5660 5487 5468 5447 5470 5310 5162 5415 5120 5931 5597 5932 5577 5442 5292 5469 5736 5436 5109 5434 5453 5160 5231 5638 5504 5572 5621 5552 5639 5054 5560 5301 5841 5621 4994 5586 5433 5836 5671 5233 5528 5787 5086 5412 5685 5488 5936 5142 6075 5155 5475 5528 5721 5619 5589 5879 5947 5208 4950 5503 5350 5715 5683 6056 5490 5164 5430 5119 5603 6045 5101 5523 5364 5374 5415 5378 5548 5814 5243 5463 4974 5497 5762 4941 5100 5524 4729 5587 5751 5582 5204 5522 5625 5027 5398 5525 5084 5219 5613 5670 5402 5426 4868 5892 5273 5001 5401 5303 5700 5635 4971 5431 5713 5477 5796 5335 5360 5347 4702 5278 5276 5238 5172 5543 5429 5059 5684 5816 5670 5014 5616 5379 5294 5444 5638 5558 5404 5442 5622 5283 5170 5472 5484 5294 5164 5207 5547 5803 5550 5339 5621 4947
5058 5551 5476 5458 5378 5228 5323 5268 5075 4993 5362 5582 5039 5393 5341 5306 5547 5810 5403 5164 5225 5663 5416 5277 5205 5275 5283 5345 5262 5193 6169 5524 5280 5467 5520 5505 5732 5614 5047 5206 5723 5344 5105 5106 5542 5000 5439 5714 5302 5296 5675 5266 5131 5187 5082 5351 5869 5178 5358 5455 5484 5711 5080 4974 5448 4813 5409 5457 5404 5272 5188 4692 5424 5404 5362 5706 4930 5083 5659 5351 5419 5302 5499 5315 5300 5014 5270 5654 5346 5457 5670 5617 4808 5365 5117 5332 5270 5223 5192 5553 5186 5508 5532 5540 5415 5316 5488 5326 5426 5497 4938 5558 5155 5711 5359 5604 5400 5306 5301 5520 5668 5243 5123 5392 5121 5277 5324 5390 5248 5352 5466 5355 5286 4884 5343 5153 5605 5644 5389 5391 5306 5782 5524 5412 5404 5912 5319 5404 5637 5441 5722 5233 5717 4743 5485 5489 5637 5004 5359 5562 5436 5167 4973 5440 5393 5398 5361 5767 5287 5153 5505 5453 5516 5644 5062 5486 5411 5907 5491 5021 5645 5795 4989 5585 5084 5428 5639 4603 5001 5214 4815 5510 5586 5368 5291 5092 5314 4729 5685 5555 4962 5281 5564 5794 5253 5102 4886 5578 4993 5289 5221 5117 5466 5261 5102 5495 5885 5622 5645 5455 5397 5335 4911 5438 5470 5094 4771 5417 5146 5024 5576 5821 5414 5005 5420 5353 5273 4833 5571 5396 5330 5265 5332 5380 5128 5351 5016 5385 5235 5458 5373 5835 5301 5460 5672 4925
4940 5042 5290 5404 5200 5087 5031 5317 4916 5102 5385 5255 5198 5463 4926 5236 5417 5546 5256 5291 4968 5529 5392 5085 4992 5270 4924 5573 4885 5352 5411 5273 5026 5268 5152 5231 5582 5286 5029 5424 5590 5262 5160 5084 5408 5078 5008 5258 5131 5478 5347 5132 4965 5270 5083 4911 5716 4982 5413 5494 5287 5478 5040 5120 5307 4853 4808 5331 5308 5114 4953 4641 5254 5217 5367 5567 4900 5129 5500 5404 5057 5315 5348 5052 4971 5084 5088 5613 5118 4826 5426 5681 4795 5305 4845 5424 5280 5323 4772 5335 5227 5101 5581 5058 5158 5251 5261 5414 5195 5199 4577 5434 5144 5716 5235 5456 5137 5225 5155 5133 5731 5246 4911 5244 5040 4993 5099 5695 5120 5248 5326 5378 5333 4744 5250 5034 5340 5352 4789 5226 5442 5329 5414 5245 5140 5576 5005 5258 5408 5074 5431 5191 5315 4840 5341 5287 5544 4952 5268 5681 5479 5170 4933 5183 5396 5256 5024 5678 5314 5048 5010 4828 5225 5436 5022 5096 5380 5263 5504 5192 5158 5504 5097 5530 5093 5097 5362 4583 4565 5186 4722 5562 5417 5145 5413 4939 5497 4704 5132 5204 4758 5052 5396 5665 5051 4847 4636 5438 4845 4706 5461 4891 5130 5172 5071 5157 5793 5019 5259 5309 5228 5168 4997 5153 5198 4620 4929 5086 5234 4791 5286 5477 5323 5045 5214 5179 5195 4858 5495 5372 5099 5253 5299 5046 4780 5069 5017 5126 5109 5117 5029 5640 5348 5238 5501 4754
4981 5095 4926 5114 5237 4988 5024 5110 4992 4705 5121 5340 4875 5543 4681 5281 4951 5457 5069 5038 5212 5260 5325 4854 5127 5416 4615 5130 4960 5331 5648 5495 4957 5313 5123 5340 5309 5252 4895 5126 5295 5055 4932 4789 5035 4776 4819 5427 5075 5302 4954 5045 4971 5075 4907 4797 5480 4828 5363 5456 5284 5665 4850 4770 5147 4739 5233 5292 4790 5216 4999 4402 4993 5008 5345 5287 4694 4996 5293 5413 5112 5111 5258 4865 5011 5095 4962 5249 5125 5196 5174 5272 4682 5285 4846 5156 4898 4797 4961 4955 4665 5048 5444 4971 5125 5231 5242 5286 5170 4940 4774 5272 4822 5410 5164 5483 5109 5394 5092 5203 5453 4721 4762 4742 4736 4978 5027 5397 5169 5121 5169 5244 5270 4779 5247 5111 5339 5492 4841 5054 5111 5391 5293 5062 5188 5414 5014 4933 5581 5309 5232 5191 5409 4426 5023 5075 5275 4929 5142 5383 5347 4980 4830 5362 5042 5261 4989 5862 5252 4608 4951 4856 5278 5283 4916 5087 5124 5182 5270 5048 5123 5521 5122 5326 4969 5006 5492 4576 4760 4830 4524 5482 5479 5092 5419 4965 5170 4683 4842 5156 4849 5084 5205 5253 5001 4822 4818 5503 4831 4691 5077 4931 5128 4910 4703 4968 5033 5172 5063 5277 4987 5055 4666 5082 5022 4591 4877 5078 5178 4764 5261 5292 5247 4927 5204 5136 4951 4850 5338 5136 4971 5133 5327 4765 4792 4804 5085 4903 5041 4823 5390 5277 5001 4975 5405 4724
4975 5234 5151 5240 5363 5228 5306 5401 5248 5055 5396 5476 5066 5721 4991 5345 5240 5702 5123 5316 5430 5508 5345 5302 5250 5434 5210 5581 5095 5294 5870 5481 4839 5276 5537 5092 5417 5148 5316 5223 5697 5406 5137 4924 5196 4990 5373 5453 5272 5557 5321 5479 5292 5063 5347 5427 5698 5142 5636 5667 5209 5620 4859 5217 5515 4939 5231 5465 5210 5203 5032 4593 5388 5478 5394 5768 4893 5050 5225 5601 5138 5397 5399 5177 5073 5435 5215 5723 5426 5175 5590 5575 4871 5175 4992 5360 5272 5179 5091 5301 5194 4760 5649 5410 5349 5176 5346 5384 4931 5409 4740 5104 4892 5635 5321 5402 5398 5477 5241 5291 5802 5253 4965 5249 5073 4878 5057 5640 5426 5344 5431 5396 5427 4954 5444 5128 5688 5583 4816 5499 5242 5519 5858 5447 5166 5445 5243 5278 5397 5116 5636 5121 5665 4724 5270 5452 5378 5359 5275 5780 5402 5457 4970 5652 4973 5530 5349 5906 5143 4811 5108 4946 5444 5696 5072 5255 5386 5270 5424 5366 5304 5635 5315 5701 5005 5102 5353 4525 4971 5259 5154 5338 5448 5389 4854 5011 5489 4720 5238 5190 4995 5315 5655 5624 5194 5179 4576 5456 4885 4847 5177 5099 5423 5182 5041 5108 5818 5250 5141 5708 5101 5272 4748 5089 5260 4643 5298 5259 5090 5062 5735 5423 5279 5165 5289 5168 5229 5238 5243 5447 5141 5331 5829 5223 5009 5306 5471 5145 5331 5198 5392 5401 5321 5179 5645 4846
4699 5040 5028 5169 5342 4753 5105 4901 4846 4818 4877 5189 5047 5308 4865 4966 5035 5278 5133 5166 4948 4996 5045 4930 4804 5265 5046 5251 4812 5126 5598 5178 4867 4969 5072 5149 5149 5359 4855 4999 5113 4898 4879 4726 4781 4986 4863 5274 5136 4977 5150 5112 5262 4932 4705 4776 5582 4850 5291 4986 5225 5288 4563 4962 5107 4473 5000 5128 4962 5239 5076 4297 5099 5096 5262 5376 4587 4687 5091 5075 5007 4712 4818 4964 4832 5121 4862 5433 4747 4987 5157 5108 4780 5093 4566 5165 4898 4877 4934 4997 4969 5169 5391 4850 4903 5003 5072 5097 5065 5065 4681 4792 4907 5412 5216 5158 4863 4899 4650 5046 5145 4868 4716 4756 4870 4913 4989 5194 4819 5009 5159 5226 4901 4867 4809 4860 5063 5396 4969 4902 5364 5576 5428 4944 4857 5390 4965 5174 5456 5033 5470 5085 5516 4572 4858 4931 5353 5000 5203 5101 5662 5133 4594 5171 4952 5261 5120 5407 5215 5064 4952 4977 5088 5404 5011 5031 4886 5222 5203 5058 5347 5263 5078 5342 4718 4955 5184 4577 4703 4747 4471 5220 5264 4796 5240 4812 5070 4217 5005 5107 4689 5126 5293 5233 4927 5086 4550 5440 4993 4541 4868 4961 5077 4781 4620 4791 5379 4995 5309 4994 4859 4668 4550 4900 5172 4396 4764 4947 5012 4332 5303 5335 5151 4872 5159 5154 4915 4981 5144 5091 4977 5163 5387 5026 4846 5130 4691 4996 4883 4990 5177 5211 5066 5020 5293 4656
5103 5505 5343 5451 5488 5351 5214 5559 5187 5136 5181 5701 5226 5610 5379 5158 5378 5553 5424 5544 5122 5545 5525 5297 5176 5402 5213 5717 5372 5043 5794 5482 5124 5653 5580 5465 5537 5773 5271 5471 5599 5139 5019 5286 5395 5231 5083 5485 5362 5530 5437 5607 5444 5176 5409 5151 5686 5007 5546 5589 5587 5881 5110 5013 5293 4875 5199 5374 4806 5373 5102 4684 5484 5176 5315 5510 5141 5160 5251 5963 5091 5175 5457 5189 5134 5365 5127 5815 5059 5232 5470 5639 4880 5647 5062 5490 5121 5205 5125 5501 5191 5168 5414 5205 5334 5305 5385 5369 5476 5334 4965 5577 5297 5572 5307 5758 5116 5335 5141 5177 5605 5366 4801 5348 5137 5107 5113 5686 5422 5481 5372 5642 5647 4909 5371 4972 5701 5663 5348 5277 5712 5876 5702 5445 5645 5843 5098 5276 5515 5597 5741 5266 5852 4857 5367 5314 5792 5452 5568 5661 5642 5062 4998 5352 5533 5635 5506 5685 5248 5229 5294 5244 5405 5712 5270 5338 5392 5797 5464 5442 5406 5377 5102 5629 5258 5159 5676 4937 5074 5330 4926 5435 5701 4998 5325 5199 5412 4935 5316 5344 4906 5455 5512 5649 5148 5038 4753 5625 5145 5055 5411 5306 5650 5062 5142 5347 5753 5758 5503 5386 5389 5323 4920 5154 5510 4814 4947 5398 5278 4928 5482 5671 5533 5165 5302 5403 5189 4990 5632 5141 5194 5383 5596 5036 4984 5349 5150 4997 5318 5311 5183 5539 5131 5155 5689 5092
4871 4899 4799 5210 5217 5046 5067 4937 5050 4601 5116 5309 5122 5421 4837 5101 4938 5272 5069 5061 4724 5464 5176 4895 4724 5314 4895 5389 5110 5357 5595 5251 4946 5089 5019 5195 5216 5283 4715 5143 5372 4951 5142 4957 5025 4869 4871 5212 4820 5126 5359 5088 5166 4832 4983 5094 5553 5166 5383 5607 5188 5415 4664 4876 5126 4634 4745 5007 4812 5058 5051 4437 5078 4939 5322 5453 4966 5114 5103 5251 4881 5163 5200 4817 5003 5123 5188 5385 5010 4828 5287 5422 4665 5038 4635 4994 4820 5156 4865 5180 4997 4669 5301 4946 5051 4906 5074 4984 4924 4987 4551 5169 5115 5275 5370 5247 4833 4849 4854 5066 5087 4959 4666 4755 4904 4867 4827 5407 5191 5011 5101 5230 5158 4539 4800 4690 5505 5119 4522 5048 5036 5463 5414 5139 4880 5465 4480 5021 5384 5013 5472 4992 5667 4700 4999 4958 5279 4879 5376 5102 5230 5097 4901 5082 4785 5157 5071 5622 5075 5031 4969 4729 4995 5306 4756 5060 4848 5341 5378 4969 4939 5298 4904 5445 4910 4836 5060 4441 4710 5133 4648 5138 5394 5012 5051 4567 5046 4389 4807 4945 4502 5057 5335 5220 4840 4890 4457 5320 4842 4670 5182 4976 5099 4736 4606 5040 5581 5104 5198 5168 5150 4693 4670 4969 5114 4315 4876 4995 5051 4421 5297 5417 5310 4788 5126 5104 5150 4815 5061 4854 4893 4930 5530 4803 4954 5159 4933 4999 4858 5179 5127 5361 4915 5136 5605 4618
5240 5226 5283 5191 5291 5007 5189 5261 4877 4990 5267 5000 4915 5458 4887 5230 5050 5583 5006 5265 5318 5473 5220 5157 5045 5190 5101 5113 5225 4741 5430 5214 4831 5168 5535 4944 5148 5205 5031 4957 5663 5109 5119 4757 4985 4810 5119 5298 5336 5152 5320 5318 5029 4838 5315 5131 5331 5137 5353 5144 4967 5658 4965 5250 5246 4660 5024 5002 5150 5094 5116 4496 5119 4779 5177 5393 4868 4820 5112 5396 4909 4745 5175 5020 4912 5132 4933 5444 5194 4918 5294 5241 4601 5227 4525 5480 5052 5283 5010 5305 4810 5262 5231 5312 5028 5036 5363 5147 5413 5360 4898 5464 4870 5502 5133 5419 5087 5250 4967 5069 5563 5118 4949 5274 5084 4948 5057 5305 5166 5246 5403 5366 5365 4547 5105 5068 5578 5335 4851 5373 5519 5423 5598 5252 5153 5335 5063 5050 5398 5329 5524 5017 5710 4494 5203 5122 5550 5080 5198 5323 5496 4999 4663 5190 5064 5280 5379 5490 5049 4969 5301 4795 5013 5624 4954 4957 5152 5230 5247 5307 5116 5403 5115 5464 4909 5336 5200 4521 4808 5222 4790 5182 5336 4997 4971 4908 5110 4788 5255 5018 4675 5419 5463 5303 5228 4871 4587 5014 4985 4807 5107 5153 5286 5122 4861 5153 5495 5271 5267 4954 4978 5077 4974 4842 5070 4707 4668 5122 4810 4941 5285 5654 5342 4853 5188 4983 5013 4831 5100 5286 5167 5150 5044 5040 4795 5186 4964 4962 4842 5080 5055 5417 5077 5188 5467 4752
5048 5714 5103 5457 5516 5442 5431 5424 5115 5233 5309 5397 5223 5786 5171 5469 5522 5623 5341 5456 5000 5410 5701 5081 5066 5607 5282 5766 4980 5396 5818 5680 5233 5483 5412 5281 5538 5520 5125 5423 5617 5175 5268 5159 5476 5303 5353 5448 5510 5176 5600 5432 5269 5154 5361 5342 5783 5354 5708 5827 5547 5789 5092 5211 5251 5000 5158 5423 5300 5533 5384 4682 5540 5443 5561 5793 4918 5149 5727 5412 5284 5366 5438 5124 5170 5401 5193 5773 5401 5547 5500 5700 5008 5596 5104 5420 5078 5376 5012 5379 5378 5388 5704 5402 5467 5565 5336 5353 5286 5379 5303 5234 4888 5787 5417 5460 5519 5561 5237 5569 5479 5183 4994 5487 5170 5113 5298 5640 5320 5119 5451 5287 5763 4917 5615 5347 5741 5712 5057 5425 5507 5644 5687 5333 5366 5674 5088 5118 5562 5404 6250 5350 6020 5145 5501 5405 5889 5336 5297 5595 5494 5406 5164 5215 5308 5564 5514 6028 5281 5236 5495 5283 5394 5661 5123 5355 5510 5504 5533 5586 5406 5637 5241 5586 5118 5180 5561 4714 5043 5308 4998 5559 5646 5519 5495 5195 5770 4757 5482 5451 4881 5673 5770 5598 5335 5195 4761 5685 5254 4812 5257 5435 5435 5410 5299 5565 5855 5475 5527 5546 5565 4928 5014 5280 5130 5084 5097 5351 5275 5120 5985 5804 5828 4979 5730 5553 5295 5188 5556 5336 5436 5397 5464 5219 4971 5439 5174 4967 5414 5531 5353 5675 5378 5228 5892 4977
4871 5425 5278 5416 5354 4946 5218 5337 5005 4933 5379 5556 5171 5661 5281 5064 5599 5389 5394 5304 5137 5200 5366 5081 5083 5242 5155 5408 5204 5118 5726 5458 4753 5530 5215 5290 5165 5255 5103 5162 5470 5214 5124 4972 5109 5130 5237 5609 5197 5099 5279 5255 5234 5034 5236 5092 5719 5011 5439 5467 5139 5623 4894 5183 5030 4601 5046 4994 5435 4986 5237 4500 5570 5321 5403 5425 4734 4860 5333 5842 5251 5188 5284 4982 5118 5285 5123 5577 5019 5141 5257 5616 4780 5463 4753 5345 5013 5191 4965 5073 5285 5344 5459 5361 5177 5091 5360 5153 5283 4969 4817 5452 5032 5498 5447 5555 5373 5314 5097 5223 5449 5244 4950 5295 5251 4909 4975 5684 5182 5303 5339 5294 5433 4820 5389 5150 5491 5311 5076 5286 5503 5767 5633 5638 5259 5711 5038 5213 5409 5467 5556 5232 5750 4798 5207 5332 5342 5110 5079 5720 5807 4938 4650 5037 5032 5423 5318 5629 5281 5171 5229 5029 5274 5542 4755 5290 5143 5394 5171 5430 5014 5608 4962 5184 5065 5238 5322 4804 4843 5407 4625 5480 5523 5165 5349 5059 5633 4606 5228 5161 4881 5270 5539 5486 4889 5071 4900 5494 5039 4913 5097 5075 5467 5209 4904 5168 5774 5401 5633 5389 5116 5454 4818 4992 5167 4829 4908 5387 5258 4722 5194 5558 5604 5008 5306 5143 5071 5053 5425 5295 4885 5411 5407 5007 5157 5581 4974 5005 5020 5153 5386 5564 5213 5166 5421 4825
4769 5160 5211 5118 5328 5290 5144 5171 5095 5033 5272 5314 5044 5514 5087 4901 5264 5947 5307 5289 5094 5263 5520 5135 5256 5477 5113 5601 5310 5215 5692 5257 4906 5466 5183 5254 5252 5780 5323 5342 5311 5165 4955 4939 5070 4838 5365 5452 5506 5376 5397 5173 5554 5191 4988 5236 5419 4776 5576 5056 5381 5563 4759 5004 5303 4750 4982 5273 4732 5240 5130 4475 5267 5264 5387 5587 4942 5060 5359 5676 4814 5233 5229 5228 4808 5202 5101 5486 5054 5074 5306 5634 4658 5378 5110 5146 5043 5271 5170 5381 4901 5198 5437 5492 5042 5145 5094 5443 5516 5325 4915 5349 4820 5451 5546 5517 5223 5284 4802 5220 5622 5229 4930 5104 5130 5202 5168 5322 4969 5221 5383 5307 5188 4894 5154 5148 5465 5449 4745 5306 5376 5525 5628 5186 5178 5578 5247 5206 5670 5461 5489 5083 5680 4702 5290 5441 5705 4977 5335 5706 5493 5279 4754 5465 5222 5116 5552 6047 5291 4872 5195 4994 5288 5366 4979 5150 5296 5401 5598 5254 5310 5510 4891 5671 5052 5303 5597 4640 4670 5367 4784 5530 5589 5306 5187 5094 5211 4651 5302 5260 4952 5381 5138 5413 5036 5071 4650 5324 5128 4835 5157 5066 5445 5071 4992 5093 5802 5452 5299 5216 5054 5229 4827 4954 5232 4697 4899 5113 5188 4707 5477 5742 5473 5044 5362 5184 5148 5130 5307 5473 4995 4822 5445 5084 4934 5502 4950 4821 5276 5071 5155 5427 5373 5227 5302 4770
5001 5319 4901 5529 5588 5274 5214 5075 5123 4906 5126 5511 5306 5733 5176 5020 5384 5412 5384 5119 4952 5548 5512 5164 5045 5419 5205 5530 5096 5135 5730 5646 5193 5085 5396 5308 5339 5527 5009 5311 5550 4988 5017 4853 5013 5208 5271 5415 5131 5047 5552 5281 5389 4973 5144 5247 5599 5098 5557 5206 5461 5891 4802 4868 5381 4911 4980 5338 5023 5297 5135 4462 5497 5379 5673 5700 4892 4886 5219 5428 5310 5181 5327 5166 5085 5354 5066 5445 5328 5037 5395 5405 4880 5367 4936 5498 5191 4974 4947 5167 4970 5160 5527 5250 5329 5496 5094 5300 5248 5289 4931 5374 4889 5726 5425 5560 5277 5390 5005 5316 5459 5285 4719 4912 5119 4960 5198 5484 4886 5257 5301 5476 5344 4848 4972 5042 5402 5481 5236 5261 5542 5791 5813 5255 5173 5723 5138 5096 5873 5351 5561 5376 5811 4454 5327 5494 5695 4917 5252 5475 5448 5150 4929 5388 5174 5272 5225 5967 5128 5181 5412 4962 5532 5567 4778 5006 5137 5688 5387 5194 5496 5394 5119 5743 4979 4946 5819 4513 4878 5282 4799 5507 5728 5305 5382 4836 5551 4564 5185 5260 4852 5212 5558 5634 4953 5055 4798 5451 5059 4791 5018 5363 5515 5159 4855 5147 5717 5327 5423 5289 5098 5011 4780 5012 4966 4382 4876 5079 5312 4914 5527 5706 5208 4962 5443 5376 5371 5105 5519 5069 5264 5415 5402 4921 5076 5323 5193 5186 5294 5136 5362 5606 5287 5032 5530 4772
4770 4987 5326 5246 5108 5242 4981 5233 4775 4783 5063 5084 4886 5643 4798 4969 5303 5598 5474 5213 4903 5363 5304 5189 4869 5019 5017 4999 5071 4945 5505 5520 4829 5258 5141 5071 5243 5258 4929 5182 5283 4906 5109 4925 5127 4667 5081 5079 5261 5127 5258 5439 5114 4820 4969 5127 5255 4510 5626 5131 5176 5509 4776 4946 5091 4855 4894 5258 5006 4875 5050 4321 5088 4930 5466 5475 4573 4610 4982 5331 4814 5009 5078 5149 5080 4912 4734 5432 5096 5194 5352 5277 4464 5149 4831 5106 5070 5053 4900 5309 4972 5024 5257 5173 5186 5137 5108 5197 5160 5106 4713 5247 4984 5243 5314 5547 5127 5192 4690 5206 5418 4923 4839 4956 4904 4873 5151 5432 5194 5087 5145 5114 5204 4518 5175 4791 5208 5126 4912 5302 5153 5293 5523 4860 5074 5410 5043 5212 5303 5063 5430 5196 5313 4430 5144 5143 5145 5102 4926 5365 5451 4734 4634 5107 5219 5161 5307 5246 5162 4741 4975 4809 5086 5464 4888 4887 4973 5079 5207 5074 4997 5306 4819 5376 4963 5082 5270 4440 5022 4999 4733 5191 5346 4928 4998 4983 5184 4547 5165 5127 4684 5046 5494 5446 5054 4546 4752 5351 4773 4797 4870 5424 5174 5138 4734 4995 5247 5422 5329 5183 5107 4798 4722 4934 5027 4533 4655 5084 4978 4699 5465 5474 5140 4842 5104 5079 4945 4933 5431 4921 4878 4996 5193 4950 4874 4948 4844 4842 4732 5056 5024 5503 4821 5064 5381 4646
5029 5533 5304 5568 5566 5293 5433 5519 4912 5305 5305 5446 5073 5832 5285 5616 5492 5703 5507 5389 5100 5609 5655 5610 5168 5578 5099 5583 5478 5399 5735 5779 5001 5529 5483 5460 5589 5699 4933 5295 5504 5322 5485 5257 5173 5178 5477 5377 5360 5471 5308 5300 5297 5231 5241 5300 5763 5177 5706 5613 5487 5646 5218 5237 5515 4947 4884 5230 5356 5391 5116 4392 5732 5390 5308 6011 4942 5268 5237 5456 5334 5516 5520 5473 5113 5405 5211 5724 4980 5432 5610 5683 4943 5289 4855 5392 5351 5266 5274 5179 5401 5164 5591 5308 5455 5285 5341 5503 5439 5551 5114 5504 5267 5879 5373 5636 5357 5128 5220 5672 5831 5526 5031 5302 5475 4926 5225 5892 5145 5630 5580 5483 5649 5077 5629 5398 5665 5742 4937 5460 5584 5711 5731 5412 4946 5839 5320 5533 5546 5338 5589 5321 5669 4784 5163 5396 5695 5447 5423 5584 5882 5308 5092 5420 5541 5574 5371 5958 5540 5210 5267 5083 5524 5847 4926 5454 5395 5555 5513 5477 5332 5684 5243 5617 5134 5215 5806 5110 4925 5517 4892 5356 5785 5221 5394 5132 5506 4556 5174 5335 4984 5542 5695 5582 5133 5030 4629 5726 5348 4785 5275 5353 5690 5316 5157 5265 5848 5601 5516 5671 5384 5233 4897 5110 5322 5092 5286 5256 5262 4915 5600 5816 5945 5117 5503 5555 5413 5285 5296 5585 5288 5241 5485 5086 5044 5647 5039 5379 5418 5419 5397 5686 5313 5214 5903 4907
4929 5400 5260 5748 5331 5343 5416 5174 4977 5192 5551 5515 5091 5617 5254 5518 5455 5779 5269 5596 5287 5735 5658 5434 5175 5492 5372 5539 5282 5359 5858 5634 5296 5488 5373 5192 5104 5720 5275 5430 5611 5189 5248 5386 5360 5043 5358 5379 5683 5481 5387 5286 5597 5271 5221 5271 5795 4994 5488 5439 5531 5588 5205 5262 5356 4782 5467 5472 5297 5236 5478 4666 5570 5325 5537 5668 4887 5275 5448 5785 5191 5181 5177 5344 4847 5409 5248 5701 5067 5375 5782 5896 5072 5531 5190 5316 5337 5246 5321 5286 5414 5304 5761 5306 5359 5411 5104 5503 5486 5243 5279 5494 4910 5663 5553 5431 5247 5193 5047 5358 5643 5202 5039 5358 5238 5241 5234 5726 5220 5301 5717 5572 5627 4831 5319 5353 5697 5856 4970 5370 5536 5902 5656 5504 5342 5973 5138 5405 5825 5348 5636 5335 5861 4831 5540 5603 5776 5177 5420 5712 5653 5482 5077 5333 5599 5931 5616 5985 5474 4920 5273 5323 5211 5646 5131 5594 5339 5477 5652 5486 5588 5622 5356 5544 5137 5384 5797 4864 4770 5049 4899 5483 5717 5471 5333 5348 5535 4817 5365 5371 5018 5346 5460 5590 5246 5099 4682 5619 4992 5058 5491 5297 5570 5306 5031 5316 5774 5607 5802 5504 5357 5273 4972 5168 5354 4757 4911 5503 5230 5042 5617 5841 5629 5357 5476 5215 5571 5158 5568 5487 5100 5399 5606 5497 5022 5590 4977 5198 5265 5454 5134 5474 5318 5274 5810 4951
4883 5342 5286 5505 5476 5233 5489 5512 4779 5020 5217 5282 5265 5869 5168 5127 5431 5698 5546 5173 5291 5452 5522 5074 5089 5562 5111 5169 5275 5123 5644 5809 5257 5139 5155 5344 5242 5337 5227 5312 5428 5232 5182 5151 5147 5035 5125 5522 5266 5100 5482 5538 5404 4852 5260 4911 5607 4870 5535 5267 5424 5669 4948 5079 5330 4962 4754 5527 4950 5292 5311 4448 5175 5309 5515 5673 5012 4927 5155 5405 4920 5272 5365 5068 4944 5306 5210 5532 5085 5318 5344 5587 4917 5462 4845 5334 5017 5030 5072 5224 5218 5525 5616 5205 5122 5019 5465 4992 5291 5299 4894 5479 4989 5519 5547 5663 5361 5143 4708 5403 5588 5215 4808 5276 5402 5089 5067 5794 5152 5518 5549 5460 5261 4916 5439 5228 5703 5462 5009 5133 5315 5669 5510 5126 5240 5648 5147 5345 5723 5546 5556 5176 5632 4553 5392 5466 5418 5170 5266 5429 5688 5024 5080 5430 5201 5353 5277 5685 5277 5067 5401 5274 5461 5763 5047 5065 5197 5462 5463 5322 5158 5612 5116 5546 4984 5103 5642 4797 5118 5234 4539 5640 5663 5269 5068 4873 5527 4581 5324 5114 4909 5382 5488 5421 4907 4870 4932 5481 5225 4729 5294 5089 5429 5375 4868 5191 5744 5365 5428 5402 5205 5246 4835 4999 4938 4865 4927 5287 5260 4889 5291 5688 5411 5084 5473 5196 4869 5082 5371 5270 5099 5345 5362 5143 5019 5284 4841 4909 5239 5112 5348 5483 5124 5193 5445 4902
4783 5065 5024 5180 5405 5008 5172 4981 5115 4846 5178 5454 5021 5437 4832 5170 5096 5605 5146 5170 5140 5221 5369 5017 4720 5105 4937 5083 5042 5160 5590 5246 4816 5059 5366 5181 5059 5321 4934 5234 5429 5119 4910 5027 4863 4849 4993 5360 5233 5079 5005 5264 5248 5158 5027 4972 5733 4914 5242 5346 5443 5447 4681 4928 5455 4726 4763 5072 4910 5057 5017 4384 5292 5137 5318 5506 4750 4782 4787 5423 4862 5087 5143 5175 5018 5109 5070 5538 4886 5291 5166 5485 4705 5150 4729 5101 4653 4960 5038 5126 5204 4860 5496 4909 4867 4973 5037 5262 5017 5246 4789 5053 4880 5263 5314 5342 5065 5090 4979 5159 5470 5140 4903 4847 5164 5198 4769 5504 5220 5228 5454 5216 5047 5137 5185 4986 5396 5353 4782 4890 5215 5503 5385 5159 4907 5521 5027 5196 5113 5214 5500 4859 5832 4581 5007 5172 5447 4908 4965 5369 5229 5020 4789 5123 5089 5212 5309 5414 5165 4923 5093 4967 5059 5374 4909 5284 5213 5188 5154 5324 5173 5438 4884 5440 4939 4853 5017 4590 4754 5092 4551 5235 5357 5083 5024 4785 5143 4481 5109 5021 4505 5434 5276 5230 4780 4672 4330 5209 4971 4693 5212 5011 5126 5205 4457 4991 5410 5053 5159 5151 5042 4880 4487 4921 5160 4640 4920 5078 5041 4690 5089 5546 5319 4851 5159 5050 5042 4870 5234 5007 4960 5115 5439 5079 4921 5014 4941 5137 5169 4872 5147 5581 5023 4951 5403 4710
4621 5023 4713 4652 4929 4901 4804 4477 4737 4344 4846 5083 4620 4897 4609 4594 4875 5214 4701 4896 4796 5152 4813 4568 4542 4885 4624 4860 4819 4452 5279 4944 4408 4873 5003 4845 4539 4869 4446 4674 4969 4591 4757 4220 4823 4676 4942 5238 5077 4572 4768 4709 4834 4476 4388 4816 5154 4633 4755 4868 4588 5014 4569 4635 4781 4350 4554 4946 4696 4834 4546 4288 4830 4752 4946 4817 4345 4475 4706 5184 4688 4634 4594 4900 4641 4803 4691 4983 4690 4942 5069 4960 4336 4762 4519 5008 4798 4823 4744 4695 4609 4759 5084 4900 4695 4729 4810 4644 4766 4734 4683 4871 4453 4955 4985 5046 4924 4808 4431 5165 4896 4505 4342 4857 4477 4689 4550 5071 4699 4691 4880 5061 4846 4240 4745 4486 5077 5051 4686 4593 4956 5065 5128 4936 4771 5196 4798 4869 5058 4993 5024 4607 5500 4022 4812 4965 5082 4886 4684 5015 4953 5119 4445 4853 4677 5092 4909 5021 4959 4795 4931 4757 4573 5033 4537 4706 4607 4851 4915 4695 4764 5084 4526 5079 4757 5241 5005 4179 4293 4776 4302 4903 5320 4806 4984 4453 4919 4381 4862 4722 4296 4873 5089 4980 4335 4431 4356 4836 4433 4302 4845 5033 4849 4776 4345 4877 4981 4936 4977 4738 4677 4744 4258 4751 4532 4471 4370 4759 4737 4327 4842 5225 4972 4565 5084 5018 4777 4452 4833 4937 4582 4961 4840 4925 4529 4739 4458 4430 4652 4830 4654 5064 4682 4622 5148 4676
4684 5129 5290 5087 4886 4954 4963 5037 4853 4741 5185 5108 4892 5511 4810 4962 5219 5227 4935 4978 4919 5209 5015 4989 5038 4992 4991 5054 4893 4888 5224 5322 4698 5344 5183 5088 5120 4998 4775 4954 5333 4965 4832 4900 4927 4451 5049 5069 4975 5149 5205 5283 4958 4719 5236 4989 5368 4863 5124 5348 5034 5458 4701 4838 5250 4581 4769 5094 4855 5132 5208 4377 5181 4937 5202 5626 4741 4814 4826 5371 5296 5103 5013 5062 4709 5082 4720 5308 5073 4927 5163 5247 4769 5205 4662 5109 4818 4773 4785 5253 4869 4775 5144 5126 4912 5000 5014 4858 5279 5056 4543 5162 5046 5428 4905 5311 4891 4840 4748 5145 5250 4769 4762 5056 4795 4808 4706 5757 4889 4933 5138 4961 5140 4415 5072 4621 5280 5214 4697 5193 5167 5258 5485 5317 5020 5242 4729 4947 5225 4802 5156 4856 5351 4567 4973 4892 4910 4893 4860 5291 5465 4859 4585 5148 5099 5074 4898 5375 5141 5024 4808 4820 5182 5302 4583 5124 5128 5397 5270 4919 5142 5307 4913 5330 4661 4758 4996 4606 4715 5079 4628 5246 5450 4997 5093 4729 5034 4502 5103 4933 4635 4942 5384 5217 4737 4885 4618 5220 4755 4742 4949 4894 5086 4815 4408 4932 5237 5163 5279 5068 5073 5024 4566 5048 5065 4484 4952 5315 4975 4694 4997 5211 5041 4657 5120 4907 5030 4946 5147 5021 4941 5233 5252 4946 4938 5336 5023 5098 4894 5212 5175 5490 4848 4832 5134 4484
4702 4973 4843 4766 4876 4930 4949 4960 4687 4534 4890 4904 4941 5287 4612 4677 5070 5351 5022 4651 4850 5214 4974 4822 4762 4874 4745 5093 4918 4884 5303 4969 4894 4965 4927 4935 4885 5088 4534 4870 5180 4725 4666 4685 4807 4514 4744 5151 5053 4961 4911 4934 4836 4655 4778 4884 5239 4519 4962 4895 4983 5007 4609 4862 4856 4749 4750 5069 4903 5057 4746 4158 4978 4835 5327 5124 4380 4798 4928 4911 4828 4882 4892 4918 4574 4928 4754 4875 4598 4902 5146 5300 4524 5022 4702 5001 4839 4545 4782 4787 4702 4679 4863 4886 4714 4999 4651 4716 5021 4693 4603 5066 4711 5022 5010 4940 4716 4691 4616 4906 5102 4584 4673 4656 4611 4650 4842 5139 4622 4774 5016 4892 4914 4269 4933 4579 5088 5100 4920 5112 5057 5042 5033 4904 4743 4940 4777 5040 5053 4918 5055 4982 5251 4356 5068 5120 4989 4877 4710 4948 4955 4638 4630 4909 5009 5163 4823 5324 4975 4713 4738 4596 4967 5093 4755 4852 4657 5138 5094 4864 4704 5144 4679 5055 4734 4661 4926 4516 4383 4909 4378 4932 5186 4812 4835 4491 5062 4250 4967 4946 4573 4664 5236 5064 4627 4774 4243 5125 4772 4478 4918 4786 5158 4822 4746 4817 5127 5045 5137 5006 4849 4558 4282 4880 4872 4312 4367 5135 4948 4145 5002 5131 4932 4705 4830 4735 4932 4754 5097 4760 4487 4826 4868 4574 4713 4947 4649 4582 4796 4984 4842 5171 4706 4946 5300 4402
5002 5081 5152 5360 5180 4849 5012 5328 4833 4888 5428 5338 4985 5587 4940 5156 5193 5556 5375 5009 4905 5392 5475 5162 5035 5192 5025 5107 5103 5112 5836 5502 5010 5368 5202 5369 5182 5399 5028 5227 5306 4986 4950 5005 5225 4853 5142 5412 5042 5040 5535 5000 5198 4879 4985 5046 5763 5236 5205 5323 5156 5595 4651 5020 5418 4667 4942 5074 5232 5233 5212 4432 5388 5127 5473 5588 4640 4947 5197 5425 5123 5154 5233 5201 5074 5047 4758 5700 4931 5148 5253 5473 4724 5367 4731 5023 5003 5095 5083 5175 5244 5280 5345 5277 5205 5041 4938 5077 5263 5187 4816 5524 4980 5564 5275 5435 5233 5106 5136 5159 5518 4857 4598 5056 5133 4821 4908 5581 5023 5142 5262 5513 5061 4699 5171 5016 5486 5466 4929 5341 5213 5548 5466 5137 5046 5678 4957 5109 5565 5021 5134 4988 5547 4660 5106 5157 5483 5027 5334 5525 5549 4977 4708 4897 5312 5318 5044 5559 5117 5067 5135 4948 5419 5576 5051 5218 5134 5391 5545 4958 5297 5733 4936 5677 5001 4988 5335 4637 4759 5159 4508 5157 5371 5079 5092 4829 5074 4503 4978 5094 4755 5053 5377 5413 5085 4857 4664 5327 4976 4831 5219 5223 5341 5188 4686 5105 5559 5112 5244 5259 5309 5257 4767 5085 5087 4759 4940 5058 5251 4868 5359 5327 5248 4889 5103 5143 5031 5071 5233 5192 4928 5280 5298 5047 4781 5126 5086 5155 4974 5197 5038 5522 5150 5047 5556 4565
4845 5206 5379 5041 5120 5064 4882 5135 4819 4688 5197 5342 5042 5549 5062 5151 5265 5399 5147 5174 5126 5257 5092 5144 4891 5172 5257 5190 4963 4980 5537 5412 4934 5092 5150 5229 5063 5156 5044 5054 5297 5159 4923 5047 4883 4905 5150 5236 5185 5368 5181 5060 5084 5176 4897 5380 5363 4803 5185 5266 5063 5273 4770 4972 5089 4599 4860 5070 5026 5126 4916 4459 5184 5126 5287 5347 4926 5022 4985 5429 5124 5067 5010 5203 4899 5196 4931 5677 4989 5157 5450 5278 4990 5418 4883 5326 4905 4999 4881 5204 5133 4926 5125 5127 5103 4993 5423 5015 5165 5115 4592 5240 5000 5437 5458 5490 4733 4891 4550 5130 5307 4969 4806 5067 5196 4768 4908 5488 4810 5171 5299 5140 5279 4368 4881 4926 5521 5343 4858 5244 5242 5541 5344 5275 5024 5474 4820 5423 5223 5120 5420 5245 5304 4506 5145 5034 5283 5074 5120 5357 5567 4875 4818 5312 5055 5336 5164 5667 5252 4907 4928 4815 5343 5356 4704 5227 5004 5315 5200 5147 5009 5253 5121 5321 4854 5039 5026 4454 4933 5226 4542 5324 5516 5012 4902 5100 5305 4794 4995 5272 4674 5192 5576 5363 4774 5098 4738 5309 4946 4800 4921 5266 5105 5154 4741 5051 5611 5213 5353 5231 4941 4996 4465 4987 5071 4438 4929 5236 5194 4515 5339 5361 5375 4771 4954 5044 4879 4870 5244 5156 4981 5154 5349 4667 4905 5296 4770 4734 5050 5197 5102 5345 4997 5184 5432 4884
4937 5640 5667 5435 5240 5377 5373 5319 5159 5314 5606 5417 4896 6005 5042 5301 5381 5657 5143 5385 5292 5459 5318 5358 5352 5643 5343 5201 5519 5339 5787 5584 5167 5729 5438 5461 5309 5317 5100 5344 5648 5252 5277 5251 5239 4924 5413 5393 5298 5296 5390 5377 5477 5189 5210 5237 5752 5251 5667 5475 5478 5649 5012 5454 5430 4998 5403 5450 5099 5310 5508 4723 5505 5229 5594 5650 4596 4956 5282 5688 5249 5309 5256 5169 5024 5456 5104 5755 5441 5490 5442 5910 4956 5646 5318 5434 5387 5319 5417 5398 5157 5224 5737 5377 5358 5225 5430 5346 5577 5359 4945 5596 5138 5808 5403 5670 5443 5243 4957 5414 5524 5148 4965 5366 5290 4893 5040 5963 5300 5169 5619 5260 5453 4705 5412 5288 5602 5409 4995 5349 5309 5592 5862 5389 5272 6091 5413 5314 5712 5430 5429 5183 5902 4925 5242 5212 5445 5196 5355 5525 5755 5314 4864 5446 5358 5745 5286 5956 5483 5343 5481 5339 5377 5636 5064 5342 5329 5672 5618 5648 5481 5716 5300 5499 5131 5645 5444 4839 4947 5472 4782 5644 5865 5441 5445 5005 5412 4795 5436 5294 5045 5382 5606 5684 5260 5117 4823 5593 5046 4885 5221 5269 5663 5397 4732 5200 5705 5536 5811 5404 5511 4954 5107 5509 5368 4696 5161 5814 5424 4850 5625 5821 5794 5055 5457 5479 5359 5189 5374 5291 5300 5465 5311 5396 5001 5262 5231 5136 5145 5528 5504 5628 5117 5286 5530 4873
4651 5181 4943 5054 5252 4893 4688 5067 5011 4690 5206 5394 4813 5518 4720 4872 5155 5296 4818 4953 5145 5326 5257 4670 4653 5140 4796 4922 4698 4641 5490 5092 4600 5076 5344 5273 4895 5116 5059 5030 5113 5288 5036 4859 4846 4835 5243 5229 4930 5229 5113 5144 5112 4978 5064 4773 5771 4762 4981 5191 5081 5509 4726 5071 5065 4509 5002 5281 5153 5068 4794 4310 5170 4764 5486 5261 4485 4842 5119 5028 4858 5082 4873 4758 4720 5012 4927 5142 4944 5115 5161 5345 4375 5113 4792 5123 4812 4867 5060 5142 4858 4667 5470 5026 5208 4977 5121 4915 5256 5033 4602 5263 4885 5513 5430 5282 5176 5110 4714 5061 5329 4886 4492 5278 4739 4604 4770 5401 4939 4887 4991 5228 5092 4642 5070 4899 5233 5018 4590 4999 5174 5335 5231 5177 5121 5554 4907 4820 5388 5072 5255 5154 5372 4453 5210 4954 5260 4783 5279 5489 5089 5048 4444 5083 4816 5287 5243 5715 5060 4822 5128 4822 4894 5377 4513 5149 5125 5057 5201 4995 5016 5477 4886 5384 4737 5331 5341 4445 4498 5187 4446 5310 5239 5123 5206 4753 5141 4481 5071 5102 4707 5151 5141 5247 4948 4646 4430 5128 4634 4513 5055 4688 4965 5070 4726 4988 5402 5002 5190 5045 4986 5102 4742 4976 4717 4682 4615 5057 4888 4517 5266 5392 4948 4752 5017 4968 4912 4771 5147 5058 4914 5206 5182 5179 4698 5345 4975 4838 4986 4757 5082 5310 4897 4913 5244 4535
5105 5307 5295 5563 5569 5306 5298 5291 5054 5012 5532 5444 5364 5728 5182 4922 5248 5493 5406 5215 5303 5689 5327 5191 5286 5448 5352 5623 5153 5209 5761 5464 4947 5455 5312 5553 5683 5307 5029 5397 5431 5377 4995 5047 5200 5110 5003 5350 5473 5349 5321 5294 5257 5131 5123 5014 5812 5050 5345 5449 5240 5713 4988 5098 5346 4806 5227 5295 4923 5363 5186 4610 5246 5226 5584 5538 4855 5161 5289 5441 5136 5296 5403 5136 4870 5179 5280 5441 5187 5199 5431 5653 4869 5384 4882 5077 5103 5282 5102 5319 5143 5253 5531 5271 5398 5483 5330 5457 5285 5349 4933 5575 4917 5292 5361 5321 5394 5270 5020 5512 5336 5331 4841 5343 5308 5144 5233 5616 5139 5410 5319 5265 5584 4758 5231 5194 5462 5584 5052 5215 5253 5643 5674 5177 5289 5548 5022 5073 5779 5286 5779 5534 5727 4767 5390 5258 5579 5205 5394 5662 5557 5103 5030 5180 5227 5660 5287 5798 5174 4963 5107 4920 5547 5514 5113 5280 5104 5458 5443 5351 5316 5725 5098 5435 4966 5238 5446 5007 5014 5205 4801 5468 5678 5329 5432 4829 5530 4904 5431 5067 4854 5388 5286 5592 5110 5007 4570 5288 5201 4939 5355 5202 5368 5150 5158 5091 5562 5391 5469 5238 5119 4939 4764 5192 5135 4831 5088 5415 5203 4644 5474 5650 5492 5095 5085 5435 5205 5249 5443 5504 5143 5284 5368 5213 5185 5437 5137 4961 5249 5486 5180 5516 5215 5423 5453 4829
4538 5241 5099 5236 4995 4847 4839 4906 4810 4886 5013 5039 4757 5374 4804 4911 5055 5474 5235 5020 5056 5102 5251 4918 5069 5269 4822 4969 5216 4954 5422 5467 4869 5092 5340 5548 5108 5118 4709 4949 5259 5083 5004 4911 5076 4996 4879 5479 4978 5228 4973 4989 5004 4901 5013 4835 5393 4821 5262 5241 5274 5221 4753 5004 4968 4806 5134 5246 4960 4641 5013 4258 5183 4815 5328 5352 4650 5017 4986 5080 5019 4973 5113 5081 4933 5294 5006 5642 4977 5065 4994 5398 4660 5251 4575 5264 4972 5194 5006 5271 4963 4902 5322 4999 5045 4985 5081 4886 5333 5101 4697 5243 4927 5432 5053 5284 5063 5123 4806 5224 5480 5137 4619 4919 4999 4860 4871 5456 4962 5153 5155 5005 5208 4623 5075 4831 5437 5247 4806 5060 5230 5519 5290 5117 5142 5511 5155 5047 5094 5300 5326 4985 5164 4373 4873 5060 5212 4847 4942 5241 5447 4828 4787 5132 5128 5527 5150 5514 5093 4847 5157 4882 5051 5473 4732 5104 4943 5403 5202 4934 5259 5572 4953 5187 4751 5035 5325 4766 4546 5022 4358 5325 5265 4843 5159 5026 5212 4524 5008 5245 4523 5153 5165 5329 5010 4814 4602 5238 4881 4832 5215 5077 5242 5134 4566 5178 5477 5343 5334 4971 5115 4974 4729 4986 5031 4546 4674 5243 4870 4759 5145 5633 5284 4980 5186 4898 4865 4938 5305 5115 5043 4862 5078 4912 4870 5053 4926 4795 5003 5087 5247 5388 5214 5100 5321 4823
5300 5469 5495 5595 5735 5635 5446 5543 5386 5292 5510 5646 5268 5796 5256 5221 5517 5839 5753 5550 5460 5795 5648 5491 5423 5523 5175 5682 5554 5641 5887 5641 5217 5535 5635 5407 5540 5651 5337 5765 5727 5345 5289 5252 5175 5055 5575 5625 5663 5494 5706 5350 5476 5303 5447 5409 5922 5159 5731 5690 5417 5929 5333 5206 5423 4976 5243 5443 5273 5407 5321 4837 5669 5397 5757 5901 5073 5300 5448 5638 5181 5430 5422 5505 5028 5647 5311 5588 5473 5513 5695 5811 5028 5584 4869 5573 5393 5499 5318 5419 5368 5321 5452 5452 5454 5472 5754 5426 5706 5459 5064 5628 5080 5690 5667 5828 5339 5430 5500 5579 5691 5104 5100 5411 5209 5169 5250 5951 5455 5514 5656 5494 5562 4949 5283 5400 5865 5885 5243 5507 5473 5988 6084 5444 5535 5778 5260 5242 5854 5569 5719 5325 5759 4860 5364 5619 5727 5596 5732 5649 5777 5522 5082 5409 5519 5779 5599 6237 5375 5180 5499 5399 5668 5691 5282 5572 5604 5554 5648 5398 5589 5797 5276 5736 5249 5269 5718 5028 5192 5318 5196 5672 5833 5535 5671 5287 5485 4607 5272 5542 4939 5559 6076 5637 5306 5220 5090 5803 5089 4932 5536 5702 5480 5299 4825 5094 6007 5463 5484 5545 5240 5370 4909 5337 5503 4855 5194 5541 5456 4970 5697 5791 5677 5281 5635 5535 5619 5254 5693 5432 4992 5464 5367 5368 5238 5676 5153 5160 5312 5359 5574 5769 5467 5355 5898 4774
4814 5084 5175 5032 5348 5212 4833 5165 5112 4721 5019 5247 4727 5330 4920 4665 5081 5514 5225 5259 4833 4935 5268 5063 5071 5360 5291 5371 5219 5237 5619 5178 4908 5262 5072 5157 5351 5434 4864 4933 5355 5071 4999 4868 5002 4952 5144 5256 5435 5125 5148 5024 5078 4899 5135 5127 5563 4934 5488 5310 5009 5356 4934 5060 5254 4595 4921 5388 4924 4926 5230 4431 5260 4813 5345 5672 4782 4720 5102 5542 5044 5253 5139 5032 4974 4895 4929 5606 5030 5016 5293 5382 4504 5161 4753 5360 4823 5176 5135 5198 4976 5256 5448 5221 4868 5182 5242 5089 5081 5096 4815 5299 4774 5079 5378 5523 5229 5057 4865 5198 5487 4845 4831 5062 4724 4961 5152 5444 5010 5214 5268 5234 5375 4661 5091 5027 5418 5185 4695 5074 5187 5397 5356 4991 5150 5581 4919 4922 5301 5126 5634 4930 5501 4678 4889 5081 5670 5008 5224 5334 5624 5137 4770 5085 4869 5156 5044 5328 5233 4859 5296 4955 5055 5468 5179 5052 5093 5301 5291 5217 5234 5409 4763 5544 5039 4912 5232 4499 4611 4669 4771 5460 5635 4991 5068 5029 5480 4313 5123 5338 4703 5384 5376 5638 5046 4818 4657 5431 4658 4635 4966 4959 5121 5159 4864 5083 5444 5209 5120 5364 5141 5069 4843 5075 5372 4685 4826 5040 4957 4664 5114 5643 5256 4922 5198 5111 4922 4712 5245 5126 4891 5143 5326 5038 4790 5152 5010 4993 5118 5033 4996 5367 4916 5129 5334 4620
4923 5003 5331 5330 5304 4998 5165 5163 4779 4927 5190 5409 5045 5444 4892 5343 5285 5512 5284 5350 4900 5387 5456 5026 4945 5162 4939 5231 5004 5152 5617 5320 4834 5355 5132 5466 5293 5693 5361 5316 5217 5013 5014 5148 4907 4815 5086 5305 5271 5209 5416 5184 5185 4942 5126 4952 5539 4875 5475 5005 5014 5655 4954 5184 5323 4747 4903 5423 5008 5243 5094 4466 5417 5181 5209 5430 4632 5065 5382 5544 5052 5120 5250 5279 4917 5465 4922 5810 5375 5181 5515 5485 4875 5188 4923 5405 5141 5023 5037 5207 5139 5288 5475 5184 5302 5131 5106 5313 5365 5140 5108 5381 5158 5700 5462 5557 4993 4958 5050 5194 5527 5189 4842 5000 5103 5063 5126 5351 5435 5127 5450 5669 5012 4786 5104 4937 5531 5352 4874 5207 5399 5552 5410 5209 5162 5586 5015 4982 5531 5256 5382 5027 5813 4924 5393 5416 5271 4980 5302 5478 5761 4937 4617 5148 5287 5352 5274 5590 5309 5175 4843 5017 5504 5596 5044 5196 5354 5074 5353 5192 5124 5591 5092 5703 5144 5201 5453 4620 4731 5397 4718 5200 5437 5355 5147 5024 5215 4566 5196 5321 4894 5370 5238 5358 4813 4770 4584 5262 4927 4854 5214 5366 5385 5083 4810 5117 5906 5358 5322 5208 5310 4968 4729 4877 4851 4598 4900 5320 4998 4665 5440 5366 5295 5011 5207 5222 5124 5079 5639 5101 4826 5305 5554 5169 4984 5596 4751 5172 5344 4970 5019 5596 5314 5215 5352 4759
4897 5241 5077 5400 5351 5312 5248 4950 4815 4845 5087 5051 4890 5461 5264 5025 5097 5509 5177 4996 5033 5314 5209 5002 4731 5397 4993 5405 5245 4916 5696 5315 4785 5055 5219 4875 5000 5308 4948 5193 5364 4921 4834 4752 5109 4767 5029 5269 5246 5066 5105 5074 5138 4845 5190 5052 5584 4923 5353 5230 5168 5747 4640 4742 5082 4640 4610 5016 5087 5063 5040 4549 5265 4971 5333 5340 4782 4875 5124 5361 5083 5110 5065 5195 4861 5150 5089 5423 4772 5027 5568 5257 4815 5296 4735 4924 4932 5276 4792 5130 5121 5023 5293 4885 5175 5150 5117 5062 5105 5034 4719 5042 4622 5369 5121 5272 5000 5079 4914 5151 5342 5014 4542 4940 5025 5005 5066 5458 4934 5134 5274 5430 5000 4524 5275 4789 5429 5567 4852 5207 5025 5286 5459 5063 5010 5515 5203 5194 5268 4865 5481 5047 5687 4705 4939 5332 5392 5001 5234 5626 5217 5014 4833 5285 4872 5223 5163 5542 5314 4549 5257 4983 5200 5333 4748 5163 5038 5169 5206 5046 4946 5584 4939 5444 4954 5199 5150 4471 4704 4977 4860 5006 5346 5333 4899 4939 5239 4586 5299 4808 4520 4877 5169 5199 5034 4769 4442 5323 4852 4585 5368 5441 5285 5128 4655 4905 5506 5328 5213 5004 5052 5080 4703 4977 4945 4644 4863 5106 5169 4780 5266 5566 5249 4844 5175 5145 5199 4740 5307 4988 4871 5140 5217 5200 4727 5291 4529 4977 4688 5085 5089 5314 4979 5047 5338 4594
4798 5229 4980 5604 5351 5359 5161 5140 5235 4833 5217 5292 5157 5689 5147 5051 5100 5447 5290 5277 5148 5475 5357 5015 5042 5226 5108 5589 5167 5012 5628 5515 5066 5320 5302 5173 5479 5328 4801 5341 5373 5237 5017 5059 5215 5115 4810 5251 5067 5417 5108 5168 4955 4915 5150 5141 5814 4981 5294 5329 5303 5985 4931 5211 5352 4856 4971 5353 4924 5002 5140 4504 5245 5111 5485 5574 4837 5144 5310 5497 5033 5299 5048 5022 5050 5112 5002 5515 5113 5117 5265 5451 4976 5263 4744 5404 5149 5123 5007 5089 5096 5266 5224 5181 5091 5141 5349 5287 5117 5031 4652 5245 5070 5466 5406 5559 5155 5347 5203 5263 5459 4951 4780 5079 4974 4918 5033 5626 5088 5312 5366 5366 5418 4947 5531 5236 5624 5546 4954 5286 5380 5532 5811 5437 5297 5478 4960 5312 5658 5256 5542 5253 5647 4653 5055 5149 5482 5239 5388 5362 5517 5179 4864 5252 5204 5399 5215 5715 5233 5021 5111 4953 5208 5253 5020 4952 5151 5397 5326 5384 5081 5587 5067 5586 5220 4913 5512 4651 4889 5043 4847 5443 5449 5170 5152 4892 5439 4488 5153 5197 4492 5286 5368 5611 4856 4707 4627 5449 4933 4802 5314 5078 5075 5090 4889 5158 5491 5290 5183 5304 5192 5039 4822 5157 5130 4728 5118 5375 5154 4641 5425 5564 5728 4920 5114 5248 5037 5010 5238 5142 5082 5382 5401 5039 4691 5313 5112 5145 5200 5166 5147 5477 5064 4984 5669 4650
5156 5312 5593 5256 5130 5131 5199 5255 5210 5100 5046 5430 4991 5582 4955 5249 5419 5711 5389 5442 5302 5476 5360 5213 5164 5271 5203 5299 5055 5098 5596 5605 4935 5385 5592 5312 5407 5389 5013 5307 5582 4974 5438 4916 5229 4975 5013 5488 5115 5428 5149 5069 5111 5070 5124 5098 5580 5046 5475 5582 5268 5649 5108 5264 5567 4816 5071 5349 5248 5281 5140 4706 5317 5168 5231 5487 4816 4950 5158 5574 5141 5177 5345 5321 5042 5152 4956 5337 5202 5372 5525 5525 4584 5150 4793 5406 5039 5233 5273 5322 5164 5312 5167 5401 5181 5119 5286 5191 5389 5238 4899 5550 5076 5535 5224 5546 5309 5117 5175 5418 5348 5096 4797 5329 5160 5328 5284 5676 5324 5031 5394 5361 5408 4677 5566 5092 5704 5394 4862 5483 5240 5409 5365 5221 5069 5407 5001 5146 5284 5244 5535 5179 5731 4591 5088 5249 5725 5244 5446 5552 5359 5241 4693 5307 5355 5560 5421 5563 5556 5058 5279 5082 5319 5436 5184 5359 5009 5340 5283 5344 5261 5670 5058 5231 5051 5098 5459 4778 4739 5322 4502 5358 5498 5111 5195 4970 5335 4610 5185 5223 4913 5319 5592 5487 5103 4868 4820 5386 5048 4927 5303 5318 4966 5186 4952 4982 5608 5338 5475 5230 5281 5118 4751 5330 5143 4832 4977 5074 4906 4757 5108 5537 5559 4977 5366 5217 5127 5026 5293 5421 5094 5104 5351 5350 4920 5388 4880 5260 5355 5386 5059 5868 4978 5134 5242 4909
4610 5118 4787 5070 4863 4702 4918 4782 4924 4781 4647 5025 4581 5058 4510 4807 4780 5085 4640 4866 4810 5082 5069 4751 4549 4950 4782 4979 4793 4657 5219 5055 4682 4954 4961 4705 4892 5168 4631 4677 4978 4880 4683 4632 4586 4612 4728 4679 4847 4685 4751 4919 4936 4711 4966 4747 5039 4501 5028 5208 5123 5132 4740 5023 5046 4332 4667 5051 4655 4956 4741 4359 4850 4835 4881 5489 4520 4565 4813 5171 4870 4793 4853 4657 4439 4836 4617 4908 4763 4876 4847 5170 4322 4786 4494 5162 4676 4723 4684 4804 4742 4515 4975 4802 4785 4815 5006 4798 4830 5047 4726 5074 4562 5021 4768 4877 4888 4886 4530 4838 4992 4494 4527 4797 4783 4599 4870 5302 4946 4855 4918 4945 5182 4792 4871 5088 5024 5155 4698 4778 4929 5186 5257 4945 4693 5095 4979 4856 5370 4752 5222 5116 5293 4314 4732 4973 5299 4793 4932 4926 5103 5128 4654 4760 4590 4970 4943 5292 4857 4801 4755 4675 4847 5213 4924 4877 4901 5066 4937 4907 5030 5211 4601 5030 4622 4653 5208 4483 4488 4889 4255 4956 5132 4798 4841 4506 4992 4175 4767 4719 4527 4901 4944 4878 4932 4457 4260 5120 4570 4450 4885 4636 4695 4431 4574 4787 5146 4661 5081 4813 4688 4367 4451 4795 4649 4273 4814 4749 4770 4212 5152 5173 4988 4626 4879 4779 4721 4905 4737 4949 4826 4802 4838 4853 4587 5067 4718 4587 4841 4760 5034 4986 4940 4815 5198 4353
4582 5188 4810 5206 4965 4943 5105 5223 4740 4685 5296 5249 4970 5290 4721 5105 4886 5477 5048 4729 5105 5008 5038 4919 4809 5054 4913 5150 4950 4949 5452 5230 4843 5131 5022 4838 5297 5151 4939 4851 5053 5122 4579 5025 4933 4776 4934 5045 5026 5002 5153 5167 4826 4834 5081 4961 5545 4725 4934 5321 5083 5359 4807 4718 5258 4670 4822 5104 4726 5118 4873 4210 5112 4993 5226 5280 4573 4694 5025 5054 4923 4860 5122 4712 4740 5014 4635 5417 4904 4860 5285 5005 4688 4914 4763 4734 4630 4965 4778 4997 4829 4810 5223 4879 5055 4931 4997 5014 4945 5144 4655 5049 4667 5276 5002 5442 4980 4934 4799 5030 5236 4949 4508 4993 4775 4915 4871 5502 4829 5167 5129 5063 5024 4570 5100 4683 5152 5455 4799 4893 4859 5307 5248 4873 4950 5356 4899 4982 5074 4758 5261 5100 5532 4525 4988 5147 5344 5007 5053 5185 5306 4733 4749 5183 5022 5278 4876 5442 5017 4664 5138 4821 5228 5288 4620 5077 4959 5311 5002 5103 5031 5396 4977 5282 4681 4716 4972 4700 4736 4850 4558 5020 4925 4976 4939 4798 5184 4547 4879 4758 4380 4993 5207 5369 4641 4851 4513 5205 4939 4617 4928 4811 4978 4969 4654 4788 5097 4877 5072 5176 5007 4856 4418 4856 4954 4541 4781 4941 4859 4361 5177 5184 5071 4875 5071 4960 4797 4881 4859 5039 4709 5210 5444 4762 4688 4983 4919 4693 4812 5027 4902 4926 4969 4940 5245 4707
4893 5251 5383 5456 5441 4952 5158 5123 5061 4695 5249 5401 5289 5678 4892 5274 5103 5395 5044 5089 5280 5416 4952 5225 5202 5004 5121 5078 4949 4870 5594 5244 4753 5193 5293 5202 5284 5326 5058 5203 5356 5263 4868 4947 4913 4866 4904 5194 5306 5244 5238 5144 5116 5032 5142 5205 5580 4991 5327 5329 5064 5410 4752 5112 5234 4852 4916 5143 5105 5012 4777 4277 5220 5012 5385 5678 4971 4762 5024 5423 5143 5014 5300 5167 4822 5023 4866 5547 5128 5120 5341 5282 4745 5217 4682 5344 4991 5031 5047 5019 4851 4998 5507 5048 5151 5059 5103 5131 4926 5061 4786 5134 5203 5541 5398 5221 5025 5286 4943 5278 5426 5270 5045 5173 5059 5046 5196 5630 4977 5262 5324 5232 5303 4803 5207 4844 5344 5501 4677 5312 5286 5465 5516 5319 4968 5575 5130 5139 5414 5298 5406 5076 5508 4438 5187 5438 5406 4969 5140 5481 5581 4979 4612 5106 5118 5262 5352 5529 5171 5047 5191 4968 5161 5524 4791 5320 5078 5239 4990 5371 5108 5367 4953 5401 4781 5266 5156 4703 4903 5267 4802 5252 5342 5043 4803 4884 5444 4514 5244 4964 4883 5270 5339 5599 5159 4905 4607 5291 4828 4705 4888 5055 5113 4901 4805 5048 5629 5177 5544 5150 4778 5249 4916 4886 5128 4846 4989 5038 5139 4721 5540 5572 5096 4899 5074 5230 5146 4992 5134 5255 4758 5283 5530 5112 4893 5334 4904 4897 5030 5359 5354 5455 4907 5264 5550 4728
5011 5424 4949 5390 5463 5268 5279 5139 5189 4976 5323 5342 5202 5547 5075 5185 5487 5565 5276 5271 5339 5400 5593 5066 5209 5278 4955 5415 5147 5185 5691 5614 4917 5416 5427 5043 5199 5394 4892 5193 5764 5299 4950 5077 5063 5238 4897 5414 5229 5469 5286 5382 5332 5048 5079 5170 5574 5126 5475 5165 5403 5785 4890 4981 5222 4690 5118 5341 5031 5072 5229 4477 5267 5326 5362 5480 4895 5128 5400 5524 5192 5090 5091 4887 5026 5319 5083 5710 5044 5059 5448 5444 4908 5388 4997 5329 5322 5039 5083 5244 5066 5302 5431 5321 5115 5152 5078 5442 5122 5122 4835 5168 5147 5493 5165 5619 5386 5020 5219 5233 5587 5103 4780 5142 5076 4957 5188 5648 5474 5473 5136 5321 5348 5336 5119 4947 5707 5765 4880 5259 5190 5619 5688 5300 5342 5621 5272 5465 5464 5296 5611 5126 5760 4622 5258 5305 5716 5140 5247 5336 5597 5052 5076 5408 5131 5442 5426 5880 5256 5036 5163 5040 5274 5417 4850 5050 5403 5418 5598 5162 5319 5640 5127 5495 4834 5140 5468 4815 4731 5232 4837 5455 5574 5356 5379 4959 5319 4567 5256 5158 4983 5390 5266 5558 5003 4994 4934 5594 4941 5021 5235 5134 5344 5172 5064 5103 5677 5476 5327 5496 5179 5127 4891 5111 5108 4976 5109 5490 5280 4653 5538 5437 5643 5019 5215 5307 5165 5128 5619 5227 4926 5368 5365 4977 4965 5423 5137 4959 5246 4961 5433 5303 5129 5034 5246 5042
4792 5188 4950 5011 5214 4883 5181 5260 4902 5017 5006 5372 5002 5500 4860 5063 5203 5182 5196 5049 5117 5031 5115 4824 4925 4921 4701 5262 4878 5092 5549 5172 4745 5167 5282 4924 5113 5311 4672 4935 5239 4790 5064 4799 4929 4778 4828 5224 5024 5194 5343 4959 5148 4777 4889 4929 5466 4894 5240 5225 5134 5452 4842 5015 4846 4478 4947 4902 4848 5117 5091 4389 5284 4859 5219 5355 4546 4821 5109 5385 4735 4981 5093 5013 4749 5057 4990 5251 5231 5077 5206 5222 4612 5165 4705 4866 4821 4725 5075 5215 4976 5126 5187 5113 4776 4883 5031 4996 4933 4907 4819 5226 4714 5351 5199 5160 5065 4840 4987 4855 5270 4790 4561 5012 5024 4779 4948 5416 4768 4993 5293 5189 5451 4715 5168 5084 5308 5357 4608 5046 5225 5091 5261 5161 5073 5592 4915 4932 5007 5226 5565 4827 5446 4680 5114 5035 5546 5127 5274 5174 5303 4978 4933 4973 5233 5146 4990 5653 5231 4975 4960 5156 4759 5243 4631 4743 5106 5044 5252 5007 5041 5280 4963 5273 4821 4775 5133 4636 4682 5037 4437 5245 5291 5054 5112 4885 5213 4282 4971 4971 4786 5161 5239 5014 5029 4815 4523 5470 5033 4472 5183 4788 5024 5184 4732 5232 5476 5220 5273 5055 5063 4783 4642 4908 5232 4767 5012 5112 5249 4622 5347 5273 5260 4733 5368 5292 4920 4786 5178 5276 4940 5177 5135 4730 4837 4982 4707 5003 5087 4841 5259 5194 4804 5046 5250 4736
4672 5316 5125 5302 5150 4928 5015 5219 5053 5162 5210 5142 5089 5555 4850 5254 5220 5661 5118 4965 4877 5327 5334 4981 5078 5251 4902 5452 5220 5054 5584 5386 5064 5413 5316 5327 5246 5403 4996 5114 5248 5125 5208 4694 5063 4944 5487 5237 5240 5118 5413 5187 5211 4739 4983 4812 5559 4812 5185 5165 5189 5659 5095 5037 5077 4455 4927 5297 5183 5359 5136 4505 5536 5330 5513 5537 4687 4804 5514 5283 4971 5078 5054 5159 4919 5454 5113 5382 5116 4864 5329 5949 4432 4907 4923 5121 4917 5313 5143 5319 5062 5076 5242 5094 4961 5219 5084 5160 5450 5017 4680 5488 4985 5649 5412 5537 5158 5160 4958 5030 5563 4618 4741 5281 4894 4993 5100 5394 5084 5061 5426 5391 5037 4636 5272 4897 5195 5227 4859 5345 5194 5476 5388 5053 5146 5638 4946 4880 5646 5126 5505 5324 5352 4849 5379 5234 5381 4740 5481 5230 5407 5308 4823 5020 5096 5191 5437 5633 5415 5206 5199 4792 5343 5428 4742 5228 5168 5471 5338 5332 5254 5651 4981 5289 4836 5102 5128 4444 4498 5384 4548 5222 5529 5297 5151 4911 5070 4785 5007 5282 4810 5077 5292 5325 5002 4846 4591 5295 5080 4670 5176 4885 5409 5070 5004 5195 5370 5307 5210 5084 5123 5067 4805 5165 4984 4727 4849 5137 5094 4961 5446 5553 5335 4981 5314 5227 5104 5094 5303 5303 5066 5132 5367 5118 5060 5352 5079 5232 4984 5047 5187 5520 5181 5459 5578 4692
4880 5036 5255 5347 5273 5219 5233 5335 4835 5033 5302 5462 5186 5500 5112 5034 5172 5499 5128 5191 5123 5529 5225 5102 4975 5266 5232 5386 5008 5083 5594 5496 4678 5410 5268 5149 5348 5327 5296 5185 5342 5202 5121 4913 5404 4927 5000 5471 5431 5404 5255 5155 5218 5134 5101 5051 6012 4537 5412 5399 5206 5643 5070 4990 5140 4729 4939 5173 4797 4979 5050 4500 5405 5175 5331 5387 4637 4827 5036 5390 4771 5058 5112 4970 5122 5062 4985 5507 5152 5220 5504 5616 4830 5376 4902 5186 4959 5093 5065 5439 5305 5219 5258 5383 5113 5019 5257 5181 5265 5061 4640 5426 4984 5280 5308 5430 5298 5049 4952 5071 5574 5085 4866 5367 5455 5098 4858 5578 5092 5288 5230 5280 5445 4921 5420 5099 5538 5522 4829 5054 5341 5321 5478 5437 5304 5776 5056 5250 5350 5385 5369 5147 5441 4804 5220 4938 5577 5289 5098 5493 5673 5081 4670 5085 5375 5409 5278 5564 5458 4985 5160 5211 5247 5277 4786 5067 5260 5390 5368 5056 5464 5510 5076 5489 4986 5297 5346 4504 4763 4921 4951 5064 5448 5279 5136 4841 5139 4780 5198 5199 4790 5209 5317 5417 5075 5159 4779 5569 4865 4839 5246 5022 5118 5214 4873 5168 5930 5262 5243 5350 5128 5135 4700 4800 5424 4852 4925 5280 5015 4836 5562 5423 5156 4944 5191 5045 4971 5118 5217 5231 4714 5124 5290 5186 4715 5303 5034 4905 5308 5148 5100 5387 5235 5112 5456 4859
4265 4236 4705 4753 4789 4579 4638 4659 4625 4561 4621 5100 4376 4778 4607 4798 4845 5261 4773 4501 4680 4663 4660 4504 4587 4604 4588 4960 4584 4549 5116 5040 4491 4702 4673 4897 4862 4733 4444 4594 4609 4333 4536 4240 4510 4484 4495 5036 4783 4888 4321 4589 4591 4508 4581 4652 5160 4379 4866 4859 4518 4906 4523 4526 4603 4193 4301 4659 4459 4360 4375 4033 4765 4556 5062 4877 4156 4326 4575 4661 4631 4330 4670 4741 4409 4655 4649 4881 4417 4769 4785 4911 4208 4755 4439 4555 4401 4710 4550 4693 4681 4782 4722 4677 4558 4520 4292 4346 4622 4362 4306 4616 4314 4737 4750 4624 4579 4854 4533 4921 5050 4648 4426 4746 4680 4312 4504 4882 4710 4712 4721 4660 4908 4027 4835 4680 5081 4979 4107 4723 4914 5015 4821 4480 4503 4899 4717 4430 4804 4775 5046 4473 4740 4280 4441 4709 5027 4554 4612 4994 4877 4562 4338 4508 4498 4866 4766 5005 4708 4465 4913 4606 4626 4859 4409 4547 4640 4720 4630 4551 4585 4655 4549 4978 4207 4493 4948 4140 4096 4337 4169 4624 4848 4609 4666 4518 4821 4098 4342 4825 3980 4725 4773 5063 4528 4178 4256 4887 4467 3924 4673 4647 4530 4530 4490 4601 5054 4801 4952 4709 4473 4664 4083 4321 4645 4309 4360 4229 4554 4209 4905 5083 5125 4369 4938 4642 4491 4524 4934 4755 4436 4575 4963 4323 4543 4648 4565 4315 4577 4832 4715 4792 4562 4631 5138 4116
5185 5530 5545 5480 5785 5319 5670 5894 5223 5282 5526 5741 5523 5889 5293 5474 5635 6068 5648 5750 5280 5715 5575 5429 5390 5736 5534 5787 5352 5320 5984 5524 5325 5600 5680 5428 5667 5961 5217 5363 5822 5383 5427 5297 5569 5438 5297 5842 5645 5455 5569 5349 5514 5506 5446 5341 6088 5160 5768 5573 5554 5786 5425 5608 5352 5152 5516 5768 5294 5593 5267 4808 5491 5803 6001 5793 5051 5422 5692 5476 5636 5369 5380 5275 5331 5709 5211 5855 5453 5521 5884 5627 4870 5544 5202 5697 5423 5532 5263 5534 5383 5412 5923 5605 5388 5556 5594 5513 5762 5574 5124 5713 5307 5908 5725 6043 5436 5544 5059 5533 5756 5551 5083 5578 5359 5297 5478 5963 5586 5364 5611 5857 5641 5114 5575 5237 5813 5969 5417 5113 5707 5810 5949 5322 5667 5894 5324 5488 5909 5685 6164 5705 5789 4873 5407 5545 5854 5354 5541 5706 5715 5647 5094 5485 5472 5437 5669 5726 5409 5317 5469 5233 5388 5803 5504 5486 5511 5850 5641 5520 5543 5862 5405 5748 5205 5429 5620 4954 5290 5454 5088 5642 5806 5527 5628 5473 5633 4852 5685 5675 5312 5740 5730 5742 5277 5248 5171 5743 5212 5017 5549 5746 5353 5611 5266 5545 5883 5490 5674 5713 5568 5445 5181 5464 5608 4952 5168 5619 5341 4892 5694 5689 5769 5204 5537 5432 5278 5420 5845 5692 5452 5472 5916 5649 5312 5706 5275 5256 5473 5542 5627 5713 5310 5402 5878 5139
5437 5735 5588 5702 5667 5235 5500 5613 5285 5514 5459 5675 5400 5873 5455 5657 5875 5773 5752 5495 5398 5972 5887 5494 5459 5736 5511 5364 5469 5400 6162 5761 5404 5721 5865 5706 5575 5671 5373 5523 6035 5622 5212 5573 5394 5411 5663 5820 5496 5573 5655 5770 5360 5403 5654 5411 6125 5339 5830 5842 5830 5948 5404 5648 5790 5104 5290 5630 5798 5440 5387 4777 5694 5537 5477 5989 5040 5573 5727 5895 5455 5689 5859 5465 5176 5477 5681 5797 5507 5618 5771 5974 5245 5846 5331 5803 5574 5455 5393 5355 5305 5596 5783 5715 5709 5663 5764 5559 5583 5677 5206 5844 5504 6213 5390 5789 5711 5631 5417 5739 5984 5513 5073 5616 5569 5050 5648 6130 5464 5692 5600 5610 5649 5239 5891 5422 5886 6039 5376 5817 5881 5631 5992 5740 5509 6133 5483 5688 5838 5783 5984 5422 6077 5206 5733 5784 5919 5634 5526 6040 6005 5640 5218 5647 5828 5802 5525 6114 5447 5509 5241 5357 5749 6073 5149 5661 5720 5834 5706 5708 5772 5924 5403 5913 5302 5331 5963 5164 5282 5512 5119 5690 6151 5651 5853 5300 5767 4880 5722 5552 5209 5728 5922 5900 5589 5276 4842 5686 5486 5105 5407 5603 5711 5561 5158 5725 6115 5799 6095 5503 5514 5591 5158 5556 5518 5217 5569 5769 5379 5216 6065 5973 5940 5295 5549 5613 5498 5649 5563 5492 5434 5673 5715 5618 5154 5883 5431 5558 5478 5613 5529 5914 5557 5445 6146 5231
4739 5020 5107 5306 5039 5102 5297 5009 4862 4862 5106 5198 4789 5355 4957 5080 5162 5828 4961 5168 4651 5419 5101 4872 4950 5315 5008 5306 5120 5139 5713 5410 5029 4934 5249 5255 5133 5130 5070 4934 5192 4912 4913 4768 5163 4774 5019 5355 4931 5406 5238 5267 5172 4979 4908 4763 5400 4913 5381 5045 5270 5333 4680 4865 5346 4646 4702 5179 4930 5166 4997 4288 5186 5074 5440 5309 4720 4758 5180 5215 4862 4833 4947 5017 4795 5029 4933 5438 5212 5159 5573 5288 4537 5233 4762 5165 5063 5199 4804 4998 4898 5176 5198 5043 5091 5027 5018 5223 5152 5093 4855 5201 4870 5226 5308 5568 4913 5220 5032 5129 5419 4840 4999 5082 4910 5101 4980 5321 5072 5147 5243 4899 5070 4595 5094 4879 5440 5500 4832 5134 5116 5421 5417 5269 5215 5426 4984 4890 5409 5438 5564 4877 5467 4864 4981 5155 5519 4747 5255 5260 5461 5000 4620 5339 5221 5365 5215 5444 5160 5108 5317 4831 5069 5385 4650 4889 4963 5108 5292 4968 5115 5269 5164 5161 4801 4923 5264 4469 4713 5033 4666 5434 5230 4846 5310 4746 5202 4630 5170 5265 4588 5090 5191 5522 4765 4833 4647 5441 5055 4833 4967 5168 5453 5079 4758 5114 5396 5404 5150 5008 4869 4884 4487 4827 5087 4642 4624 4914 5048 4749 5211 5588 5073 4852 5310 5152 4991 4829 5437 5222 4749 5028 5316 4881 4679 5067 4726 4989 5037 5013 5193 5566 5095 4870 5228 4524
4314 4805 4568 4755 4770 4581 4731 4677 4199 4581 4629 4884 4653 5242 4650 4621 4832 5059 4920 4515 4733 4865 4757 4787 4634 4839 4774 4790 4515 4545 4994 4946 4814 4598 4713 4923 4726 4937 4673 4534 5056 4604 4454 4497 4483 4632 4672 4805 4519 4631 4780 4635 4828 4664 4715 4605 4942 4648 4938 4817 4608 4886 4472 4489 5030 4204 4322 4954 4578 4708 5004 4018 4620 4552 4929 5244 4480 4629 4796 4895 4562 4775 4673 4724 4408 4687 4571 4902 4432 4506 4788 4745 4413 4945 4221 4872 4734 4713 4870 4698 4747 4640 4927 4847 4712 4533 4609 4796 4801 4891 4417 4842 4298 4926 4829 4951 4523 4792 4547 4772 4955 4834 4324 4820 4719 4530 4808 4788 4620 4863 4809 4967 4884 4260 4764 4650 4739 4931 4313 4536 4815 5124 5160 4921 4471 4919 4374 4679 4927 4660 4886 4676 5103 4032 4701 4485 5133 4761 5004 5218 5121 4435 4240 4652 4813 4872 4553 5275 4709 4528 4813 4357 4650 4951 4602 4945 4652 4653 4681 4741 4779 5124 4486 4941 4464 4676 4779 4269 4188 4643 4239 5090 5005 4564 4652 4380 4979 4177 5012 4788 4562 4910 4800 4840 4513 4413 4359 4975 4441 4335 4708 4520 4659 4823 4106 4483 4866 4753 4979 4832 4735 4482 4021 4746 4556 4217 4598 4566 4705 4151 4819 5081 4921 4451 4634 4536 4619 4703 4727 4805 4435 4694 4747 4711 4615 5051 4390 4590 4594 4573 4517 5111 4872 4743 5034 4271
4830 5252 5181 5322 5620 5167 5300 5365 5129 5062 5223 5567 5130 5471 5006 5331 5363 5629 5427 5332 5079 5490 5310 5238 5181 5266 4925 5463 5332 5359 5741 5333 4940 5377 5116 5311 5349 5336 5277 5151 5519 5280 5339 5021 5103 5144 5143 5389 5234 5069 5427 5269 5257 5198 5017 5260 5750 5111 5402 5477 5222 5746 5143 5004 5129 4811 5264 5298 5228 5015 5187 4490 5458 5252 5566 5501 4777 5118 5331 5389 5158 5363 5435 5253 4979 5084 5035 5539 5149 5124 5510 5400 4754 5238 4950 5243 5263 5431 5090 5148 5250 5418 5550 5219 5557 5160 5159 5135 5153 5115 5171 5140 4599 5271 5493 5542 5282 5200 4879 5475 5421 5224 5011 5565 4900 5031 4994 5700 4932 4958 5330 5462 5474 4872 5256 5218 5432 5455 4874 5416 5530 5585 5835 5107 4989 5546 5285 5212 5595 5596 5640 5059 5730 4634 5420 5466 5651 5193 5576 5824 5718 5304 4594 5247 5172 5359 5426 5722 5229 5207 5386 5192 5201 5606 5052 5355 5077 5335 5214 5334 5062 5921 4922 5532 4769 5231 5525 4887 4795 5263 4863 5489 5196 5234 5376 5036 5607 4563 5273 5258 4907 5484 5341 5278 5240 4943 4746 5417 5091 4922 5322 5318 5259 5424 4765 5323 5871 5017 5426 5233 5049 5340 5019 5190 5300 4433 4829 5021 5216 4763 5584 5651 5512 5017 5471 5309 5232 5024 5472 5371 5160 5373 5390 5328 4836 5362 4873 5257 5099 5264 5243 5379 5519 5357 5490 4719
4756 5207 5465 5394 5391 4990 5065 5203 5076 4940 5252 5506 4906 5550 4907 5086 5385 5574 5275 5244 5140 5582 5414 5269 5017 5596 5488 5361 5049 5006 5668 5602 5000 5241 5371 5350 5581 5367 5109 5398 5588 5230 5029 4849 5113 5222 5023 5273 5333 5408 5351 5244 5255 5120 5229 5214 5670 5248 5589 5333 5303 5494 5036 5341 5633 4771 4998 5439 5245 5311 5104 4627 5116 5198 5479 5638 4583 5059 5223 5598 5221 5263 5236 5125 5019 4966 5163 5465 5012 5181 5318 5545 4568 5351 4684 5364 5492 5174 4979 5279 5107 5186 5581 5510 5158 5156 5288 5281 5030 5245 4895 5588 4881 5342 5170 5563 5421 5319 4777 5467 5518 4945 4711 5117 4844 4906 5119 5714 5234 5187 5501 5299 5537 4795 5607 5095 5359 5488 5081 5346 5395 5458 5591 5354 5358 5556 5022 5040 5642 5347 5703 5049 5538 4862 5336 5315 5559 5141 5159 5572 5660 5131 4864 5325 5243 5660 5288 5613 5259 5110 5154 4901 5282 5442 5085 5252 5192 5539 5508 5173 5306 5377 5169 5637 5125 5319 5644 4436 4850 5048 4869 5345 5522 5025 5276 4805 5503 4396 5326 5180 4866 5236 5242 5768 5127 4993 4783 5611 5206 4688 4968 5034 5121 5352 4844 5152 5521 5148 5390 5208 5033 5049 4876 5149 5130 4787 5074 5200 4955 4618 5224 5587 5352 5036 5196 5256 4896 5142 5305 5342 4893 5383 5344 5212 4880 5138 5186 4804 5197 5319 5064 5515 5025 4982 5473 4854
5047 5626 5482 5741 5431 5445 5168 5361 5333 5234 5603 5610 5194 5621 5337 5402 5700 5659 5552 5488 5466 5696 5493 5420 5858 5514 5340 5604 5121 5251 6056 5456 5178 5447 5556 5691 5546 5615 5266 5715 5762 5205 5390 5277 5403 5065 5388 5686 5411 5579 5355 5261 5566 5458 5215 5298 6072 5243 5443 5641 5714 5707 5200 5303 5356 5040 5179 5711 5433 5063 5167 4864 5465 5580 5664 5932 5049 5403 5285 5675 5577 5500 5670 5489 5116 5390 5312 5813 5468 5356 5769 5911 5225 5556 5046 5598 5389 5298 5106 5468 5247 5468 5584 5733 5358 5487 5548 5219 5272 5526 4800 5346 5124 5753 5524 5767 5493 5324 5431 5677 5757 5350 5060 5388 5379 5238 5729 5812 5533 5518 5355 5425 5870 5199 5712 5471 5835 5840 5113 5513 5467 5806 5784 5678 5592 5903 5327 5299 5817 5340 5838 5185 5592 4759 5421 5426 5717 5304 5295 5617 5790 5717 5135 5500 5486 5840 5562 6062 5349 5224 5388 5338 5618 5655 5309 5455 5216 5892 5691 5434 5647 5915 5205 5648 5082 5180 5544 4912 5092 5370 5124 5709 6040 5452 5587 5291 5751 4765 5378 5593 5130 5731 5644 5841 5185 5307 5168 5814 5111 4982 5469 5271 5289 5490 5219 5118 5671 5746 5567 5777 5390 5390 4716 5340 5642 4888 5361 5501 5565 5072 5714 5615 5464 5160 5659 5434 5362 5552 5533 5568 5308 5326 5478 5402 5224 5591 5357 5198 5517 5459 5516 5805 5303 5326 5811 5030
4776 5411 5308 5478 5412 5262 5320 5331 4970 5156 5537 5404 5593 5843 5005 4945 5522 5719 5542 5404 5385 5567 5290 5310 5390 5378 5221 5475 5094 5357 5945 5687 5200 5589 5548 5529 5378 5554 5033 5791 5595 5336 5203 4941 5039 5040 5109 5576 5501 5383 5309 5249 5501 5030 5059 5033 6034 5135 5473 5489 5328 5961 5021 4872 5376 4921 5417 5347 5202 5285 5425 4689 5535 5081 5639 5763 4935 5264 5397 5526 5201 5126 5330 5064 5082 5393 5319 5592 5388 5463 5475 5681 4775 5349 5042 5367 5423 5121 4875 5499 5225 5484 5481 5484 5416 5459 5552 5265 5351 5143 5086 5433 5220 5877 5515 5552 5372 5417 5060 5323 5485 5347 4795 5341 5240 5278 5355 5836 5275 5399 5386 5558 5523 4785 5446 5216 5742 5315 5095 5531 5534 5775 5591 5411 5370 5615 4996 5421 5526 5399 5781 5267 5807 4742 5446 5121 5656 5089 5168 5472 5641 5305 4897 5354 5479 5497 5434 5902 5562 5306 5305 5201 5180 5668 5154 5189 5317 5636 5579 5583 5400 5808 5207 5609 4996 5522 5484 4965 5019 5214 4625 5621 5719 5458 5204 5385 5390 4842 5319 5401 4867 5380 5651 5476 5254 5050 4949 5602 5005 4768 5564 5308 5466 5357 4844 5206 5966 5675 5610 5377 5354 5221 4836 5152 5560 5040 5106 5361 5332 4825 5443 5871 5459 5033 5494 5438 5309 5330 5463 5383 5449 5356 5413 5178 5098 5592 5197 5338 5137 5259 5266 5524 5162 5328 5697 4834
4916 5514 5394 5511 5429 5155 5535 5477 5197 5066 5317 5648 5200 5543 5031 5431 5487 5707 5263 5205 5289 5693 5437 5063 5143 5450 5044 5558 5187 5038 5707 5887 4966 5736 5511 5339 5698 5645 5169 5403 5502 5247 5567 4900 5399 5255 5294 5524 5458 5575 5462 5550 5334 5098 5139 5181 5795 5269 5606 5460 5418 5819 5066 5246 5502 4931 5304 5534 5233 5373 5255 4540 5519 5292 5746 5621 4792 5238 5468 5346 5119 5236 5163 5139 5128 5477 5051 5658 5328 5656 5419 5655 4777 5244 5180 5265 5445 5260 5307 5420 5271 5190 5539 5481 5327 5236 5285 5165 5501 5319 4967 5450 5106 5709 5362 5460 5351 5393 5296 5485 5602 5060 4993 5418 5168 5209 5303 5750 5539 5238 5554 5581 5543 5230 5703 5260 5946 5860 5218 5373 5320 5785 5856 5272 5313 5880 5338 5287 5751 5447 5749 5142 5545 4781 5366 5302 5508 5282 5339 5782 5437 5265 4916 5358 5308 5879 5592 5831 5504 5124 5648 5441 5449 5609 5166 5409 5330 5459 5501 5594 5612 5915 5310 5675 5110 5284 5706 4899 4982 5216 4968 5348 5570 5459 5538 5004 5477 4591 5084 5322 4812 5420 5580 5594 5328 5096 4783 5582 5214 4990 5584 5257 5434 5178 5051 5359 5772 5538 5524 5471 5370 5174 5088 5254 5312 4836 4934 5719 5235 4808 5699 5535 5556 5259 5592 5188 5225 5271 5438 5252 5049 5390 5424 5483 5180 5375 5324 5190 5178 5595 5350 5677 5498 5282 5739 4907
4763 5140 5082 5200 4982 5010 5133 5118 4924 4847 5203 5406 4801 5291 4983 5021 5151 5374 5057 4974 5040 5218 5205 4789 4929 4981 4850 4953 5211 5067 5410 5306 4880 5205 5304 5185 5067 5226 4568 5072 5280 5048 5028 4717 5166 4711 5158 5289 5015 5148 5302 4977 5364 4883 4919 4976 5419 4509 5431 5229 5093 5219 5095 4845 5208 4654 4935 5069 5222 5039 5022 4430 5285 4942 5310 5484 4501 4601 4840 5264 4877 5092 5037 4927 4755 4630 5101 5195 5075 5005 5247 5193 4667 5066 4986 4829 4725 4913 4706 4895 5001 5140 5129 4897 4856 5000 4975 4961 5359 4944 4633 5364 4989 5422 5099 5368 5018 4981 4863 5068 5876 4843 4921 5078 4841 5063 4813 5601 5019 4865 5050 5080 5235 4768 5030 4932 5488 5536 4867 4969 5090 5324 5150 5219 5393 5488 4720 4945 5379 5229 5400 5040 5249 4654 4980 5189 5454 5094 5138 5048 5285 5079 5037 4809 5432 5357 5079 5218 5200 5013 4958 4684 5008 5293 4712 4876 5052 5063 5192 5077 4933 5578 4960 5483 5068 4981 5244 4593 4787 5053 4532 5387 5178 4830 5126 4881 5363 4527 4814 5308 4454 4954 5559 5364 4995 4865 4561 5380 5050 4624 5087 5037 4845 5039 4824 5323 5292 5518 5399 5008 4924 4874 4671 4914 5158 4525 4578 5307 4898 4635 5305 5458 5266 4891 5267 4938 4859 4760 5018 5015 4832 5115 4847 4906 4472 5080 4962 4834 4961 4880 4964 5307 5036 4901 5401 4484
4881 5121 4965 5436 5388 5320 5213 5119 4903 5136 5431 5530 4923 5815 5010 5358 5192 5748 5468 5448 5199 5604 5591 5122 5130 5477 4852 5095 4961 5448 5588 5569 5100 5419 5119 5256 5278 5433 5298 5583 5211 5298 4996 5181 5248 5005 5291 5253 5349 5296 5152 5295 5358 5163 4947 4923 5438 4726 5465 5378 5190 5444 5256 4944 5047 5055 4969 5330 5064 5206 4851 4366 5175 5503 5519 5513 4784 5113 5144 5402 4979 5042 5330 4967 4721 5453 5520 5298 5135 5340 5329 5334 4922 5264 4885 5202 5055 5215 5098 5044 5010 5176 5513 5104 5404 5329 5451 5152 5259 5129 4969 5272 5244 5369 5658 5622 5226 5024 5003 5232 5528 5137 4998 5513 5184 5332 4953 5716 5269 5144 5071 5258 5404 4840 5356 5034 5596 5640 4805 5328 5322 5708 5567 5232 5251 5527 4905 5253 5605 5409 5511 5182 5629 4723 5152 5266 5405 5143 5126 5210 5497 5233 4644 5377 5421 5498 5371 5621 5277 4865 5177 5130 5286 5409 4879 5081 5181 5323 5422 5329 5151 5431 5240 5544 5075 5063 5605 4904 5017 5198 4839 5500 5565 5265 5189 4886 5235 4734 5113 5273 4515 5339 5522 5450 4957 5105 4719 5208 4683 4926 5172 5418 5249 5235 4843 5156 5527 5117 5355 5242 5207 4995 4644 4959 5093 4558 4910 5254 5057 4749 5506 5747 5523 5083 5557 4939 5071 5241 5358 5013 5062 5236 5180 5060 4859 5223 4839 5005 4952 5194 5152 5477 5114 4919 5495 4849
4657 5025 4865 5308 4985 5083 4983 5091 4486 4928 5130 5302 4752 5384 4792 5036 5329 5570 5073 5192 4787 5092 5107 5184 5065 5345 4699 5057 4783 5192 5317 5296 4939 5069 5049 4907 5087 5149 5025 5063 5292 4923 4850 4713 5047 4669 5009 5052 5079 5143 5367 5036 4868 4902 5006 4625 5447 4857 5380 5107 4935 5345 4943 4607 5097 4564 4873 5129 4943 5142 5143 4469 5018 5102 5074 5501 4683 4450 4860 5228 4936 5116 5244 4927 4689 4996 4776 5333 4864 5146 4995 5284 4505 5134 4853 4981 4735 4932 4603 5073 4801 5123 5113 5112 5083 5064 5145 4987 5306 5206 4843 4955 4773 5494 4772 5751 5281 5065 4803 5121 5156 4642 4581 4995 4892 4921 5028 5664 4883 4832 4991 4850 5045 4698 5023 4887 5104 5323 4891 5152 4887 5338 5317 5035 4872 5292 4579 4837 5301 5314 5253 4885 5506 4709 5118 5073 5373 4807 4891 5111 5162 5022 4794 5093 5272 4950 4986 5207 4955 4703 5101 4741 5109 5409 4738 4842 5209 5445 5174 5210 5086 5051 4963 5233 4881 4951 5373 4466 4690 5116 4310 5326 5231 4994 5110 4875 5200 4395 4756 5149 4414 4978 5328 5166 5004 4863 4477 5215 4760 4498 4860 4902 5157 5159 4707 4958 5230 5261 5187 4903 4991 4697 4718 4953 4968 4699 4656 4703 4539 4549 5010 5512 4990 4736 5021 4946 5176 4864 5193 5166 5106 4993 5007 4751 4710 4554 4749 4769 4931 5111 4962 5136 4774 4584 5396 4759
4552 4685 4958 4852 5085 4668 4809 5007 4682 4818 5145 5015 4871 5221 4856 4908 4976 5262 5078 4991 4646 4879 5265 4678 4544 4849 4746 4715 4698 5012 5112 5314 4695 4897 4807 4997 5102 5168 4664 4981 5160 4907 4722 4961 4849 4708 4787 4947 4874 4968 4981 4813 4934 4635 4766 4709 5388 4499 5306 4880 4623 5044 4789 4846 4971 4584 4807 4817 4783 4682 4931 4229 4803 5014 5072 5303 4456 4894 4813 5008 4862 4859 5096 4858 4799 4812 4733 5238 4604 4886 5145 5000 4614 4898 4512 4972 4754 4651 4712 4900 4913 4871 5011 4855 4700 4976 4853 4664 5230 4784 4775 4892 4735 5090 4965 5265 5066 4882 4819 4790 5432 4800 4484 4846 4530 4496 4695 5276 4858 4833 5042 4927 4951 4544 4882 4710 4824 5297 4626 4545 5093 5119 5206 4822 4874 5011 4691 4898 5118 4879 5022 4895 5212 4345 4860 4999 5157 4742 4943 5291 5317 4806 4412 4807 4687 4984 4882 5338 4812 4790 4508 4417 5060 5206 4472 4934 4892 4868 5107 4773 4764 5213 4668 5257 4687 5013 5305 4311 4678 4725 4154 4954 5287 4922 4928 4669 5046 4206 4955 5014 4632 4936 5071 5019 4643 4528 4457 5205 4741 4203 4904 4756 4930 5064 4400 4598 5039 4682 4946 4858 4751 4583 4392 4629 4845 4501 4855 4818 4530 4463 4950 5086 5243 4602 4734 4626 4586 4717 5102 4982 4762 4715 4870 4772 4923 5084 4636 4859 4955 4940 4979 5116 4862 4832 5149 4556
5252 5753 5382 5577 5676 5610 5397 5483 5135 5004 5455 5880 5372 5905 5346 5644 5661 5745 5501 5442 5444 5413 5476 5317 5356 5672 5530 5602 5175 5310 5923 5737 5221 5662 5572 5546 5434 5583 5452 5310 5854 5383 5464 5056 5253 5365 5290 5727 5445 5522 5665 5323 5337 5088 5349 5480 5779 5199 5862 5766 5342 6080 5096 5259 5553 5130 5186 5549 5322 5404 5329 4651 5391 5320 5687 5760 5000 5370 5306 5402 5367 5521 5600 5530 5381 5332 5207 5824 5477 5345 5607 5629 5204 5400 5137 5515 5384 5080 5235 5493 5353 5395 5848 5710 5366 5650 5497 5247 5375 5263 5027 5435 5173 5795 5589 5731 5529 5307 5502 5614 5415 5481 4970 5439 5446 5170 5331 5785 5319 5505 5709 5725 5878 5086 5574 5444 5843 5657 5124 5586 5473 5751 5700 5610 5472 5924 5244 5271 5875 5486 5873 5376 6041 4760 5455 5431 5805 5436 5790 5886 5993 5471 4903 5566 5490 5434 5607 6265 5392 5380 5444 5484 5449 5731 5263 5634 5696 5553 5634 5438 5693 5903 5157 5801 5188 5476 5628 4880 5141 5315 4823 5563 5813 5246 5489 5299 5618 4969 5509 5374 5364 5528 5561 5711 5229 5261 5144 5923 5059 4993 5307 5121 5355 5418 5106 5473 5806 5923 5682 5516 5470 5128 4926 5341 5486 5087 5190 5580 5295 4912 5918 5825 5816 5172 5617 5643 5475 5264 5440 5460 5244 5662 5763 5477 5084 5304 5227 5259 5524 5570 5460 5671 5226 5371 5797 5149
4777 5002 5009 5080 5082 4814 4824 5280 4412 4740 4850 5110 4710 5634 4670 5005 5160 5363 5177 5141 5135 5020 5100 4981 5022 5015 4882 5251 4633 5358 5539 5353 4832 5057 5180 5158 5104 5387 4929 5358 5403 5206 5025 4741 4946 4917 4882 5291 5135 5155 5089 4917 5279 4949 4876 4556 5405 4856 5135 5217 5115 5414 4834 4716 5196 4897 5130 5117 4889 5094 4974 4224 4834 4957 5220 5419 4505 5007 5194 5176 5154 5100 4961 5032 4612 5026 4732 5413 4825 4912 5302 5413 4497 5275 4444 5176 4880 5098 4799 4936 4693 5081 5341 5094 5011 5106 5173 5216 5272 4979 4582 5067 4810 5261 4824 5276 5106 4989 4830 4979 5421 4789 4706 4814 5048 5019 5074 5519 4933 5126 5029 5151 5267 4727 5216 4908 5315 5299 4838 5029 4983 5218 5292 4897 5042 5423 4715 4801 5448 5002 5356 4856 5331 4469 4987 4822 5160 4852 4865 5393 5298 4926 4562 5052 5093 5124 5124 5480 5275 4719 5025 4661 5327 5277 4952 5166 4959 5304 5503 5131 5028 5502 4847 5380 4474 4907 5493 4537 4530 4992 4371 5224 5376 5067 5156 4809 4917 4695 4832 4860 4494 4993 5204 4999 5048 5094 4779 5483 4834 4578 5019 4880 4992 5070 4802 4652 5239 5035 5385 5033 5017 4840 4382 4741 4877 4748 4893 5150 4982 4635 5148 5413 5244 4723 5164 4905 4824 4955 5080 5220 5134 5025 5378 5115 4517 5059 4927 4905 4905 4919 4902 5440 5222 4830 5116 4651
4660 5316 5115 5322 5231 5115 4914 5005 4948 4855 5084 5207 5119 5518 5088 4867 5342 5484 5337 5096 4969 5311 5227 5192 5043 5147 4747 5007 4706 5037 5550 5381 4903 5271 5229 5077 5055 5189 5155 5174 5447 5106 4923 4934 4999 4663 5175 5197 5052 5055 5346 5202 5105 4946 5059 5081 5323 4937 5223 5117 5377 5520 4920 4773 5364 4580 5001 5289 4956 4859 5135 4543 4935 5186 5047 5538 4797 5175 5239 5576 5127 5058 5160 5016 4788 5139 4949 5122 5214 5155 5430 5322 4621 4933 4875 5561 4923 5051 5077 5258 4816 5090 5262 4978 5186 5044 5041 5125 5155 5059 4684 5248 4607 5539 4849 5313 5257 5189 4974 5162 5255 5124 4461 5096 5156 5019 5051 5466 5195 5142 5266 5005 5278 4797 5212 5001 5313 5494 4835 5220 5370 5647 5446 5052 4945 5707 5035 4977 5155 5173 5194 4982 5597 4755 5039 5220 5333 4902 5064 5191 5465 5116 4597 5045 5103 5409 5197 5579 5137 4944 4972 5049 5110 5444 4915 5147 5146 5407 5174 5499 5217 5515 5027 5330 4809 5027 5358 4638 4682 5074 4729 5225 5536 5356 5091 4850 5420 4581 5124 5270 4695 5145 5645 5678 5038 4890 4684 5158 4695 4803 5064 4839 5209 4985 4803 4974 5458 5348 5431 5056 5096 4958 4777 5015 4828 4544 4682 5004 4897 4506 5328 5701 5151 4740 4953 4963 5063 4959 5189 5255 5102 4943 5024 5217 4531 5412 4852 5020 5097 4905 4898 5456 5265 5075 5293 4663
4713 5447 5076 5462 5333 5122 5215 5090 4992 5051 5428 5383 5058 5562 4914 5097 5189 5676 5476 5144 5427 5349 5411 5218 4932 5343 5116 5198 5239 5272 5794 5464 5036 5065 5333 5254 5344 5587 5103 5117 5412 5077 5037 5082 4729 5061 5078 5410 5458 5171 5232 5502 5375 4874 4995 4976 5682 4996 5461 5668 5231 5641 5148 4945 5212 4830 5049 5354 4986 5144 5114 4268 5505 5293 5444 5627 4704 5005 5450 5780 5078 5248 5182 5111 4969 5229 5328 5771 4934 5197 5341 5511 4561 5138 4783 5483 5098 5034 5194 5085 5253 5269 5231 5178 5393 5165 5179 5331 5036 5284 4925 5372 4988 5384 5346 5595 5186 5093 4961 5343 5775 5329 4867 5071 5085 5148 5421 5464 5342 5265 5519 5378 5450 4883 5199 5244 5186 5448 4972 5217 5277 5868 5621 5207 5202 5699 5110 5095 5594 5129 5469 5158 5605 4546 5308 5380 5476 5143 5375 5507 5690 5291 4947 5266 5358 5528 5402 5841 5195 4907 5297 4872 5243 5755 4985 5318 5353 5577 5187 5495 5105 5582 4906 5422 5105 5035 5597 4774 4855 5248 4584 5402 5345 5195 4978 5025 5183 4873 5212 5218 4817 5515 5600 5535 5115 4842 4490 5468 5169 4949 5284 5148 5284 5204 4831 4900 5459 5164 5311 5224 5236 5079 4532 5210 5073 4823 5127 4941 5249 4788 5315 5672 5490 5159 5198 5144 5250 4960 5417 5545 5247 5330 5497 5097 5080 5357 4903 5269 5164 5348 5057 5338 5072 5292 5477 5021
4844 4853 5054 5246 5187 5018 4951 5282 4764 4810 5270 5324 4861 5246 4867 4910 5106 5511 5110 5210 4677 5232 5207 4952 4788 5165 4780 5027 4796 5244 5506 5506 5019 5315 5051 5360 5246 5104 4917 5100 5315 4864 4758 4826 5083 4955 5006 5146 5115 5070 5392 5052 4740 4958 4847 4978 5453 4685 5578 5144 5174 5344 5029 5087 5014 4746 4998 5322 4992 5125 4949 4347 5164 5253 5557 5279 4703 4752 5259 5160 4757 5060 5032 4969 5061 5223 4774 5481 5063 4909 5181 5208 4526 5082 4635 5275 5008 4997 4867 4971 4976 5140 5174 5192 5145 5267 5062 5056 5258 5139 4661 5231 4936 5347 5230 5335 5135 5067 4873 4966 5044 4904 4665 5140 4712 4865 5048 5404 5007 5122 5188 4891 5127 4499 5038 4828 5281 5209 4745 5089 5062 5287 5332 4961 5020 5584 4701 4837 5513 5078 5500 4979 5384 4642 5101 5150 5409 4803 5079 5043 5177 5134 4414 4845 5158 4941 5287 5422 5190 4854 4934 4905 5050 5620 5033 4941 5018 5315 5316 5117 4949 5311 4977 5404 4513 5201 5430 4123 4623 4999 4658 5381 5089 4913 4902 4883 4982 4457 5054 5193 4758 5024 5262 5353 5123 4734 4717 5340 4960 4625 4868 4909 5066 4895 5018 5072 5539 5195 5048 5334 4885 4875 4802 4766 5183 4428 4672 5130 4880 4512 5311 5268 5348 4994 5197 5090 5081 4757 5102 4963 5011 4988 5173 4906 4767 4939 4897 4802 4882 5238 4996 5296 4919 4833 5628 4761
4596 4735 4960 4867 5033 4719 4984 4758 4733 4617 4932 5117 4531 5407 4864 4766 4891 5040 4717 4641 4519 5015 5051 4569 4620 4896 4719 4988 4599 4825 5157 5080 4561 4974 4990 4778 4847 5013 4758 4743 4847 4615 4608 4716 4652 4594 4702 4839 4877 4979 4953 4867 4857 4603 4700 4652 5242 4700 5151 4946 4772 4986 4271 4726 4629 4382 4524 4840 4880 4841 4687 4251 4878 4986 5197 5012 4277 4309 4904 4929 4684 4847 4707 4885 4552 4808 4604 5393 4626 4887 4972 4856 4550 4958 4639 4726 4716 4726 4742 4656 4708 4743 4970 4995 4891 4674 4762 4766 4777 4918 4540 4948 4495 5074 4916 5067 4853 4587 4708 5104 5011 4475 4317 4841 4948 4527 4609 5230 4629 4651 4926 4836 4906 4226 4743 4629 5316 4892 4431 4784 4959 5137 5279 4771 4906 5085 4511 4621 5190 4767 5184 4698 4996 4265 4651 4874 4857 4763 4919 5402 4995 4625 4660 4968 4832 4976 4668 5163 4829 4452 4873 4641 5159 5281 4559 4856 5001 4785 4706 4755 4553 5214 4763 5008 4639 4680 4948 4402 4584 4836 4285 5002 5189 5006 4812 4585 5156 4158 5025 4934 4550 4731 5266 5165 4916 4531 4223 5038 4646 4561 4580 4811 4823 4803 4454 4783 5071 4764 4831 5028 4765 4569 4335 4893 4552 4232 4589 4953 4763 4472 5094 4935 4646 4682 4966 4525 4695 4679 4847 4824 4587 5105 4999 4587 4662 4790 4534 4637 4706 4802 4642 4976 4599 4696 5169 4509
4884 5467 5351 5570 5556 5348 5391 5247 5258 5089 5521 5225 5291 5469 5137 5278 5643 5804 5334 5312 5346 5835 5606 5318 5232 5350 5082 5283 5241 5398 5913 5679 4964 5496 5332 5290 5536 5675 5309 5484 5400 5265 5420 5116 5341 5021 5372 5381 5031 5457 5390 5339 5411 5056 5256 5122 5727 5066 5587 5583 5551 5790 5069 5202 5498 4815 4990 5592 5053 5222 5182 4439 5464 5398 5703 5807 5077 5225 5432 5488 5213 5323 5316 5424 5078 5414 5219 5537 5225 5166 5503 5545 4906 5508 4942 5522 5067 5276 5247 5377 5172 5155 5551 5312 5534 5205 5388 5159 5116 5355 4964 5434 5092 5641 5461 5858 5356 5234 5082 5382 5784 5262 5104 5403 5207 5051 5410 5655 5283 5453 5428 5544 5695 5023 5536 5242 5753 5636 5039 5170 5434 5563 5834 5430 5221 5530 5052 5457 5489 5327 5735 5122 5805 4819 5519 5483 5716 5310 5467 5584 5757 5533 4900 5227 5355 5389 5443 5676 5459 5243 5347 5269 5339 5656 5002 5330 5313 5454 5417 5226 5233 5714 5026 5709 5127 5187 5396 4939 4998 5685 4904 5530 5593 5427 5332 5099 5367 4819 5226 5249 4923 5264 5452 5457 4951 5044 4786 5648 5235 4930 5270 5369 5196 5184 4915 5302 5552 5480 5676 5346 5200 5357 4966 5051 5310 4924 4987 5118 5092 4818 5571 5711 5301 4942 5591 5300 5297 5377 5486 5510 5305 5566 5518 5031 4926 5482 5133 5062 5139 5098 5448 5635 5173 5318 5608 4869
4528 4673 4938 5022 4931 4620 4802 4917 4856 4524 4756 5259 4804 5117 4606 4695 5110 5207 4923 4752 4807 5078 4687 4687 4688 5049 4855 5069 4710 4772 5191 5025 4460 4971 4920 5107 4891 4979 4563 4759 5094 4572 4608 4471 4677 4682 4880 4931 5136 4788 4584 4948 4927 4842 4667 4828 5159 4444 4984 4886 4668 4978 4329 4480 4887 4536 4798 4696 4646 4791 4526 3968 4684 4765 5021 4865 4451 4608 4780 5202 4580 4788 4857 4631 4742 4764 4597 5069 4800 4659 4815 5042 4236 4713 4390 4861 4811 4992 4441 5062 4669 4735 5109 5034 4731 4746 4910 4860 4825 4836 4438 4760 4520 5162 4765 4925 4914 4969 4505 4892 5044 4816 4560 4898 4822 4662 4449 5047 4779 4835 5156 4854 5018 4150 4979 4815 5084 4978 4553 4864 4886 5226 5066 4835 4709 5078 4777 4918 4698 4932 4913 4848 5146 4241 4868 4664 4983 4613 4753 5094 5342 4776 4365 4647 4756 4861 4933 5293 4602 4391 4726 4594 4862 5104 4552 4878 4656 5030 4693 4713 4804 5143 4663 5112 4752 4677 5184 4227 4532 4524 4529 4966 4921 4829 4546 4586 4683 4433 4881 4920 4167 4912 4937 5178 4628 4560 4311 5027 4592 4624 4634 4928 4634 4640 4402 4418 5157 4655 5227 5019 4606 4751 4364 4649 4857 4323 4438 4554 4914 4025 5025 5037 5025 4928 4954 4748 4585 4510 4829 4913 4666 4669 5013 4739 4349 4901 4620 4792 4541 4689 4560 5228 4842 4895 4929 4401
4772 4879 4689 4929 5100 4953 4867 4877 4801 4414 5251 5432 4806 5252 4862 4649 4803 5223 4931 5095 4983 5276 4999 4816 5071 5104 4851 4984 4843 5008 5493 5206 4631 5069 5100 5107 4865 5015 4703 5284 5201 4434 4736 4745 4741 4684 4898 5047 4859 4822 4872 5088 4943 5035 4754 4751 5471 4830 5054 5079 5118 5442 4549 4724 4925 4745 4947 4960 4545 4811 4924 4275 4969 4802 4952 4936 4747 5007 4658 5141 4797 5102 4908 5033 4573 4643 4706 5264 4865 5077 5060 5293 4471 5218 4658 4901 4682 4755 4808 4856 4910 4963 5116 4782 4906 4834 5080 4826 4982 5087 4404 4834 4605 5397 4992 5092 4868 4904 4859 5160 4980 4980 4596 5000 5015 4927 4491 5221 4970 4992 5309 5124 5136 4502 4864 4827 5346 5286 4586 4811 4965 5252 5194 5048 4916 5355 4676 4826 5242 4925 5175 4867 5458 4560 4874 4817 5196 4882 4868 5293 5274 4981 4463 4940 4881 5399 4884 5450 4955 4672 4898 4918 4779 5266 4726 4850 4810 5227 5098 4872 5055 5315 4944 5239 4554 4854 5211 4391 4622 4934 4447 5123 5125 4781 4808 4541 5197 4652 4910 4870 4224 4940 5048 5308 4925 4660 4444 4940 4671 4529 4918 4857 5000 4928 4420 5015 5106 5016 5120 5105 4978 4875 4505 4752 4927 4146 4517 4801 4821 4512 5008 5254 5055 4584 5047 4949 4684 4886 5134 4906 4970 4752 5018 5113 4567 4745 4634 4662 4835 4912 4708 5105 4892 4623 5319 4617
4578 5169 4759 5251 5393 5011 5403 5319 5261 4910 5091 5336 5189 5568 5045 5083 5221 5431 5067 5338 5099 5451 5423 4830 4964 5112 5021 5254 5192 4824 5814 5528 5050 5414 5310 5153 5223 5332 5253 5280 5098 5026 4916 5149 5257 5003 5294 5300 5140 5153 5184 5254 5376 4945 5045 4972 5719 4994 5259 5224 5263 5514 4791 5131 5370 4632 4824 5326 4980 5180 5382 4591 5274 5320 5460 5423 4636 4838 5181 5368 5018 5210 5201 4883 4795 5077 4862 5461 4988 5212 5182 5399 4747 5160 5292 5008 4798 5029 4627 5128 5211 5083 5480 5229 5101 4887 5136 5031 5329 5253 4697 5272 4921 5773 4974 5208 4995 5153 4777 5141 5411 4935 4823 5220 5043 4923 5090 5540 5225 5322 5087 5290 5102 4850 5293 5092 5458 5271 4891 4924 5319 5676 5332 5234 5088 5399 4954 5354 5547 5260 5515 5414 5694 4722 5152 5122 5397 5214 5052 5344 5351 5052 4751 5070 5052 5183 5248 5567 5077 5051 5219 5002 5369 5465 4933 5033 5290 5369 5269 5187 5397 5522 5062 5726 5216 5106 5413 4750 4871 5142 4723 5279 5576 5353 5069 4930 5348 4690 5045 4983 4689 5159 5428 5503 5006 4871 4687 5074 5085 4658 5062 5174 5302 4972 4877 5119 5504 5324 5455 5278 5283 5015 4695 5135 5110 4670 4702 5187 5108 4603 5489 5660 5263 4973 5423 5272 4813 5127 5373 5106 5052 5188 5263 5019 5051 5192 5072 4950 5123 5145 5094 5294 5341 4934 5574 4640
5186 5518 5373 5452 5568 5245 5403 5585 5126 5121 5566 5605 5357 5643 5086 5361 5489 5665 5286 5581 5130 5550 5592 5393 5384 5450 5091 5678 4916 5693 5976 5569 5249 5511 5399 5601 5713 5611 5277 5189 5860 5235 5145 5276 5254 5331 5136 5443 5212 5260 5622 5583 5339 5271 5276 5133 6000 5117 5539 5992 5654 5772 5217 5013 5301 5126 5377 5301 5116 5204 5298 4409 5472 5352 5774 5713 5228 5542 5569 5662 5167 5115 5589 5267 5224 5446 5104 5800 5456 5358 5623 5676 4901 5547 5157 5555 5194 5301 5137 5118 5471 5663 5690 5322 5223 5461 5521 5247 5400 5515 5005 5371 5236 5711 5440 5520 5368 5313 5402 5423 5594 5447 4979 5494 5453 5240 5170 5841 5362 5436 5611 5446 5837 4978 5556 5327 5933 5836 4979 5611 5534 5673 5663 5372 5459 5747 5064 5080 5545 5570 5925 5405 5717 4840 5328 5357 5610 5046 5485 5632 5777 5203 4859 5270 5283 5514 5449 5940 5206 4875 5532 5196 5362 5795 5073 5572 5340 5505 5444 5646 5449 5574 5305 5621 4968 5136 5631 4862 5139 5277 4727 5833 5690 5273 5527 5124 5442 4637 5372 5458 4957 5454 5516 5663 5423 5206 4914 5570 5185 5117 5298 5222 5409 5262 5129 5202 5693 5352 5497 5504 5419 5401 4927 5031 5419 4740 5384 5428 5247 4820 5703 5702 5686 5232 5446 5325 5287 5209 5462 5312 5406 5198 5526 5259 5033 5287 5037 5419 5358 5411 5508 5734 5514 5579 5718 5007
4291 4873 4594 4959 4719 4638 4482 4841 4564 4413 4657 5029 4845 4973 4505 4671 4872 5047 4647 4773 4777 4852 4576 4676 4666 4861 4659 4838 4757 4376 4915 4766 4479 4845 4764 4852 4990 4984 4342 4652 4844 4667 4644 4379 4779 4276 4784 4734 4570 4762 4916 4573 4688 4686 4858 4540 4956 4471 4750 4967 4717 5007 4538 4498 4847 4274 4727 4957 4459 4645 4902 4225 4753 4529 4921 5196 4666 4670 4654 5029 4904 4940 4882 4392 4453 4740 4565 4669 4647 4515 5026 5029 4221 4962 4444 4851 4480 4712 4439 4800 4686 4539 5174 4793 4698 4765 4607 4728 5007 4551 4129 4696 4490 5067 4611 4934 4630 4833 4463 4934 4881 4650 4322 4539 4435 4381 4589 5122 4797 4777 4725 4672 4788 4291 4726 4593 4922 5095 4739 4750 4899 5312 4930 4910 4686 5157 4471 4752 4957 4640 4775 4752 5039 4338 4673 4421 4909 4646 4721 5027 4907 4813 4251 4724 4604 5039 4612 5196 4645 4824 4695 4548 4789 5043 4504 4877 4587 5193 4750 4714 4954 4931 4734 4860 4497 4694 4910 4238 4298 4585 4157 4960 4848 4476 4762 4602 4811 4285 4515 4926 4156 4871 5235 5033 4370 4528 4473 4925 4302 4156 4574 4524 4885 4499 4506 4687 4840 5075 4914 4779 4791 4464 4314 4679 4703 4166 4448 4588 4800 4343 5004 4994 4561 4546 4707 4651 4625 4371 4780 4864 4741 4666 5065 4577 4378 4800 4604 4503 4865 4910 4872 5052 4686 4547 4953 4250
4395 5109 5098 4914 5251 4830 5028 5221 4720 4796 5005 5006 5230 5497 4815 5041 5412 5306 5039 4801 5155 5072 4978 4853 4831 5063 5017 5288 4812 4767 5537 5340 4851 5114 4914 5038 5136 5023 4883 5184 5207 4977 5002 4560 4872 4729 5039 5293 4947 5108 4989 5171 5457 4707 4752 4820 5364 4676 5078 5047 4818 5422 4752 4855 4904 4463 4889 5114 4639 4945 4822 4198 4922 4992 5150 5364 4765 4869 5118 5370 4809 4900 4871 5048 4401 5092 4908 5055 5022 5030 5346 5431 4533 5208 4987 5004 4738 4909 4661 4933 4668 5113 5316 4942 4750 4887 5059 4982 4867 4893 4626 4951 4679 5527 4961 5108 4852 5066 4663 5107 5213 4892 4705 4879 4609 4656 4985 5255 5104 4929 5127 5256 5186 4450 5057 4826 5144 5284 4906 5162 5296 5129 5302 5095 5053 5462 5060 4938 5386 5136 5153 4995 5518 4412 5103 4957 5098 4850 5044 5354 5366 5275 4706 4956 4777 5171 4831 5670 4965 4797 4777 4752 4993 5327 4896 4879 4836 5050 5124 5060 4966 5202 5006 5077 4441 5168 5245 4349 4812 4752 4308 5038 5277 5008 5066 4773 5132 4485 5145 4720 4620 5077 5204 4998 4717 4926 4615 5386 4875 4538 5090 4885 5126 5203 4645 4791 5147 5078 5327 5003 4775 4665 4474 5023 4920 4462 4768 5031 5055 4552 5014 5609 5256 4837 4908 4875 4588 4850 5233 5101 5027 4793 5057 5128 4431 5330 4965 4883 4850 5030 5025 5331 4943 5034 4961 4635
4903 5001 4610 5067 4897 4450 4963 4725 4542 4718 5236 5093 4821 5237 4860 4816 5053 5264 4876 4901 4865 5187 5293 4860 4654 5127 4632 5104 4844 4834 5456 5216 4516 5103 5109 4784 5259 5212 4863 4800 5189 4921 4622 4861 4969 4634 4976 5131 4814 4900 5252 4780 4727 4886 5020 4830 5156 4589 5278 5030 5225 5208 4872 4656 5031 4588 4979 5197 5027 4836 4970 4290 5218 5018 5177 5310 4663 4880 5127 5022 4860 4758 5022 5007 4700 4837 4830 5080 4822 4937 5076 5234 4435 5143 4524 4817 4796 4808 4848 5017 5043 4875 5134 4798 4974 4934 4946 5059 4943 4935 4764 5074 4799 5410 5043 5326 4994 5035 5010 5007 5053 4664 4601 4669 5057 4729 4831 5156 4813 4921 5142 5454 5009 4787 4945 4983 5212 5260 4792 4761 5121 5121 5342 4811 4811 5313 4636 4985 5363 4924 5252 5082 5185 4580 5095 4933 5123 5015 5086 5156 5288 4961 4216 4969 5138 4930 4844 5399 5240 4733 4868 4901 5040 5371 4755 5040 5079 4892 5041 5044 5241 5177 4741 5058 4601 4759 5116 4381 4431 4805 4451 5186 5087 4821 5161 4437 5072 4405 4980 4675 4726 4858 5141 5343 4831 4715 4510 5339 4890 4572 4820 4843 4976 4932 4506 4851 5319 5071 5183 5035 4879 4851 4662 4871 4822 4634 4650 4889 4915 4305 5187 5224 5093 4938 5078 4806 4851 4880 4975 5013 4912 5207 5275 4803 4703 4915 4845 4821 4784 4582 4836 5332 4949 4953 5191 4493
4867 5223 5308 5267 5458 5365 4923 4924 5041 5023 5373 5081 4896 5557 5011 5145 5255 5580 5146 5153 5151 5219 5318 5061 5279 5061 4972 5352 5004 5039 5672 5391 4912 5379 5155 4986 5073 5213 4855 4984 5314 5123 4833 4720 4958 5009 5178 5368 5353 5287 5312 5198 5396 4954 4884 5044 5573 4776 5235 5357 5208 5601 4824 4948 5417 4456 5052 5113 4992 5162 4955 4401 5124 5074 5358 5356 4884 4852 5222 5614 4899 4698 4970 4850 4877 5275 5033 5319 5114 4831 5319 5246 4738 5280 4889 5111 5112 5420 5008 5342 4806 5299 5178 5060 5146 4882 4999 5212 5135 5380 4826 5111 4938 5320 5210 5326 5176 5221 5126 5291 5689 5148 4777 5322 5019 5105 5060 5258 4865 5058 5181 5255 5138 4584 4951 4976 5541 5647 4779 4966 5604 5335 5573 5073 5261 5462 5252 5032 5518 5103 5389 5181 5727 4819 5123 5296 5380 5184 5366 5451 5434 5034 4839 5065 5088 5229 5296 5403 5120 5028 5166 4878 5138 5345 4859 5081 5394 5270 5272 5033 5269 5501 4910 5437 4769 4899 5438 4526 4873 4925 4577 5231 5332 5023 5237 4986 5196 4771 5100 5201 4637 5088 5213 5364 4856 4731 4520 5307 4943 4729 5215 4954 5468 5330 5051 5239 5425 5315 5308 5228 5141 4896 4726 4746 4888 4657 4975 5184 5158 4830 5441 5477 5179 4870 5369 5043 5062 5208 5004 5152 4867 5409 5368 5069 4905 5047 4976 4918 4997 5068 5136 5333 5082 5026 5418 4457
4553 4922 4924 4997 5173 5002 4953 4868 4656 4709 4976 5246 4828 5268 4790 4697 4806 5272 4925 5019 4787 4987 4906 4683 4621 4984 4639 5018 4843 4948 5111 5196 4671 5047 5125 4905 5098 5168 4806 4970 5137 4843 4681 4860 4698 4766 4835 4918 4996 4853 4876 4848 4920 4891 4750 4880 5168 4623 5100 4670 5017 5058 4652 4762 4750 4785 4637 4979 4790 4730 4764 4187 4970 4923 4931 5241 4411 4731 4650 4945 4754 4973 4905 4946 4524 4767 4876 5066 4730 4663 5069 4843 4383 4909 4634 4925 4659 4990 4711 5112 4676 4608 5377 4902 4982 5083 4825 5050 5075 4627 4581 4970 4555 5179 4899 5152 4839 4882 4684 4768 5176 4723 4622 4800 5039 4686 4594 5217 4757 4861 4927 4870 4880 4648 4914 4516 5010 5015 4634 4929 4979 5298 5453 4796 4796 5286 4843 4699 5158 5017 5241 4607 5091 4344 4835 4652 4991 4686 5015 4805 5174 4909 4229 4999 4934 5032 4935 5429 4910 4573 4848 4536 4698 5137 4676 4724 4919 4989 5102 5042 4822 5104 4933 5198 4618 4926 5093 4631 4570 4847 4453 5027 5053 4803 4903 4643 4877 4207 4783 4976 4564 4912 4942 5326 4611 4641 4379 5141 4724 4550 4788 4735 4989 4557 4502 4908 5128 5021 4752 5056 4904 4482 4647 4686 4804 4406 4505 5013 4845 4514 4934 5182 5050 5011 4945 4938 4811 4772 5226 4933 4683 4939 5168 4788 4345 4920 4683 4754 4775 4575 4966 5232 4723 4547 4974 4446
4444 4825 5134 5162 4946 4637 4844 5101 4596 4924 5057 5037 4740 5243 4634 5020 5048 5386 5110 5137 4716 4869 4894 4692 4809 4823 4640 4845 5060 4813 5261 5096 4661 5364 5048 5017 5133 5175 4794 4828 5087 4801 4734 5066 4919 4467 4874 4944 4950 5139 4923 5102 4980 4742 4842 4834 5289 4335 4934 5097 4792 5238 4739 4910 5007 4575 4816 4860 4816 4984 4939 4030 4945 4812 4946 5309 4480 4758 4864 5132 4703 4806 5134 4754 4703 4981 4462 5001 5047 4651 5206 5184 4322 4717 4746 5050 4679 4587 4898 5023 4787 4820 4934 4916 4842 4792 4915 4819 5217 4882 4522 5208 4598 5204 5009 5405 4837 4819 4443 4510 5301 4616 4650 5126 4694 4834 4765 5333 4906 5144 5051 5187 5017 4537 5210 4796 5112 5011 4548 5024 5120 5069 4986 5122 4985 5327 4961 5278 5112 5042 5128 4632 5331 4756 4939 4846 4975 4954 5060 5111 5370 4790 4399 5114 5054 5133 5003 5149 4872 4841 4801 4944 4913 5383 4878 4569 4876 5089 5112 4902 4695 5387 4903 5203 4760 5097 5173 4388 4650 5090 4297 5313 4937 4870 4886 4771 5060 4336 4773 4876 4600 4853 5199 5118 4725 4764 4446 4947 4911 4597 4787 4703 4829 4793 4660 4892 5116 5060 5074 4929 4723 5014 4518 4844 4910 4491 4569 4971 4767 4587 5293 5377 5066 4537 5024 4982 4483 4614 5078 5033 4932 5030 5127 4813 4604 5014 4863 4738 4813 4888 4990 5115 4932 4914 5087 4415
4894 5155 5084 5376 5459 4765 5252 5345 4940 4794 5322 5399 5026 5693 5047 5217 5188 5623 4815 5358 5155 5254 5235 5023 5096 5333 5050 5203 5000 5069 5655 5410 5119 5153 5174 5315 5046 5401 5182 5103 5384 5245 5192 5047 5000 4936 4967 5297 5064 5205 5274 5188 5152 4918 5002 5146 5171 5179 5290 5195 5342 5450 4843 5108 5336 4640 4928 5241 4931 5178 5050 4207 5224 5043 5403 5712 4902 5105 5298 5402 5379 5127 4956 5080 4923 4889 4799 5363 5357 5329 5259 5150 4663 5122 4730 5374 4882 5012 5076 5074 4990 4829 5397 5273 5076 5086 5221 5115 5326 5101 5011 5287 4642 5578 5347 5568 4880 4996 4944 5227 5352 4953 4867 5191 4897 4971 4840 5749 4860 5204 5559 5379 5440 4750 5107 5386 5291 5400 4922 5102 5214 5379 5607 5241 4933 5440 4998 4812 5558 5308 5562 5082 5613 4520 5075 4978 5476 4827 5429 5582 5407 5135 4710 5364 5275 5321 5187 5586 5200 5050 5165 4916 5030 5407 4812 5314 5158 5251 5439 5263 5397 5348 5046 5394 4784 4723 5363 4609 4624 5321 4604 5531 5200 5043 5417 4829 5384 4693 5077 5311 4774 5473 5233 5248 5111 5019 4545 5376 4974 4615 5090 4826 5317 5076 4831 5230 5273 4983 5272 5411 5045 4864 4742 4963 4927 4775 4903 5105 5353 4708 5303 5354 5311 4917 5256 4925 4964 4718 5185 5205 5343 5511 5401 5099 4897 5319 5039 4836 5195 5119 5192 5295 5163 5180 5378 4951
4983 5409 5233 5563 5484 5027 5144 5166 4907 4841 5250 5258 5367 5474 5127 5313 5445 5790 5381 5191 5262 5399 5592 5285 5486 5492 5331 5398 5226 5190 5804 5393 5186 5285 5459 5454 5394 5504 5103 5189 5752 5475 4875 5103 5180 5041 5284 5474 5195 5332 5421 5176 5330 5091 5257 5171 5810 5138 5752 5482 5650 5771 4933 5096 5421 4867 5232 5535 5110 4987 5107 4638 5205 5348 5395 5760 5088 5313 5371 5578 5358 5202 5523 5345 4908 5420 5055 5436 5270 5233 5653 5712 4815 5425 5034 5239 5076 5319 5162 5180 4866 5110 5749 5227 5309 5353 5611 5503 5556 5278 4854 5386 4886 5657 5421 5604 5387 5405 5243 5190 5574 5283 4668 5123 5106 5154 5399 5626 5056 5223 5610 5466 5252 4976 5440 5179 5781 5840 5022 5474 5553 5449 5557 5248 5497 5906 5020 5045 5620 5373 5813 5218 5666 4663 5202 5490 5895 5121 5507 5587 5373 5325 4589 5299 5335 5515 5444 5619 5283 5136 5206 5218 5345 5607 4876 5453 5346 5469 5419 5496 5626 5647 4982 5319 5001 5139 5624 4720 4949 5221 4553 5907 5861 5221 5401 5191 5640 4584 5344 5383 5101 5393 5429 5468 4975 5186 4878 5761 5062 4946 5318 5344 5445 5396 5020 5221 5561 5577 5587 5088 5242 5300 4878 5145 5404 4843 5037 5393 5044 4740 5403 5749 5337 5134 5590 5342 5161 5152 5448 5343 5288 5119 5612 5388 4777 5306 5116 5100 5593 5081 5348 5219 5530 5355 5617 4986
4834 5284 5031 5063 5229 4806 5089 5133 5010 4927 4940 5177 4897 5261 5024 4857 5079 5304 5053 5028 4920 4969 5193 5062 4978 5124 4829 5446 4992 5033 5331 5249 4895 5246 5049 5203 5341 5434 4633 5161 5442 4962 5067 4760 5125 4888 4927 5078 5240 5238 5178 4678 4952 4753 5231 4821 5285 4919 5332 5234 5182 5628 4750 4918 4995 4461 5007 5240 5036 5234 5266 4396 5127 5055 5254 5694 4843 4875 5243 5384 5040 4938 5189 5089 4673 5082 4936 5330 4816 4847 5195 5422 4496 5109 4707 5221 4840 5031 4880 5042 5075 5143 5274 5094 4881 4913 4902 4981 5016 4981 4951 5377 4772 5319 5208 5473 4986 4853 4968 5002 5446 5161 4557 5164 4962 4990 4995 5391 5102 5326 5285 5350 5460 4646 5238 5014 5578 5296 4741 5005 5297 5283 5363 5281 4982 5461 4874 4986 5526 5196 5506 5015 5522 4757 5129 5206 5697 5260 5288 5399 5481 5169 4718 5236 5382 5260 5126 5559 5096 5008 4909 5082 4766 5540 4983 5064 5103 5101 5240 5202 5245 5380 5067 5222 4981 4925 5244 4548 4569 5141 4515 5174 5469 4804 5022 5140 5323 4669 5052 5023 4516 5299 5038 5198 4826 4857 4728 5214 4656 4647 5053 4764 5055 5195 4477 5243 5514 5072 5317 5047 5054 4825 4600 4756 5351 4673 4888 4955 4923 4743 5403 5508 5307 4815 5435 5102 4921 4919 5155 5302 5045 5111 5251 4974 4902 5542 4801 4992 4830 5026 5065 5459 5038 5159 5203 4557
4915 5195 5183 5160 5469 5241 5458 5029 5214 5197 5316 5410 5338 5449 5288 5192 5277 5717 5375 5204 5097 5699 5398 5185 5090 5445 5154 5266 5257 5340 5651 5452 4963 5419 5148 5413 5177 5492 4967 5194 5406 5375 5001 5136 5411 5087 5369 5404 5409 5189 5148 5181 5451 5114 5258 5372 5768 4780 5251 5473 5366 5719 5269 5216 5195 4949 5099 5271 5010 5377 5071 4756 5354 5352 5482 5486 4788 5158 5458 5374 4938 4941 5245 5292 5031 5193 5125 5504 5114 5348 5471 5647 4907 5347 4777 5458 5180 5348 5076 5353 5257 5165 5695 5385 5183 5136 5480 5122 5553 5239 5066 5483 5251 5459 5554 5570 5323 5182 4901 5480 5339 5262 4947 5188 5199 5054 5178 5554 5150 5098 5318 5538 5475 4732 5275 5257 5663 5730 5223 5160 5202 5611 5634 5371 5194 5940 5089 5257 5772 5410 5927 5011 5709 4708 5227 5263 5552 5084 5511 5544 5296 5372 4952 5396 5184 5387 5301 5773 5229 4836 5267 5045 5395 5446 5029 5380 5263 5480 5381 5150 5429 5637 5141 5707 5323 5188 5462 4510 4837 5153 5069 5405 5669 5345 5220 5369 5335 4692 5179 5413 4939 5332 5453 5630 5068 5054 4855 5360 5001 4695 5281 5263 5323 5136 4917 5208 5612 5587 5452 5297 5282 5327 4993 5164 5190 4931 4901 5377 5030 4732 5543 5859 5459 4985 5574 5217 5264 5242 5395 5372 5063 5182 5336 5232 5096 5573 5028 5077 5046 5283 5426 5606 5100 5352 5616 4699
5019 5395 5308 5350 5469 5085 5424 5245 5244 5028 5419 5519 5038 5801 5109 5192 5523 5559 5724 5249 5328 5674 5443 5444 5027 5503 4958 5368 5349 5293 5769 5747 5077 5349 5402 5456 5495 5661 5015 5313 5633 5337 5103 5001 5126 4951 5050 5341 5151 5363 5002 5135 5430 5137 5242 5197 5827 5022 5507 5462 5473 5592 5120 4957 5449 4944 4922 5386 5150 5345 5225 4554 5436 5059 5524 5641 4981 5177 5284 5368 5022 5134 5127 5491 5129 5200 5099 5613 4973 5207 5430 5482 4796 5227 5167 5417 5030 5101 5303 5480 5367 5221 5482 5247 5260 5242 5215 5177 5069 5376 5115 5378 5136 5733 5107 5528 5146 5244 5245 5432 5641 5182 4815 5197 5111 5240 5159 5629 5288 5370 5412 5638 5500 4980 5264 5100 5678 5683 4922 5420 5420 5765 5717 5270 5207 5531 5271 5517 5573 5372 5711 5471 5457 4751 5176 5156 5319 5170 5029 5627 5640 5161 4955 5141 5233 5675 5022 5787 5260 4976 5194 5123 5538 5686 5027 5050 5430 5550 5288 5229 5181 5531 4914 5649 4932 4981 5656 4706 4916 5509 4899 5360 5466 5450 5390 5041 5447 4629 5190 5308 4779 5470 5445 5678 5179 5124 4877 5543 5178 5049 5280 5316 5098 5442 4990 5251 5686 5375 5482 5502 5236 5208 5049 5289 5336 4792 5207 5255 5264 4773 5483 5502 5635 5168 5367 5356 5257 5363 5489 5266 5005 5468 5326 5135 5432 5591 5230 5182 5088 5162 5175 5726 5220 5320 5679 4902
4970 5091 5269 5347 5145 4961 5351 5174 4858 4972 5150 5317 5086 5470 4800 5079 5086 5554 5086 5243 5037 5400 5492 5230 4808 5170 4977 5091 5135 4938 5716 5578 4908 5465 5261 5337 5251 5073 4893 5083 5405 5203 5000 5157 5084 4935 5112 5055 5154 5131 5276 5208 5004 4611 5229 5133 5550 5075 5402 5107 5294 5390 4906 5286 5452 4460 5188 5241 5249 5141 5370 4652 5391 5063 5182 5595 4706 5229 5108 5140 5361 5031 5266 4937 4817 5266 4947 5570 5112 5000 5444 5446 4714 5000 4721 5452 5271 5244 4986 5209 5170 4979 5691 5206 5040 5250 5173 5162 5293 5194 4838 5419 5026 5510 5222 5369 5329 5039 4964 5306 5540 5177 4766 5102 5110 4891 5153 5784 5511 5302 5519 5279 5257 4833 5263 5076 5662 5445 5003 5032 5305 5728 5358 5070 5141 5652 5036 5128 5423 5352 5685 5116 5669 4720 5078 5249 5383 5010 5148 5345 5449 5241 4845 5098 4940 5392 5205 5544 5214 5095 5237 5157 5404 5645 5083 5185 4948 5324 5532 5209 5312 5737 5097 5306 5077 5214 5290 4845 4780 5199 4807 5308 5484 5138 5292 4954 5304 4430 5214 5224 4935 5202 5409 5628 4964 4905 4750 5261 5062 4909 5145 5001 5335 5262 4761 5364 5591 5239 5340 5278 5163 5157 4932 5041 5083 4764 4875 5425 4939 4663 5453 5576 5405 4867 5158 5162 5034 5305 5131 5388 5147 5088 5324 5249 4949 5322 5092 5228 5137 5080 4948 5355 5140 5020 5549 4621
4717 5166 5025 4967 5174 5026 5130 5102 4937 4970 5049 5017 4702 5216 4848 5043 4969 5555 5019 5130 4945 5172 5178 4957 4777 5071 4694 5093 4891 5079 5531 5067 4758 5041 5327 5113 5163 5047 4871 4923 5331 4799 4832 4867 4964 4629 4813 5155 5176 4918 5225 4978 4815 4788 4745 4875 5211 4757 4994 5288 5082 5115 5028 4846 5120 4636 4764 4924 4835 5009 5017 4304 5170 4948 5268 5213 4428 4720 5095 5167 4837 4809 5069 5130 4792 4970 4800 5320 5147 4903 5170 5301 4468 4985 4705 5183 4589 5141 4771 4926 4992 4915 5281 4819 4958 5361 5004 5084 5137 4961 4860 5230 4756 5256 4992 5332 5142 4833 4767 5071 5381 4769 4534 5024 4785 4988 4838 5340 5041 4905 5073 5060 5036 4666 5071 4789 5351 5426 4623 4998 4796 5390 4946 4832 4918 5267 4843 4785 5300 5095 5291 4852 5338 4342 5359 5153 5256 5016 4825 5219 5245 4777 4719 5014 5008 5059 4975 5378 5019 4701 5151 4922 5038 5422 4531 5088 5128 5019 5254 5156 4964 5280 4827 5212 4735 5000 4930 4755 4737 4927 4407 5196 5318 5209 5232 4781 5071 4447 4892 5059 4659 4986 5295 5259 5097 4519 4310 5019 4663 4572 5109 4899 5039 4939 4693 5090 5282 4939 5089 4993 4922 4924 4643 4771 4838 4531 4643 4956 4887 4593 5343 5365 5013 4935 5118 4986 5013 4791 5193 4965 4942 4998 5285 5055 4569 4734 4612 4755 4841 4905 4983 5266 4939 4833 5212 4660
4499 4810 4781 4968 4970 4782 4835 4891 4695 4536 5187 5076 4884 5133 4930 4860 5176 5309 5179 4807 4911 5199 5095 4896 4564 5020 4763 4990 4812 4828 5488 5245 4609 5101 4925 5345 5171 5076 4805 4931 5252 4667 4861 4589 4714 4789 4886 5363 4962 5015 4882 4994 5074 4797 4614 4766 5229 4911 5082 4978 4983 5240 4705 4644 4893 4356 4915 4920 4483 4836 4818 4097 5240 5113 4895 5173 4317 4846 5054 5382 4945 5067 4930 5025 4628 5225 5078 5389 4682 5093 5133 5315 4460 4941 4563 4893 4842 4927 5036 4968 4890 4776 5104 4909 5091 5027 4836 5080 4916 4724 4591 4812 4702 5220 5063 4963 5039 4912 4846 4954 5176 4946 4421 4888 4736 4650 4660 4923 4951 4833 5370 5143 4980 4459 5077 4964 5182 5279 4700 4928 5094 5410 5145 4972 4930 5547 4753 4768 5495 5041 5159 4739 5497 4428 4962 4881 5210 4629 5053 5303 5330 4714 4294 4852 4817 5305 5237 5276 5027 4720 4788 4609 4681 5268 4328 4934 4947 5052 5031 5051 5136 5063 4967 5200 4382 4829 5290 4247 4375 5020 4300 4981 5058 4707 4736 4662 4785 4315 4809 5027 4454 5017 5194 5099 4687 4529 4399 5284 4591 4388 4802 4977 5246 5065 4541 4871 5309 5096 5037 4841 5085 4798 4365 4729 4918 4245 4680 4824 4993 4519 4818 5311 5420 4984 5132 5100 4831 4575 5166 4955 4959 5189 5201 4919 4793 5193 4598 4947 4866 5120 4828 5315 4810 5054 5186 4641
4794 5234 4981 5449 5354 5248 5167 4708 4746 4866 5274 5268 5016 5420 4958 5120 4913 5487 5268 5162 5024 4904 5164 4940 5037 5271 4854 5148 4794 4864 5771 5531 4856 5014 5296 5112 5102 5298 5049 5128 5455 5135 4773 4887 4938 5056 5071 5273 5264 4875 5104 4996 4966 5017 5036 5125 5503 4807 5246 5151 5144 5402 5023 4721 4874 4582 4880 5302 4899 4880 4910 4324 5243 5253 5144 5323 4789 4721 4995 5271 4966 4932 4982 5060 4857 4984 4833 5448 4972 5320 5337 5282 4599 5100 4608 4983 4778 5173 4690 5193 5110 5063 5303 4980 5147 5110 5146 5173 5151 4923 4747 5325 4815 5204 5145 5543 5128 5156 5002 5064 5203 5076 4864 5182 5141 4873 4880 5423 5240 5079 5184 5194 5190 4846 5003 4996 5538 5467 4781 4961 5305 5323 5496 5195 4978 5407 4947 5130 5232 5258 5431 4906 5602 4536 4968 5113 5427 4926 5079 5268 5613 5076 4451 5065 5132 5113 5153 5376 5165 4982 5254 5048 4981 5134 4688 5014 5107 5012 5027 5201 5382 5153 4850 5226 4805 5230 5350 4528 4575 5017 4614 5186 5279 5228 4967 4697 5216 4735 4860 4835 4618 5120 5221 5329 4859 4807 4605 5401 4685 4577 4731 5081 5091 5371 4418 5281 5361 5371 5208 5442 5040 4974 4490 4822 5070 4807 4732 4939 4975 4328 5271 5363 5149 4902 5384 5255 4945 5192 5221 4964 4907 4982 5176 5130 4654 4975 4681 4913 5056 4965 4926 5348 5170 5057 5202 4799
4990 5241 5205 5469 5348 5245 5409 5230 5099 5081 5424 5663 5303 5773 5114 5323 5523 5412 5595 5495 5055 5873 5576 5327 5359 5538 5034 5529 5103 5214 5790 5752 5145 5478 5332 5342 5561 5595 5135 5589 5520 5243 5222 5007 5269 5180 5238 5448 5402 5288 5395 5282 5253 4990 5077 5211 5693 4832 5519 5395 5515 5631 5120 5030 5351 5046 5222 5330 5156 5362 5166 4592 5386 5413 5467 5725 4964 5095 5432 5773 5227 5194 5613 5258 5272 5295 5134 5547 5244 5122 5538 6059 4731 5248 4979 5492 5219 5206 4720 5440 5118 5353 5289 5193 5286 5500 5722 5346 5552 5142 5059 5558 5018 5478 5389 5489 5319 5084 5203 5293 5358 4955 5018 5411 5327 5482 5095 5868 5205 5404 5736 5436 5619 4834 5553 5307 5450 5747 5271 5358 5523 5669 5543 5478 5210 5761 5298 5230 5568 5328 5654 5394 5769 4789 5615 5301 5478 5189 5575 5745 5809 5272 5030 5268 5166 5302 5428 5892 5222 5092 5108 5195 5552 5832 5072 5399 5613 5752 5745 5164 5702 5663 5226 5686 5171 5294 5733 4838 4963 5076 4924 5613 5540 5409 5301 4898 5571 4831 5510 5271 4846 5612 5450 5633 5144 5141 4879 5709 5174 4800 5619 5261 5376 5485 5079 5158 5746 5310 5519 5419 5044 5324 4872 5296 5352 4733 5145 5480 5238 4794 5395 5878 5478 5173 5283 5191 5354 5216 5503 5356 5128 5355 5298 5299 5019 5360 4992 5152 5231 5557 5202 5888 5613 5684 5719 4718
4552 5225 4915 5176 5040 5250 5038 5172 4981 5158 5079 5186 5154 5493 4939 5281 5033 5411 5161 5080 5022 5368 5488 4818 5086 5331 4922 5311 4981 4911 5489 5469 5058 5455 5249 5264 5242 5220 4997 5223 5293 4930 5087 4961 5072 4950 4979 5301 5155 5165 4976 5350 5243 5110 4950 4992 5525 5025 5276 5223 5304 5596 4799 4817 5418 4494 5138 5330 4725 5103 4923 4550 5204 5178 5170 5273 4754 4801 5324 5328 5013 5076 5057 4982 4885 5145 5006 5341 5190 5026 5189 5122 4753 5275 4759 5054 4869 5065 4770 5288 4995 5206 5363 5110 5257 5124 5072 5232 5358 5046 4721 5255 4785 5336 5125 5426 5073 5091 4978 5343 5183 5191 4653 5126 4916 5003 4835 5286 5252 5012 5234 5117 5396 4553 5194 4858 5495 5342 5004 4812 5255 5481 5297 5239 5012 5383 4871 5047 5294 5305 5339 5008 5580 4835 5106 5022 5286 4926 5168 5344 5117 5045 4693 5267 5029 5392 5321 5453 4990 4976 5109 4947 5066 5084 4786 5094 5048 5226 5157 5277 5323 5379 4934 5276 4812 5391 5357 4757 4683 4955 4615 5238 5530 4961 5268 4962 5197 4718 5054 5235 4788 5188 5436 5511 5019 4849 4712 5211 4799 4723 5063 5066 5108 5114 4715 5060 5392 5322 5416 5076 5226 4805 4594 5096 5093 4541 4824 5111 4879 4642 5459 5456 5521 4837 5471 5087 5006 4758 5431 5102 5110 5252 5215 5074 4813 5092 4882 4906 4967 4951 5027 5403 4924 4933 5239 4611
4926 5199 5216 5294 5306 5088 5341 5010 5032 5172 5422 5353 5178 5575 4988 5066 5142 5623 5154 5160 5143 5494 5421 5228 4875 5621 5129 5395 5036 5262 5584 5443 4981 5430 5472 4967 5221 5266 5071 5102 5408 4981 5172 5085 5194 5042 5315 5421 5230 5109 5236 5251 5126 5080 5073 4975 5729 4893 5454 5297 5123 5574 5033 5064 5337 4651 5200 5085 5227 5270 5270 4324 5662 5252 5385 5332 4748 4711 5217 5305 5056 5117 5212 5040 4796 5334 5219 5424 5033 5359 5306 5591 4726 5176 4703 5259 5226 5268 4999 5251 5271 5277 5402 5442 5306 5139 5268 5333 5408 5472 4812 5650 4903 5481 5344 5364 5280 5094 5136 5237 5576 5238 4677 5327 5056 4976 5118 5418 5112 5209 5242 5477 5165 4702 5398 5042 5643 5409 5099 5290 5191 5595 5493 5319 5137 5305 4910 5280 5525 5302 5628 5259 5750 4530 5303 5280 5467 5281 5182 5431 5432 5118 4960 5326 5292 5510 5281 5616 5247 5132 5253 5142 5236 5415 5045 5302 5341 5278 5319 5269 5294 5510 5283 5145 4907 5099 5402 4885 4752 5154 4806 5081 5504 5309 5207 4856 5241 4480 5326 5078 4950 4967 5283 5641 5115 5144 4474 5295 4913 4897 5253 5319 5269 5245 4578 5109 5870 5273 5259 5297 4988 5093 4546 5190 5114 4818 4822 5164 5041 4826 5305 5510 5397 5183 5170 4976 5242 5232 5506 5289 5088 5245 5216 5214 5072 5163 4931 4997 5184 5182 5063 5645 5368 4954 5486 4621
4928 5141 5045 5157 5328 5051 5165 5143 5240 4983 5562 5341 5054 5773 5097 4939 5021 5623 5175 4960 5076 5226 5347 5091 5027 5227 5232 5175 5024 4825 5678 5459 4855 5345 5338 5429 5257 5376 4808 4973 5527 4967 4833 4757 5442 5020 5097 5263 5351 5253 5154 5063 5409 4974 5196 5239 5512 5023 5106 5331 5342 5490 4795 5272 5173 4858 5179 5222 5366 5303 5037 4384 5289 5114 5520 5519 4757 4869 5334 5454 5246 5062 5113 5056 5135 5149 4781 5459 5051 5102 5432 5491 4723 5040 4912 5236 5040 4874 4974 5096 5230 5047 5449 5167 5232 5297 5223 5041 5389 5092 4871 5172 5080 5382 5227 5255 5334 5301 5109 5192 5403 5224 4627 5020 5218 4979 4993 5529 5283 5096 5507 5526 5278 4655 5114 4774 5379 5420 4885 5128 5399 5321 5342 5414 5264 5783 5291 5215 5401 5290 5319 5220 5822 4714 5246 5448 5372 4952 5242 5430 5403 5026 4769 5491 5053 5354 5061 5800 5314 5095 5174 5126 5208 5430 4835 5279 5210 5296 5363 4987 5027 5530 5082 5545 4887 5169 5132 4490 4793 5150 4656 5338 5478 5037 5136 5012 5387 4703 5365 5235 4859 5191 5447 5648 5085 5107 4589 5525 5012 4876 5322 4829 5153 5279 4936 5086 5647 5292 5652 5424 5027 5201 4792 5122 5176 4635 4923 5272 5110 4825 5583 5624 5134 4933 5064 5284 4998 5224 5436 4917 5012 5307 5148 4892 5092 5412 5311 4823 5242 5123 5188 5409 4905 5293 5593 4578
4913 5496 5539 5404 5481 5388 5510 5369 5200 5173 5507 5773 5145 5758 5052 5066 5370 5606 5348 5379 5254 5704 5667 5313 5493 5447 5140 5610 5235 5379 5614 5632 4877 5505 5369 5473 5537 5593 5190 5443 5597 5293 5120 5160 5305 4942 5393 5444 5516 5635 5279 5224 5597 5339 5319 5232 5754 4997 5384 5668 5559 5534 5129 5305 5629 4875 5261 5470 5420 5455 5190 4721 5304 5328 5389 5679 5048 5154 5352 5721 5078 5121 5427 5071 5070 5364 5169 5717 5097 5277 5599 5867 4964 5362 5019 5460 5247 5264 5228 5474 5334 5045 5327 5302 5202 5054 5417 5506 5446 5582 4865 5599 4991 5596 5438 5502 5150 5563 4996 5759 5828 5422 5038 5528 5188 5203 5016 5638 5358 5537 5395 5616 5574 4976 5528 5266 5628 5559 5037 5291 5359 5526 5700 5526 5465 5755 5375 5633 5555 5406 5678 5325 5622 5014 5392 5541 5525 5537 5405 5751 5652 5148 5092 5319 5452 5761 5360 5828 5382 5240 5023 5188 5445 5610 5159 5426 5480 5601 5465 5484 5692 5782 5245 5863 5269 5044 5534 4795 4959 5003 5243 5607 5612 5293 5228 5262 5608 4822 5366 5505 5055 5423 5476 5774 5306 5233 4866 5469 5170 4977 5547 5037 5302 5393 5103 5232 6091 5477 5342 5978 5163 5535 4893 5120 5350 4785 5268 5537 5249 4856 5690 5408 5542 5219 5293 5206 5160 5365 5376 5218 5031 5349 5471 5318 5180 5494 5211 4938 5346 5149 5430 5530 5346 5264 5804 4700
4671 5117 5115 5134 4966 5104 4978 5168 4945 4978 5245 5270 4879 5467 5053 5429 4969 5656 5209 4991 4967 5381 5265 4824 4728 5065 4878 5119 4993 4925 5583 5336 5065 5370 5286 5250 5315 5105 4972 4945 5395 5156 4970 4975 4997 5085 4920 5318 5266 5173 5361 5245 5034 5103 5041 4994 5319 4785 5446 5255 5053 5404 4994 4812 5193 4662 4945 5300 4956 5090 4959 4435 5247 5067 5154 5416 4821 5073 5226 5276 4793 4857 5244 5321 4901 5212 5014 5474 5227 5074 5559 5337 4664 5113 4622 5269 4935 4811 4996 5205 4956 5031 5217 4930 5142 5418 5034 5043 5438 4938 4809 5296 4977 5399 5280 5423 5227 4956 4854 5151 5227 5070 4601 5086 5095 5151 5000 5520 5090 5048 5289 5342 5223 4582 5163 4851 5474 5418 4958 5229 5215 5307 5186 5103 5198 5457 4990 5242 5542 5134 5303 5071 5632 4610 5135 5188 5307 4877 5281 5219 5516 5011 4795 5219 5267 5314 5179 5377 5227 5053 4982 4864 5180 5490 5187 5127 5174 5269 5275 5104 5185 5561 4976 5287 4955 4997 5305 4375 4480 4928 4492 5349 5429 4963 5297 4925 5116 4581 5114 4939 4660 5272 5480 5199 4801 4782 4758 5334 5053 4836 5016 5131 5005 5118 4886 5127 5183 5293 5244 5071 4934 4840 4660 5147 4905 4453 4613 5155 4743 4666 5484 5542 5371 4998 5258 4922 4860 5081 5367 5121 4961 5145 5403 5095 4969 5104 4825 5077 4983 5096 5021 5437 5094 5291 5306 4772
4640 5095 5028 5107 5424 5297 5128 4935 5215 4957 5259 5219 4954 5423 4852 4832 5189 5193 5412 5214 4969 5324 5128 5071 4772 5131 4833 5137 5004 5057 5429 5367 4969 5146 5204 5107 5111 4920 4572 5171 5336 5078 4964 4674 5010 5029 4818 5325 4796 5178 5080 4977 5127 4791 4921 4924 5476 4830 5311 5260 5076 5656 4837 4854 4971 4583 4698 5247 5013 4864 5016 4453 5182 4875 5027 5137 4828 4980 4885 5013 4842 4643 4932 4942 4781 4838 4870 5079 5053 5043 5356 5199 4704 5021 4609 5262 4985 4944 4879 4963 4981 5220 5219 5063 5083 4980 4997 4895 4975 4979 4859 4945 4761 5161 5041 5142 5241 5157 5133 5120 5509 4849 4703 5172 4746 4736 4819 5562 4954 4841 5103 5151 5406 4563 5058 4865 5219 5342 5008 4950 5308 5366 5644 5144 5190 5442 4995 4793 5524 5125 5226 4806 5485 4572 5121 4989 5339 5043 5116 5375 5210 5038 4765 5030 5087 5148 5053 5673 5090 4816 4941 4856 5049 5312 4807 4948 5225 5177 5330 5008 5001 5421 4788 5406 4792 4713 5198 4478 4636 4975 4685 5045 5311 4781 5272 4713 5120 4437 5343 4888 4770 4913 5418 5253 4759 4704 4685 5354 5120 4464 5271 4906 4885 5196 4837 5293 5154 5263 5112 5086 4814 4868 4495 4749 4915 4604 4951 5075 4929 4604 5289 5424 5189 4743 5045 5099 5256 5011 5374 4848 4641 5018 4947 4844 4902 5069 5056 4762 4896 4878 5220 5352 5140 4984 5433 4535
4920 5327 5285 5522 5646 5255 5542 5397 5384 5204 5456 5303 5357 5638 5266 5406 5593 5772 5514 5479 5231 5897 5413 5362 5428 5381 5020 5558 5500 5482 5845 5732 5185 5678 5373 5478 5467 5491 5338 5338 5744 5471 5513 4886 5322 5341 5496 5534 5462 5484 5691 5443 5342 5222 5439 5337 5790 5248 5805 5355 5465 5893 5126 5185 5527 5142 5416 5526 5277 5102 5237 4942 5473 5415 5796 5668 5021 5189 5648 5694 5205 5585 5409 5402 5227 5449 5342 5426 5220 5507 5677 5926 4857 5455 4993 5621 5494 5332 5022 5378 5210 5309 5230 5384 5480 5547 5509 5298 5520 5304 5136 5639 4992 5606 5592 5684 5347 5497 5217 5324 5482 5153 5041 5452 5126 5130 5429 5909 5087 5320 5627 5611 5737 5086 5469 5411 5898 5493 5218 5403 5329 5609 5700 5210 5360 5501 5332 5318 6022 5464 5968 5347 5959 4995 5233 5524 5654 5063 5549 5670 5772 5390 4960 5396 5245 5412 5528 5868 5612 5121 5532 5232 5409 5767 5159 5401 5540 5611 5631 5597 5538 6108 5316 6082 5197 5400 5667 4981 4891 5441 5061 5839 5675 5547 5387 5082 5521 4970 5158 5329 4977 5424 5575 5598 5450 5036 5077 5611 5237 4728 5657 5393 5663 5338 5343 5187 5793 5623 5311 5434 5111 5310 4964 5206 5383 4943 5070 5178 5409 4915 5682 5755 5610 5150 5762 5382 5562 5177 5685 5266 5362 5363 5374 5199 5204 5304 5062 5415 5294 5437 5353 5608 5479 5770 5765 4934
5348 5737 5311 5469 5598 5276 5630 5451 5172 5163 5556 5610 5582 6057 5352 5477 5328 5912 5378 5443 5486 5798 5719 5391 5211 5661 5490 5745 5384 5447 6062 5915 5260 5616 5669 5500 5762 5822 5199 5517 5707 5183 5329 5228 5459 5339 5483 5643 5677 5768 5756 5525 5471 5409 5366 5379 6092 5206 5623 5677 5599 5746 5105 5357 5804 5074 5312 5624 5290 5626 5326 4874 5717 5578 5620 5887 5148 5219 5598 5896 5286 5546 5616 5240 5162 5372 5204 5929 5342 5392 5843 5665 5071 5572 5149 5615 5328 5449 5443 5529 5571 5240 5693 5516 5393 5524 5444 5526 5358 5773 5118 5579 5186 5856 5814 5771 5435 5676 5160 5494 5713 5650 5134 5524 5456 5491 5377 5714 5595 5382 5741 5504 5836 5224 5627 5157 5648 5910 5176 5408 5758 5749 5934 5381 5512 5945 5341 5547 5637 5528 6175 5300 6186 4979 5595 5708 5796 5566 5509 5986 5825 5504 5099 5638 5563 5777 5719 6200 5490 5160 5513 4989 5484 5647 5083 5437 5607 5508 5664 5764 5614 5915 5425 5768 5467 5467 5703 4976 5262 5336 5116 5730 5774 5472 5318 5224 5762 5230 5671 5483 5105 5588 5863 5691 5439 5228 4959 5556 5428 4910 5473 5528 5685 5686 5082 5662 5887 5540 5450 5753 5360 5434 4959 5132 5157 4907 5026 5626 5342 5215 5817 6118 5778 5259 5563 5521 5603 5445 5581 5560 5227 5591 5740 5422 5305 5604 5297 5307 5358 5686 5332 5863 5631 5415 5861 5068
4932 5334 5182 5471 5398 5028 5225 5151 4854 4845 5316 5529 5229 5957 5018 5178 5378 5693 5234 5434 5144 5277 5218 5211 5125 5277 5021 5033 5115 4928 5900 5512 4934 4977 5292 5258 5282 5657 5062 5543 5602 4940 5247 5081 4920 5028 5281 5375 5201 5098 5631 5169 5269 5050 5009 5131 5549 4996 5355 5225 5253 5832 5019 4802 5494 4732 5244 5471 5172 4950 5021 4533 5180 5046 5472 5539 4903 4803 5251 5485 5265 5317 5202 4848 4822 4918 5142 5507 5237 5317 5512 5323 4581 5259 4751 5382 5166 5055 4945 5374 5216 5380 5684 5121 5191 5020 5318 5016 5352 5024 4749 5224 4957 5261 5702 5715 5256 5329 4840 5179 5396 5241 4961 5216 4863 5032 5034 5670 5039 5120 5307 5245 5249 4842 5072 4833 5410 5518 5119 5020 5162 5705 5510 5152 5269 5484 5060 5211 5481 5486 5492 5096 5457 4275 5182 5380 5503 4914 5199 5491 5523 5155 4687 5356 5201 5351 5368 5616 5261 4898 5344 5066 5217 5453 4756 5114 5131 5209 5313 5306 5269 5490 5036 5379 4859 5480 5378 4667 4880 5285 4729 5639 5475 5092 5154 4942 5428 4700 5278 5193 4874 5221 5430 5684 5312 5195 4762 5362 4682 4725 5403 5257 5125 5095 4743 5186 5710 5604 5442 5300 4944 5307 4556 4883 5427 4788 4913 5192 5110 4711 5316 5685 5411 4998 5223 5155 5261 5108 5643 5022 5304 5450 5258 4997 4953 5206 5028 4906 5086 5060 5263 5526 5338 5066 5440 4592
4739 5102 5047 5178 5102 4883 5129 5229 4719 4926 5210 5297 5199 5188 4752 5179 5127 5497 4990 5005 5144 5197 5251 4673 5051 5153 4928 5427 4966 5084 5529 5227 4932 5303 5032 5290 5227 5185 4915 4865 5234 4972 5111 4951 4922 5046 5099 5295 5224 5240 5123 5151 4998 4889 5030 4595 5572 4611 5234 5238 5073 5422 4693 4800 5293 4494 5052 5115 4910 5028 5082 4065 5049 4918 5025 5232 4655 4735 5117 5428 4664 4941 5166 5008 4851 5105 4924 5640 5222 4929 5134 5247 4577 5228 5005 5101 4884 4978 4858 5185 4807 5024 5266 5185 5034 4906 5112 5112 5007 5140 4683 5144 4855 5351 5224 5611 4906 5067 4852 5054 5274 5099 4830 4922 5085 4863 4992 5308 5242 5315 5416 5364 5353 4718 5068 5020 5309 5407 4790 4947 5041 5261 5457 5032 4772 5665 4971 4966 5344 5146 5381 4954 5308 4688 5147 5157 5205 5252 5038 5530 5386 4998 4671 5204 5151 5261 5039 5576 5097 4592 5302 4919 5243 5332 4880 4846 5064 4981 5137 5130 5055 5506 4949 5190 4926 4912 5369 4412 4604 4791 4594 5364 5112 5058 5236 4762 5355 4586 5172 5001 4753 4877 5112 5129 4788 4700 4654 5450 4785 4502 4975 4880 5111 5077 4730 5110 5602 5068 5320 5230 5285 5171 4672 4926 5237 4386 4814 5203 4847 4546 5308 5478 5258 5123 5119 4734 4962 4832 4993 5190 4803 4979 5249 5209 4832 4966 4888 4983 4883 4952 4975 5312 5082 5182 5384 4588
4800 5579 5364 5057 5119 5085 5248 4989 4838 4940 5146 4949 5035 5378 5032 4853 5087 5330 5205 5038 4894 5178 5317 4927 5068 5483 5062 4967 5192 5201 5403 5194 5018 5267 5391 5097 5204 5223 4826 5018 5262 4884 5118 5094 4861 4783 4919 5353 5065 5031 5278 5196 4943 5250 4991 5068 5604 4902 5453 5211 5429 5669 4716 4821 5258 4864 4966 5074 4902 5019 4834 4489 5131 5000 5337 5323 4993 4872 5006 5011 4991 4936 5032 5238 4771 4988 4906 5344 5226 5093 5468 5346 4714 5170 4679 5208 4861 4886 4925 5240 4972 5093 5298 4991 4834 5141 5124 4962 5043 5132 4763 5101 4712 5337 5277 5234 4817 4811 5033 5201 5235 4883 4736 4837 4693 4975 4878 5675 5032 5210 5252 5042 5260 4533 5230 5024 5253 5227 4889 4836 5308 5302 5280 5137 5113 5409 4906 4961 5257 5222 5381 4880 5692 4719 4983 5137 5194 4876 5112 5220 5512 5081 4866 5307 4957 5312 5088 5408 4902 4961 4863 5003 5029 5354 5004 5268 5012 5274 5137 5212 5021 5378 4995 5378 4766 5024 5249 4743 4825 5222 4492 5100 5431 4723 5283 4839 5348 4591 5041 5024 4731 5241 5148 5369 4905 5010 4528 5344 4951 4591 4879 5021 5017 4860 4718 5150 5323 5466 5369 4965 4768 4922 4905 5043 5133 4261 4816 5233 5052 4667 5195 5444 5443 4987 5469 5028 4953 4770 5360 5342 4880 4977 5212 4854 4819 5081 4808 4911 5038 5076 5294 5379 4872 4902 5312 4654
5259 5297 5449 5349 5436 5148 5105 5332 5297 5205 5368 5608 5272 5619 5364 5063 5382 5660 5278 5330 5503 5670 5401 5269 5357 5343 5395 5553 5419 5266 5583 5327 4922 5382 5566 5344 5277 5379 5103 5439 5548 5371 5140 5280 5291 5101 5260 5479 5615 5503 5344 5265 5423 5261 5391 5035 5905 5019 5512 5484 5427 5705 5151 5490 5368 5055 5208 5331 5229 5343 5116 4409 5394 5172 5604 5791 4835 5204 5375 5479 5449 5298 5411 5309 4982 5086 5310 5474 5018 5159 5588 5803 4942 5550 4991 5455 5291 5429 5112 5584 5090 5043 5533 5313 5148 5277 5293 5429 5522 5404 5137 5453 5151 5593 5474 5586 5021 5246 4990 5325 5907 5461 5337 5572 5286 5178 5164 5804 4890 5532 5546 5636 5469 4828 5109 5310 5539 5652 4989 5413 5711 5522 5817 5437 5561 5597 5230 5175 5629 5544 5758 5281 5615 4804 5502 5725 5868 5560 5583 5894 5693 5285 4886 5426 5386 5630 5386 5842 5204 5151 5215 4934 5564 5592 5193 5803 5478 5590 5409 5217 5401 5784 5198 5500 5035 5340 5507 4812 4929 5318 4906 5694 5597 5246 5414 5171 5488 4917 5614 5368 5202 5391 5443 5500 5133 5025 4872 5553 5206 4866 5445 5217 5575 5058 4900 5285 5667 5552 5585 5321 5064 5402 4949 5373 5329 4711 5165 5315 5295 4960 5678 5678 5170 5063 5302 5125 5365 5173 5591 5142 5141 5285 5635 5190 5135 5518 5106 5126 5338 5259 5312 5762 5521 5397 5754 4657
5011 5364 5079 5227 5320 5062 4909 5383 5020 5043 5344 5147 5166 5484 5105 5129 5282 5562 5432 5398 4799 5178 5443 4964 4942 5011 4719 5342 5009 5323 5587 5347 4910 5499 5170 5193 5398 5399 4916 5213 5570 4909 5202 5240 5180 5055 4887 5347 5302 5176 5228 5376 5162 5054 5018 5346 5648 4985 5335 5447 5330 5546 5025 5066 5259 4774 4903 5199 4780 5102 5329 4384 5143 5256 5596 5574 4733 5132 5073 5312 4676 5174 5436 5034 5156 5300 5146 5450 5204 4998 5344 5364 4886 5468 4924 5153 4803 5061 5292 5481 4928 5198 5476 5142 5221 5237 5191 5234 5163 5311 4791 5463 4813 5299 5124 5513 5183 5148 5138 5345 5471 5091 4677 5271 4913 4912 5007 5507 5341 5369 5108 5411 5540 4683 5286 5066 5567 5357 4761 5277 5640 5249 5444 5164 5047 5512 4806 5112 5370 5241 5465 5163 5678 4916 5256 4976 5415 5195 5244 5222 5605 5259 4872 5182 5416 5316 5119 5428 5085 5011 5213 5026 5063 5510 5265 4885 5163 5281 5201 5059 4896 5400 4973 5575 4759 5098 5472 4560 5008 5229 4918 5593 5340 5145 5423 5033 5404 4628 5016 5286 4871 5299 5446 5603 4948 4936 4624 5594 5038 4661 5107 5059 5120 5311 5143 5301 5578 5547 5300 5403 5248 5058 4966 5147 5097 4555 4892 5048 4987 4881 5576 5565 5409 5101 5409 5231 4967 5013 5182 4974 5160 5324 5283 5007 4958 5246 5190 4975 5266 5185 5084 5386 4844 5014 5641 4908
4651 5023 5294 5373 5177 5185 5154 5162 4836 4680 5057 5429 5002 5246 5004 4823 5298 5547 5000 5062 5176 5341 5094 4903 4839 5103 4897 5323 5011 5271 5420 5285 4847 5189 5194 5061 5253 5488 4831 4952 5474 4952 4816 4888 5165 4818 4877 5346 5280 5225 5163 5109 5106 5059 4938 5033 5409 4926 5574 5166 5149 5598 4781 4806 5083 4507 4799 5304 4885 4894 4844 4621 5131 4964 5423 5338 4602 4920 5084 5438 5025 5142 4918 5015 4886 5106 4932 5369 4857 5201 5585 5046 4706 5143 4645 5052 4951 5089 4925 4896 5095 5130 5279 5061 5125 5079 4962 5191 5117 5005 4387 4979 4950 5258 5231 5193 5196 5031 4923 4960 5527 5031 4667 4911 5104 4783 4938 5615 5121 5033 5115 5156 5070 4933 5033 4916 5456 5513 5037 4977 5352 5458 5589 5101 5210 5317 5022 5034 5269 5052 5237 4929 5379 4391 4884 5218 5346 5118 4962 5233 5226 5072 4825 4974 5018 4991 5219 5486 5188 4644 5286 4922 4880 5348 4644 4997 4854 5320 5055 5057 4965 5311 4712 5552 4970 5242 5492 4402 4682 4915 4648 5237 5471 5046 5215 5084 5080 4401 5038 5139 4563 4999 5302 5405 4859 4822 4556 5522 4837 4768 5018 5082 5052 4864 4759 4883 5464 5355 5125 5090 4964 5196 4549 4866 4968 4601 4583 5109 5089 4901 5123 5331 5206 4937 5198 5158 5066 4948 5075 5233 4811 5049 5130 4889 4719 5110 4959 4957 4926 4993 5130 5145 4933 4871 5284 4760
5536 5380 5517 5289 5447 4983 5403 5467 4868 5280 5188 5682 5342 5688 5019 5396 5477 5916 5187 5307 5160 5681 5740 5156 5119 5531 5276 5450 5268 5441 5851 5708 5095 5371 5476 5514 5154 5823 5025 5220 5669 5072 5213 5139 5291 4974 5369 5398 5340 5485 5615 5381 5293 5190 5447 5192 5699 5207 5740 5596 5741 5702 5127 5590 5558 4949 5101 5367 5221 5748 5129 4925 5447 5288 5729 5937 5192 5167 5153 5738 5197 5197 5525 5168 5091 5263 5039 5484 5235 5090 5493 5798 5020 5580 4837 5600 5364 5331 5318 5482 5365 5171 5621 5270 5044 5222 5483 5200 5481 5431 4996 5513 5069 5423 5515 5609 5340 5341 5102 5231 5592 5206 5193 5051 5274 5017 5153 5731 5379 5306 5594 5789 5481 5035 5394 5113 5731 5451 5021 5387 5521 5688 5760 5290 5164 5984 5081 5144 5608 5291 5910 5131 5669 5165 5373 5410 5547 5300 5297 5797 5551 5317 5093 5403 5297 5411 5508 5998 5493 5301 5465 4975 5406 5594 5039 5280 5269 5628 5686 5360 5407 5662 5219 5614 5354 5033 5805 4758 5021 5284 5037 5626 5589 5398 5446 5015 5393 4856 5249 5416 5017 5379 5437 5757 5280 5404 4940 5611 5235 4985 5305 5169 5433 5290 5028 5296 6049 5640 5520 5343 5355 5336 5280 5431 5349 4810 4908 5545 5203 4891 5491 5555 5428 5096 5422 4983 5204 5318 5483 5460 5264 5182 5365 5209 5156 5291 5128 5140 5267 5321 5381 5655 5366 4965 5673 4745
4380 4812 4765 4956 4962 4579 4919 4874 4553 4619 4855 5210 4640 5124 4252 4824 4884 5130 4751 4659 4884 4858 4681 4806 4740 4769 4714 4772 4572 4661 5198 5075 4539 4990 4878 4839 4783 5115 4631 4907 5057 4670 4796 4361 4663 4590 4527 4826 4772 4862 4671 4832 5025 4669 4665 4512 4921 4573 4962 4897 4617 4938 4437 4827 4911 4366 4516 4681 4462 4698 4414 4260 4842 4875 4733 5194 4334 4584 4788 5133 4317 4667 4773 4887 4320 4655 4483 4868 4898 4592 4891 4879 4469 5075 4286 4882 4592 4611 4431 4808 4697 4609 5050 4949 4785 4894 4646 4828 5093 4806 4655 4857 4439 5099 4573 5143 4688 4665 4902 4673 4956 4590 4069 4583 4733 4639 4552 5245 4688 4710 5003 5001 4829 4515 4865 4613 5132 5103 4452 5158 4916 5269 5217 4807 4753 4923 4259 4639 4980 4905 4911 4724 5214 4059 4675 4699 5014 4399 4749 5004 5069 4786 4276 4844 4714 5077 4636 5302 4711 4496 4680 4823 4855 4824 4600 4904 4696 4879 4804 4943 4958 4877 4563 5037 4480 4733 5004 4347 4863 4788 4196 4949 4834 4700 4860 4529 4781 4257 4616 4939 4390 4893 5238 4938 4730 4717 4413 5111 4367 4503 4853 4789 4755 4634 4384 4637 4962 4710 4892 4506 4740 4555 4404 4638 4687 4116 4653 4665 4533 4413 4943 4897 4755 4506 4835 4710 4748 4596 4719 4793 4528 4678 4912 4688 4550 4911 4709 4485 4679 4773 4861 4839 4635 4532 4924 4615
4918 5374 5363 5299 5353 4946 5023 5371 4934 4942 5153 5506 5214 5800 5186 5044 5469 5259 5213 5222 5272 5452 5494 5292 4955 5208 5154 5280 5058 5221 5640 5297 5043 5429 5149 5190 5411 5260 5185 5253 5627 5058 5010 5067 4953 5064 5027 5326 5238 5151 5423 5331 5080 5152 5423 5247 5889 5154 5591 5467 5218 5722 4739 5152 5379 4791 5065 5289 5065 5147 5163 4603 5282 5324 5604 5487 4744 4894 5331 5501 5309 5415 5128 5254 5083 5343 4898 5705 5087 5251 5231 5593 4893 5308 4874 5474 5274 5108 5296 5229 5012 5264 5460 5252 5057 5015 5137 5114 5180 5410 4951 5152 5165 5530 5302 5514 5494 5252 5095 5583 5471 5129 4808 5293 5190 5082 5002 5757 5076 5386 5267 5295 5341 4995 5427 5122 5469 5344 5026 5240 5435 5525 5703 5289 5241 5786 5045 5307 5582 5175 5417 5258 5696 4735 5119 5308 5450 5308 5097 5499 5822 5246 4603 5136 5309 5449 5177 5741 5339 5217 4983 4953 4971 5842 4888 5270 5166 5589 5206 5466 5430 5430 4813 5310 4981 4945 5531 4940 5037 5277 4732 5203 5620 5055 5075 4927 5481 4540 5103 5055 4591 5204 5570 5451 5237 5099 4857 5558 5114 4874 5211 5166 5172 5208 4759 5164 5713 5287 5379 5469 5154 4796 4880 5199 5088 4924 4948 5242 5030 4805 5539 5708 5371 4816 5525 5155 5063 5315 5267 4971 5012 5280 5454 5144 4573 5336 5095 5034 5022 5347 5396 5374 4939 5116 5582 5131
5001 5404 5263 5562 5648 5378 5503 5420 4967 5242 5407 5576 5330 5866 5264 5541 5656 5874 5499 5485 5356 5551 5676 5368 5130 5744 5288 5385 5236 5329 5985 5726 5313 5540 5577 5630 5413 5621 5187 5484 5920 5352 5129 5122 5464 5212 5508 5528 5228 5314 5772 5461 5295 5243 5170 4930 5745 5193 5656 5520 5219 5732 4981 5096 5479 4823 5143 5453 5243 5351 5249 4672 5477 5364 5828 5845 4986 5108 5271 5799 5330 5369 5617 5476 5167 5314 5188 5717 5425 5416 5531 5795 4917 5443 4975 5567 5134 5432 5096 5477 5316 5386 5768 5257 5331 5285 5739 5468 5491 5506 5103 5590 5084 5620 5380 5793 5582 5627 5315 5565 5771 5138 4827 5136 5403 5112 5408 5715 5445 5382 5741 5646 5524 4955 5498 5159 5773 5595 5520 5473 5597 5898 5904 5554 5349 5873 5047 5352 5808 5717 5740 5047 5903 4922 5308 5284 5749 5219 5535 6038 5698 5597 5023 5156 5394 5397 5538 5900 5277 5425 5312 5015 5642 5831 5077 5718 5581 5421 5818 5463 5397 5627 5292 5719 5135 5088 5621 4588 5300 5285 4547 5562 5981 5440 5354 5148 5609 4839 5185 5510 4932 5310 5996 5599 5226 5009 4945 5800 5070 4728 5282 5483 5528 5520 4765 5227 5744 5424 5782 5351 5569 5268 4750 5520 5347 5131 5301 5514 5399 5043 5275 5671 5495 5179 5336 5829 5315 5175 5583 5371 5624 5212 5616 5343 4980 5358 5424 5297 5312 5517 5455 5630 5314 5314 5914 4961
5260 5605 5305 5523 5568 5470 5173 5074 5250 5084 5523 5571 5134 5762 5146 5298 5141 5770 5602 5517 5289 5486 5563 5451 5379 5499 5041 5329 5220 5327 5878 5689 4925 5270 5717 5380 5361 5606 5138 5333 5702 5399 4997 5272 5382 5167 5518 5724 5513 5505 5302 5323 5424 5322 5351 5205 5845 5295 5479 5667 5503 5636 5308 5289 5637 4640 5255 5273 5327 5508 5341 4755 5323 5443 5229 5456 5191 5091 5120 5811 5252 5234 5401 5405 5117 5419 5057 5715 5039 5363 5275 5805 4843 5805 4824 5276 5137 5196 5424 5229 5186 5132 5585 5175 5127 5333 5346 5328 5385 5677 4850 5464 5155 5526 5469 5566 5426 5246 5115 5354 5743 5245 5183 5181 5262 5350 5249 5557 5281 5401 5379 5620 5548 4938 5264 5255 5493 5591 5182 5281 5372 5555 5766 5418 5113 5659 5143 5403 5675 5245 5627 5325 5807 4618 5341 5459 5618 5336 5666 5729 5789 5164 4729 5346 5576 5822 5422 5699 5314 4901 5314 4930 5429 5629 5112 5318 5577 5624 5355 5314 5278 5783 5356 5551 5122 5266 5878 4894 4782 5340 4775 5593 5635 5232 5377 4999 5266 4560 5485 5277 4813 5248 5352 5422 5108 5024 4805 5476 4895 5089 5294 5404 5351 5287 5039 5184 5518 5505 5582 5463 5356 5230 5064 5261 5361 4679 4959 5282 5180 4729 5436 5974 5662 5348 5301 5529 5252 4938 5341 5514 5083 5520 5444 5386 4937 5294 4862 5410 5300 5350 5360 5814 5506 5415 5657 4854
5381 5693 5695 5779 6154 5728 5708 5877 5413 5303 5822 5612 5524 6432 5390 5524 5694 6278 5781 5941 5727 6061 6002 5859 5728 5921 5505 5695 5488 5639 6056 5884 5579 5954 5713 5754 6098 5967 5431 5888 6105 5734 5772 5521 5955 5547 5580 5886 5872 5773 5886 5915 5826 5530 5595 5666 6191 5497 6138 5894 5808 6265 5374 5619 6043 5432 5848 6155 5481 5763 5608 4735 5612 5880 6040 5960 5180 5563 5939 5857 5570 5663 5837 5505 5542 5656 5508 6247 5573 5821 6139 6095 5139 5996 5466 5879 5355 5550 5329 5884 5793 5655 6132 5981 5806 5603 5633 5766 5865 5664 5368 5856 5564 5967 5931 5900 5538 5741 5231 5874 6281 5609 5342 5761 5504 5693 5562 6005 5877 5869 5971 5830 6123 5350 5830 5421 6060 5734 5524 5769 5787 5922 6081 5667 5755 6134 5582 5564 5978 5981 6039 5923 6290 5213 6023 5647 5964 5689 5759 5956 6191 5680 5307 6055 5689 5939 5871 6228 5840 5379 5568 5491 5720 6086 5657 5681 5878 5964 6141 5978 5898 6247 5772 6292 5469 5837 5989 5238 5423 5722 5332 5777 5879 5769 5538 5391 5710 5109 5828 5744 5434 5786 5925 6156 5534 5543 4968 6236 5511 5092 5637 5713 5814 5661 5100 5611 6141 5827 5706 5976 5456 5501 5121 5494 5696 5120 5713 5780 5645 5226 6236 6066 5813 5524 6009 5807 5779 5452 6004 5732 5555 5734 5967 5847 5478 5907 5733 5420 5657 5690 5615 5997 5719 5747 6092 5366
4889 5513 5301 5250 5413 5196 5367 5452 5153 5110 5155 5678 5341 5498 5068 5330 5336 5512 5469 5438 5235 5727 5581 5278 5013 5413 5173 5354 4912 5394 5647 5536 5181 5420 5499 5465 5432 5428 5286 5402 5729 5279 5348 5041 5034 4960 5113 5539 5569 5516 5362 5503 5402 5138 5067 5274 5590 5187 5302 5557 5220 5565 5132 5158 5220 5056 5046 5353 5032 5445 5078 4474 5360 5384 5478 5856 4750 5101 5312 5585 5054 5253 5349 5106 5133 5523 5147 5727 5286 5388 5535 5613 4956 5266 5031 5502 5013 5352 5339 5273 5233 5039 5468 5765 5552 5170 5509 5431 5306 5348 5069 5479 4946 5520 5450 5449 5227 5413 5134 5180 5494 5008 4854 5330 5296 5055 5151 5817 5166 5325 5525 5583 5477 5053 5301 5299 5496 5518 5135 5593 5684 5816 5586 5224 5163 5773 5207 5526 5424 5580 5711 5248 5883 4771 5387 5183 5592 5476 5289 5535 5748 5269 4944 5622 5204 5449 5341 5813 5486 5272 5396 5135 5238 5582 4925 5144 5267 5644 5511 5516 5553 5563 5303 5746 5378 5164 5650 4697 4945 5418 4910 5487 5611 5345 5243 5080 5380 4784 4995 5397 4918 5560 5671 5528 5175 5273 4829 5486 5265 4936 5310 5295 5252 5246 4846 5178 5822 5224 5473 5252 5376 5061 4891 5386 5247 4653 5021 5051 5252 4827 5769 5746 5459 5035 5398 5371 5112 5289 5709 5390 5160 5014 5538 5381 5053 5416 5065 5137 5295 5320 5179 5511 5531 5193 5757 5234
4557 4754 4948 5056 5249 4769 4751 4762 5041 4667 5235 5187 4838 5050 4579 4928 5024 5359 5097 5092 4817 5193 5110 4763 4855 5233 4843 5218 4854 4857 5402 5066 4868 5234 5062 5278 5254 5118 4955 5020 5044 5028 4462 4895 4678 4652 4872 4994 5170 5091 4995 5171 5042 4972 4677 4871 5450 4780 4889 5105 5017 5279 4814 4707 5053 4454 4708 4977 4799 4950 4859 4565 5151 5054 5358 5231 4668 4952 5141 5248 4754 4717 4995 4927 4814 4910 4947 5480 5039 5073 4860 5198 4460 4888 4601 5033 4776 5083 4736 4885 4688 5100 5106 5190 5119 4923 5054 5091 5060 5102 4651 5086 4651 5329 4948 5153 4990 5192 4848 5239 5314 4543 4575 4882 4649 4644 4596 5284 4774 4958 5023 5237 4771 4415 5017 4867 5222 5180 4548 4905 5088 5323 5112 5069 5122 5434 4596 4771 5379 4947 5294 4785 5368 4483 4942 5003 5470 4777 4894 5237 5250 4866 4557 4847 4984 4910 5214 5533 4987 4512 5005 4827 5126 5361 4739 4879 5293 5093 5194 5017 4968 5207 4897 5251 4813 5177 5225 4545 4657 4747 4501 4984 5322 4982 4782 4734 5034 4645 4942 5046 4405 5088 5130 5275 4923 4645 4325 5050 4707 4411 5038 4866 5088 4980 4790 5013 5342 5131 5065 4851 4917 5035 4531 4806 4914 4619 4769 4953 4767 4543 5095 5569 5266 4987 5102 5042 4764 4798 5171 4917 4887 4951 5112 5089 4908 5121 4907 4809 4946 4945 5027 5237 4830 4960 5386 4754
4776 5434 5096 5561 5225 5275 5118 5321 4934 4900 5252 5238 5160 6029 4816 5422 5215 5599 5281 5231 5199 5340 5150 5146 5411 5389 4939 5474 5031 5257 5400 5561 5087 5391 5287 5206 5259 5368 5053 5203 5686 5464 5163 4876 5010 5006 5163 5538 5127 5004 5343 5074 5234 5089 5174 5024 5877 5342 5310 5268 5155 5837 4944 4964 5362 4817 5209 5379 5187 5330 5375 4580 5213 5164 5538 5502 4800 4954 5382 5423 5242 5283 5258 5033 4750 5309 5004 5626 4928 5239 5554 5606 4737 5386 4767 5307 5060 5207 4877 5380 5430 5087 5465 5342 5156 5235 5352 5364 5587 5431 4673 5391 4974 5473 5302 5469 5275 5198 4897 5213 5355 5032 4680 5418 5089 5037 5039 5706 5344 5095 5325 5158 5282 4891 5495 5173 5403 5479 5041 5438 5431 5430 5530 5426 5119 5397 5011 5351 5366 5111 5496 5055 5808 4645 5165 5106 5278 5030 5388 5455 5593 5228 4963 5202 5125 5391 5245 5571 5161 5187 5182 4840 5261 5445 5118 5212 5076 5566 5484 5217 5382 5829 5061 5635 5006 5351 5497 4730 4887 5165 4438 5679 5718 5238 5322 5012 5350 4696 5115 5397 4880 5422 5697 5254 4940 4953 4744 5442 5118 4690 5168 5172 5356 5270 4899 4989 5526 5295 5438 5273 5117 4948 4807 5261 5033 4649 5162 5327 4777 4736 5316 5456 5397 4837 5429 5237 4985 5097 5362 5299 5282 5354 5384 4986 4995 5239 5062 5366 5434 5258 5098 5628 5371 5198 5603 4638
4863 5205 5151 4957 5390 4983 4798 5215 5020 4856 5259 4966 4880 5322 4992 4842 5085 5439 5316 5114 4973 5107 5235 4828 4886 5024 5123 5321 5186 4671 5526 5080 4748 5229 5280 5248 5052 5443 4729 5014 5435 5025 5116 4924 4959 4758 5085 5186 5220 5330 5302 5174 4933 4896 5304 5133 5336 4889 5165 5455 5151 5517 4826 4909 5257 4655 4875 5289 4941 5279 5026 4343 5280 4832 5353 5376 4927 4955 4886 5254 4869 5199 5380 5194 4702 5029 4762 5440 5123 5045 5240 5442 4545 4963 4769 5257 4825 4891 5058 5205 4739 5099 5291 5281 5073 5073 4866 4843 5217 5092 4762 5330 4785 5473 4977 5462 4978 5111 4546 5150 5413 5182 4573 5164 5001 4718 5065 5583 4811 5148 5384 5121 5239 4818 4989 4850 5332 5404 4850 5212 4977 5529 5395 5097 5109 5419 4987 4957 5270 5264 5257 5041 5532 4551 4956 5149 5380 5071 5108 5460 5394 5181 4872 5228 5036 5380 4892 5620 5132 4804 5225 4964 5102 5485 4843 5184 5238 5317 5370 5290 4809 5366 5011 5321 4988 4792 5172 4679 4945 5337 4504 5197 5373 4868 5114 4935 5139 4430 4955 4855 4509 5025 5391 5149 4741 4748 4738 5053 4778 4883 5144 4982 5279 4869 4679 4933 5253 5421 5377 5121 5067 5023 4978 4838 5138 4804 4848 5059 5071 4735 5354 5582 5274 4884 5257 5285 4994 4896 5397 5111 5281 4996 4964 5231 4793 5173 5003 4865 4879 5176 5061 5271 5127 4942 5449 4559
4472 5116 4913 5106 5087 4939 4949 4887 4779 4957 5048 5070 5218 5329 4811 4770 5180 5194 5042 4972 5010 5284 5419 4911 4650 5182 4904 4881 4748 4789 5553 5169 4648 5195 5193 4826 5088 5127 4843 4971 5080 4928 4828 4923 4780 4976 5057 5062 5056 5001 5008 5087 5202 4847 4837 4931 5514 4881 5249 4946 5107 5359 4657 4676 5156 4454 4923 5021 4804 4818 4980 4298 5089 4859 4965 5251 4722 4798 5132 5209 4843 4841 4897 4829 4831 5031 4882 5351 5040 4877 5098 5176 4644 4801 4779 4905 4974 4936 4833 4893 4919 4852 5181 5160 4864 5022 4988 5109 5006 4957 4470 4927 4637 5306 5009 5153 5052 5017 4722 4891 5038 5041 4600 4663 4795 4786 4970 5114 5102 5207 5424 5155 5142 4530 4933 4923 5082 5132 4794 4999 5062 5396 5472 5080 4825 5613 4773 5122 5234 4915 5378 4936 5767 4439 4953 4940 5144 4535 5018 5271 5392 4826 4622 4854 4773 5194 5160 5301 5011 4863 4916 4857 5097 5159 4674 5026 5105 5011 5017 5064 4979 5403 4927 5399 4655 5029 5285 4485 4438 5043 4585 4821 5228 5225 4906 4964 4815 4694 5008 4852 4483 5048 4985 5072 4830 5033 4336 4971 4817 4703 4846 4938 4931 4830 4747 4739 5709 5226 5413 4880 4700 4751 4536 4652 4926 4381 4684 5002 5062 4304 5139 5432 5232 5028 4982 5023 4723 4672 5047 5147 4949 5127 5133 4997 4747 5262 4916 4959 4966 4804 4862 5366 5004 4922 5046 4586
4696 5686 5316 5441 5346 5480 5300 5354 4883 5212 5651 5283 5269 5705 5256 5270 5527 5778 5449 5301 5341 5549 5593 5161 5229 5379 5407 5784 5306 5330 5734 5670 4864 5729 5494 5420 5373 5462 5234 5368 5623 5286 5367 5242 5314 5055 5420 5400 5284 5623 5378 5417 5644 5279 5395 5255 6012 5006 5724 5619 5471 5791 5224 5403 5323 4912 5243 5572 4964 5331 5181 4764 5579 5276 5434 5720 5091 5263 5452 5504 5183 5287 5387 5374 4936 5500 5312 5809 5200 5344 5645 5897 4988 5775 4962 5709 5364 5522 4911 5783 5542 5223 5588 5365 5380 5220 5594 5305 5680 5328 5086 5541 5254 5877 5363 5598 5442 5238 5034 5604 5751 5322 5059 5379 5411 5067 5229 5771 5345 5457 5710 5532 5655 4875 5283 5663 5671 5728 5061 5139 5572 5587 5794 5673 5345 6036 5066 5446 5737 5441 5712 5233 5847 5027 5557 5363 5764 5447 5432 5614 5616 5518 4973 5515 5671 5675 5401 6119 5754 5028 5676 5191 5459 5756 5178 5464 5382 5495 5749 5453 5458 5650 5074 5246 4977 5374 5700 4788 4990 5323 4867 5495 5492 5121 5405 4955 5506 4923 5476 5434 5028 5235 5803 5554 5058 5133 4756 5836 5210 4770 5472 5379 5841 5610 4907 5356 5846 5621 5678 5492 5235 5320 5010 5229 5313 4666 5117 5462 5217 4884 5625 6033 5627 5049 5674 5176 5434 5290 5386 5541 5365 5316 5355 5476 4978 5661 5108 5161 5176 5115 5384 5739 5325 5534 5787 4902
5120 5298 5271 5351 5374 5264 5477 5255 5125 5014 5269 5610 5129 5573 5085 5419 5415 5599 5317 5292 5262 5485 5568 5110 5067 5553 5351 5590 5089 5604 5484 5490 5161 5478 5399 5118 5563 5501 5088 5194 5389 5330 5226 5311 5263 5132 5294 5529 5458 5418 5477 5386 5295 5265 5253 5352 5554 4978 5726 5575 5402 5722 5143 5205 5293 4871 5270 5466 5408 5276 5344 4522 5191 5183 5282 5566 5222 5316 5260 5692 5270 5177 5475 5454 5092 5387 5110 5924 5169 5425 5791 5654 4715 5479 4748 5403 5068 4984 5173 5233 5436 5493 5615 5024 5355 5336 5633 5613 5459 5306 5147 5096 5397 5739 5426 5615 5072 5210 4968 5481 5458 5286 5210 5268 5310 5136 5200 5484 5515 5145 5643 5382 5833 4817 5225 4956 5505 5709 5044 5075 5466 5843 5525 5324 5343 5678 5244 5327 5758 5235 5796 5355 5896 4731 5291 5325 5729 5362 5496 5517 5619 5451 4958 5350 5423 5420 5272 5745 5260 4883 5183 5079 5293 5802 5355 5511 5204 5605 5564 5584 5121 5651 5169 5653 5074 5164 5456 4802 4723 5327 4857 5423 5761 5049 5411 5045 5540 4581 5486 5114 4907 5701 5833 5658 5189 5121 4637 5488 5331 4932 5138 5291 5353 5256 4783 5465 5418 5364 5508 5517 5264 5091 4983 5285 5599 4722 5167 5486 5192 4823 5470 5637 5813 4983 5427 5277 5172 4958 5618 5517 5318 5242 5578 5057 5013 5635 5089 5490 4940 5274 5508 5803 5310 5297 5522 4937
4890 5443 5472 5340 5497 5425 5285 5378 5258 5274 5300 5862 5424 5734 5351 5338 5620 5862 5527 5487 5276 5593 5462 5204 5506 5339 5337 5439 5270 5398 5866 5547 5289 5770 5447 5426 5236 5603 5063 5295 5510 5286 5242 4941 5307 5074 5494 5566 5556 5474 5457 5466 5523 5156 5260 5102 5632 5176 5583 5517 5377 5800 5055 5139 5455 4836 5182 5320 5172 5279 5566 4697 5507 5384 5558 5751 4968 5026 5574 5812 5313 5375 5503 5149 5167 5497 5342 5585 5397 5413 5520 5743 4859 5356 5509 5318 5330 5060 5309 5611 5431 5489 5620 5540 5406 5356 5434 5475 5533 5390 4913 5451 5301 5883 5691 5843 5343 5371 4989 5286 5770 5338 4977 5510 5090 5233 5099 5697 5358 5360 5409 5351 5391 4927 5323 5092 5830 5609 5025 5621 5392 5967 5649 5668 5377 5905 5247 5397 5763 5624 5628 5367 5799 4845 5576 5451 5557 5155 5437 5717 5670 5325 4949 5579 5317 5433 5293 5870 5370 5111 5344 5371 5575 5576 5022 5342 5454 5629 5563 5436 5443 5923 5169 5799 5065 5548 5455 4851 4983 5454 4809 5652 5788 5578 5506 5251 5386 4793 5457 5691 4880 5557 5578 5565 5204 5188 4980 5461 5150 5260 5534 5277 5381 5339 4935 5378 6090 5693 5693 5642 5394 5314 4972 5356 5306 4621 5083 5592 5203 5166 5682 5791 5451 5233 5607 5198 5137 5118 5627 5418 5264 5422 5518 5302 5252 5576 5207 5236 5257 5417 5232 5778 5464 5232 5641 4922
4779 5109 5267 5420 5468 5399 5375 5327 4796 5041 5436 5563 5259 5788 5023 5170 5413 5631 5374 5167 5104 5548 5286 5030 5220 5256 5157 4994 5335 5044 5755 5575 5083 5250 5459 5232 5277 5540 4911 5298 5564 5143 5116 5191 5089 5107 5148 5187 5257 5336 5287 5451 5347 4955 5063 4903 5717 5066 5363 5458 5419 5614 4865 4907 5342 4766 5038 5187 5048 5147 5087 4269 5280 5200 5270 5710 4846 4991 4972 5648 5135 5145 5131 4975 5048 5119 5198 5565 5256 5235 5566 5418 4856 5456 4912 5363 5137 5217 5070 5309 5092 5037 5532 5358 4973 5079 5466 5173 5196 5265 4973 5245 5092 5481 5476 5650 5283 5135 4928 5157 5579 5050 5055 5251 5173 5256 4973 5695 5236 5266 5426 5349 5411 4718 5220 5156 5590 5449 5101 5273 5408 5716 5571 5288 5264 5999 4988 5176 5574 5520 5459 5100 5744 4644 5032 5199 5710 5142 5270 5389 5489 5005 4891 5386 5356 5518 5467 5427 5085 5073 5289 5110 5450 5528 5200 5184 5160 5478 5338 5446 5246 5580 5215 5518 4953 5222 5403 4633 4711 5362 4872 5465 5547 5149 5213 5033 5494 4671 5251 5371 4725 5495 5523 5604 5058 4912 4888 5323 5055 4985 5082 5240 5229 5081 4778 5189 5728 5701 5364 5544 5217 5142 4727 5023 5513 4620 4901 5334 5199 4931 5497 5582 5322 4992 5224 5224 5363 5020 5178 5115 5129 5275 5362 5176 4867 5408 5204 5001 5197 5340 5048 5393 4834 5167 5355 4736
4665 5212 5132 5370 5432 5280 5209 5310 4896 4923 5374 4977 4922 5469 5135 4888 5339 5528 5096 5160 5039 5384 5259 5058 4838 5208 5130 5064 5314 5088 5765 5212 4982 5419 5326 5378 5462 5111 5049 5143 5408 5103 4984 4997 5265 4725 5196 5382 5109 5309 5408 5286 5190 5231 5134 5090 5513 4969 5524 5454 5204 5362 4913 5032 5332 4844 5301 5467 4835 5144 5259 4341 5074 4891 5161 5625 4854 4833 5191 5259 5035 5241 5343 5028 4718 5106 5086 5600 5133 5280 5387 5371 4656 5219 4908 5143 4855 4923 4787 5212 5286 5091 5360 5189 5251 4950 5298 5114 5103 5271 5010 5450 5128 5427 5026 5269 5397 5230 4855 5510 5355 5293 4983 5303 4861 4873 5149 5452 5170 5082 5197 5386 5487 5003 5073 5194 5345 5487 5073 4840 5293 5409 5428 5071 5353 5523 5017 5144 5663 5564 5497 4999 5859 4888 5220 5460 5596 5169 5214 5425 5432 5185 4803 5373 5214 5486 5249 5430 5258 5030 5086 5012 5009 5713 4776 5163 5234 5475 5360 5430 5522 5520 5157 5311 4867 5204 5479 4640 4750 5106 4697 5301 5352 4978 5141 4762 5332 4704 5118 5052 4927 5273 5438 5322 5300 4901 4658 5330 4987 4609 5045 5374 5201 5265 4808 5532 5662 5416 5719 5256 5123 4935 4738 5196 5077 4716 4846 5047 5074 4644 5545 5585 5334 4647 5335 5402 5100 4843 5344 5264 5111 5326 5341 5134 5022 5172 5034 4853 5065 5252 5304 5476 5095 5061 5319 4757
4699 5207 5050 5279 5088 4887 5019 5304 4617 4861 5207 5362 5020 5465 4954 5063 5130 5479 4730 5136 4995 5231 5097 4879 4863 4973 4993 5313 4902 5215 5316 5204 4704 5149 5052 5082 4978 5192 4985 5158 5553 4917 4901 4873 4814 4715 5037 5130 5212 4850 5308 5082 5069 4953 4891 4805 5506 4681 5314 5138 4893 5481 4716 4921 4997 4545 5177 4999 4831 5083 4967 4299 5034 5164 5313 5420 4611 5032 5071 5417 4896 5230 4930 5149 4811 5027 4834 5440 5346 4872 5244 5429 4673 5115 4463 5450 4864 5104 4987 5357 5062 5149 5455 5246 4920 5065 4981 4866 5134 5036 4708 5110 4651 5245 5102 5451 4965 5083 4940 4924 5202 4699 4655 5006 4961 4839 4846 5630 5099 5069 5162 5384 5305 4657 5083 4845 5388 5465 4824 5247 5243 5520 5310 5169 5126 5403 4781 5019 5231 4887 5392 5004 5309 4717 5146 5024 5346 5053 4953 5355 5455 5010 4862 5133 4923 5306 5157 5644 4841 4773 5217 4710 5102 5389 4890 4882 5025 5251 5078 5034 5092 5406 4960 5327 4750 4994 5315 4322 4440 5341 4909 5589 5335 5007 5171 4934 5154 4573 5073 5055 4869 5213 5287 5431 4763 5024 4601 5331 5014 4497 5092 5122 5078 5009 4751 5037 5563 5340 5133 5094 4979 5050 4756 5209 4977 4587 4809 5190 4975 4696 5275 5574 5159 4502 5139 4821 5052 4840 5270 5213 5018 4857 5154 5076 4890 5409 4805 5040 5104 5007 5108 5391 5075 4852 5074 4725
4631 5123 5165 5248 5164 5187 5219 4972 5026 4935 5429 5273 4973 5451 4843 4877 5017 5509 5368 4892 4819 5290 5085 5041 4935 5310 4932 5245 4968 5162 5591 5248 4886 5074 5005 5073 5308 5344 4963 4907 5448 5132 4803 4785 5341 4762 5045 5229 4889 5237 5099 5031 5346 5159 5090 4753 5424 4857 5368 5200 5147 5394 4762 4752 5028 4638 4946 5252 4958 5078 4996 4450 5172 5279 5349 5240 4404 5116 4954 5226 5069 5124 4875 4896 4964 5106 5077 5371 5025 5062 5448 5407 4857 5165 5055 5107 4897 5105 4951 5010 5127 5158 5437 5280 5145 5072 4915 5170 5086 5296 4764 5438 4870 5286 5385 5623 4927 5374 4887 5110 5462 4942 4539 5080 5064 4845 5027 5318 5176 4860 5146 5360 5165 4629 5106 4943 5329 5330 4910 5063 5109 5400 5417 5342 4956 5557 4972 5244 5401 5033 5526 5060 5468 4524 5105 4975 5370 4832 5250 5528 5365 4920 4773 5012 5259 5167 4908 5692 5040 4614 5135 4817 5162 5174 4839 5043 5086 5419 5223 5019 5165 5599 5099 5643 4943 5076 5390 4434 4586 5349 4656 5409 5311 5084 4954 4913 5066 4397 5123 5053 4801 5003 5186 5286 4742 4795 4607 5369 4877 4757 5046 5096 5040 5165 4505 4944 5301 5252 5107 5109 5167 5133 4666 4957 4894 4473 4676 5247 5061 4737 5348 5454 5085 4966 4993 5164 5049 4928 5248 5252 4894 4891 5265 5027 4803 5179 4840 5115 5037 4920 5059 5412 4905 5049 5273 4733
4651 5210 5214 5438 5255 5133 5225 5189 4917 4815 5268 5454 4958 5526 4945 5066 5303 5587 5105 5092 5072 5442 5147 4800 5165 5227 5065 5247 5073 5009 5372 5620 4906 5210 5142 5057 5530 5418 4947 5381 5421 5104 5067 4985 5060 5040 5074 5275 5256 5250 5212 5065 5148 5055 5199 5000 5579 4733 5394 5215 5231 5481 4901 4742 5221 4756 4839 5218 5117 5347 5215 4458 5090 5166 5395 5494 4626 4963 5089 5412 4840 5016 4868 4866 4564 5076 5060 5417 4757 5345 5437 5212 4751 5335 4837 5162 4941 5112 5103 5197 5124 4965 5159 5269 5006 4935 4978 5154 5402 5134 4665 5330 5010 5488 5534 5715 5147 5130 4763 5089 5558 5236 4821 5408 5144 5175 4852 5571 5046 5261 5126 5346 5288 4813 5130 5025 5643 5601 5081 5074 5292 5331 5367 5075 5283 5517 5444 5109 5457 5455 5485 5123 5528 4565 4944 5178 5667 5038 5179 5475 5556 4804 4829 5125 5352 5424 5068 5444 5402 5047 5391 4910 5366 5315 4916 5080 5012 5197 5410 5200 5269 5615 5017 5607 5294 5443 5297 4701 4931 5067 4732 5459 5582 5304 5284 4743 5390 4617 5110 5022 4703 5204 5366 5337 5106 4734 4610 5296 5128 4676 5295 4952 5253 5042 4917 5118 5254 5116 5288 5122 5161 5121 4588 4835 5188 4766 4736 5096 5234 4646 5169 5486 5322 4874 5401 5214 4912 4921 4895 5153 4834 5081 5189 4998 4867 4945 5078 5098 4832 4968 5339 5397 5195 4945 5252 4755
5261 5733 5491 5884 5862 5421 5396 5543 5435 5312 5570 5858 5315 6119 5518 5774 5566 5954 5811 5511 5408 5846 5683 5290 5397 5566 5508 5838 5428 5444 6183 5701 5275 5767 5585 5924 5844 5901 5444 5619 5885 5609 5388 5273 5499 5368 5419 5692 5582 5694 5920 5591 5788 5379 5527 5719 5889 5597 5854 5842 5612 5864 5173 5462 5680 5104 5509 5689 5795 5798 5669 5063 5819 5702 5859 5996 5267 5579 5412 5977 5748 5804 5775 5295 5299 5858 5720 5917 5432 5491 5893 5983 5319 6001 5289 5465 5565 5418 5485 5648 5585 5381 5804 5523 5447 5442 5673 5632 5819 5524 5193 5968 5634 5970 6074 6140 5622 5893 5409 5724 5970 5587 5118 5574 5379 5506 5585 5933 5778 5534 5630 5792 5508 5514 5624 5418 5843 6054 5416 5483 5863 5889 6029 5595 5488 6021 5435 5663 6105 5751 5907 5545 6050 5232 5680 5701 5870 5614 6005 6001 5935 5665 4983 5704 5803 5723 5732 6270 5866 5532 5688 5460 5748 5934 5178 5539 5666 5945 5810 5708 5826 6119 5490 5930 5486 5592 5973 5193 5195 5729 5108 5680 5773 5521 5499 5361 5889 4966 5508 5580 5360 5602 5968 6017 5350 5334 5113 5970 5425 5143 5703 5538 5805 5606 5121 5641 6260 5670 5529 5698 5266 5624 5131 5549 5448 5255 5289 5463 5582 5215 6122 5986 5645 5398 5702 5733 5645 5511 5615 5689 5446 5928 5634 5651 5432 5746 5519 5484 5670 5735 5635 5945 5754 5784 6105 5171
4793 5064 5200 5295 5357 4986 4918 5178 4847 4820 5200 5026 5053 5428 5109 5182 5282 5695 4997 5044 5043 4902 5259 5139 5127 5214 5114 5277 5112 5003 5293 5226 4816 5433 5162 5308 5182 5520 5006 5116 5215 4862 5059 5143 4894 4766 4868 5224 5095 5204 5077 4908 5249 4886 4814 4925 5366 4678 5046 5246 5168 5553 4859 4905 5410 4565 4798 5147 4917 5129 4837 4225 5031 5067 5355 5502 4703 4965 4918 5475 5181 4844 5104 4917 4906 5070 4764 5328 4837 4765 5479 5021 4740 5059 4761 5246 4716 5081 5116 5175 4854 4871 5428 5131 4912 4916 5136 5166 5318 4942 4539 5138 4809 5257 5303 5457 5168 4999 4949 4918 5253 4923 4692 4903 5012 5018 4864 5453 4925 5009 5197 5311 5110 4609 5069 5125 5403 5385 4614 4946 5420 5443 5257 4916 4761 5377 4819 5187 5384 5176 5455 5174 5490 4494 4910 5032 5369 4871 5182 5063 5641 4731 4790 5181 5018 5212 5302 5591 5091 4977 5269 4827 5293 5361 4896 5084 5057 5265 5177 5011 5156 5393 5046 5505 4977 4998 5168 4685 4735 5039 4386 5343 5229 5030 5308 4937 5253 4479 4858 5032 4871 5081 5148 5438 4844 4781 4623 5182 4965 4551 4984 5072 4872 4922 4764 5024 5419 5333 5347 4953 5043 5034 4641 4746 4949 4819 4795 4943 5046 4666 5324 5240 5266 4717 5192 5009 4963 4887 5326 5091 4870 5392 5351 4757 4748 5176 5061 4966 5215 4993 5121 5299 5066 5194 5348 4429
4594 5130 5073 5555 5197 5132 5173 5089 5048 4802 5150 5140 5069 5266 4949 5096 5337 5747 4953 5310 4844 5372 5072 4862 5174 5082 5040 5207 5012 4995 5317 5605 5054 5087 4890 5240 5089 5308 4774 4907 5427 5105 5167 4875 5154 4856 5178 5488 5228 5398 5425 4997 5176 4791 5101 5222 5285 5084 5554 5166 5264 5397 4971 5173 5154 4481 4893 5481 5139 5087 4906 4549 5044 4894 5383 5582 4827 4866 5186 5522 5016 5182 4893 4876 5098 5124 5094 5394 4910 4905 5508 5432 4801 4925 4715 5104 5056 5203 5099 5188 4992 4964 5351 5187 5157 4744 5037 5140 5255 5161 4686 5235 4760 5482 5301 5316 4722 5319 5077 5040 5497 4938 4689 5089 4575 4746 4979 5461 4897 5043 5198 5557 5084 4667 4996 4819 5405 5231 4724 4854 5266 5339 5487 5211 5104 5368 5272 5241 5519 5156 5342 5039 5692 4584 5197 5374 5431 5049 5573 5481 5254 5324 4729 5103 5015 5100 5157 5572 5357 4974 5190 4911 4869 5138 4782 5188 5126 5258 5263 4973 5369 5556 5008 5622 5021 5090 5474 4345 4595 5039 4607 5203 5239 5012 5101 4853 5299 4562 5060 5339 4768 5161 5012 5261 4821 4633 4567 5356 4973 4954 5611 4802 5355 4956 4633 5137 5592 5471 5074 5205 5225 5118 4790 4939 4886 4592 4896 5217 4935 4923 5192 5298 5122 5138 5220 5072 4961 4741 5376 5090 5034 5268 5165 4984 4800 5201 4798 4987 5006 5203 5219 5281 4942 5126 5421 4580
4933 5269 5061 5474 5467 5191 5311 5295 5141 5147 5444 5499 4891 5846 5148 5251 5264 5588 5293 5388 5225 5539 5103 5279 5460 5500 5300 5487 5209 5243 5658 5605 5042 5323 5442 5423 5566 5596 5024 5480 5664 5154 5111 5053 5106 4944 4893 5198 5346 5729 5525 5374 5270 4950 5134 4989 5595 4963 5550 5406 5239 5547 4856 5140 5389 5037 5027 5072 5174 5267 5234 4549 5101 5241 5324 5862 5042 5056 5461 5586 4895 5279 5301 5125 4795 5094 4976 5612 5144 5021 5403 5532 4941 5444 4862 5328 5037 5080 5124 5174 5270 5067 5238 5237 5228 5282 5283 5316 5407 5468 4843 5557 5358 5754 5289 5762 5195 5185 5316 5287 5602 5161 4951 5070 5175 5019 5227 5783 5404 5416 5559 5431 5584 4895 5176 5017 5410 5625 5054 5531 5311 5676 5799 5410 5401 5685 5103 5149 5693 5496 5355 4905 5791 5035 5148 5441 5415 5086 5250 5447 5711 5110 4857 5679 5351 5491 5236 5835 5568 4961 5232 4933 5459 5460 4939 5302 5389 5346 5464 5318 5159 5770 5226 5589 5162 4969 5663 4894 4858 5334 4970 5468 5495 5320 5124 4891 5173 4919 5262 5233 4535 5236 5391 5486 5205 4839 4800 5357 5103 5147 5037 5347 5397 5253 4956 5192 5558 5194 5411 5206 5034 5162 4836 5280 5194 4816 5052 5288 5168 4860 5344 5566 5404 5070 5243 5353 5183 5152 5443 5201 5056 5256 5282 5303 5141 5235 5093 5043 4817 5307 5256 5678 5304 5138 5591 4922
5026 5535 5504 5586 5276 5229 5271 5490 5223 5125 5256 5527 5132 5641 5319 5399 5558 5558 5377 5546 5347 5656 5529 5315 5167 5425 5121 5670 5327 5227 5684 5444 5020 5618 5547 5361 5760 5553 5236 5496 5307 5487 5175 5146 5425 5113 5328 5527 5615 5451 5473 5173 5282 5061 5452 5275 5819 5184 5617 5526 5222 5653 4964 5300 5496 5096 4954 5316 5106 5350 5483 4697 5648 5121 5420 5712 4806 5165 5353 5634 5447 5082 5374 5200 5156 5166 5200 5667 5132 5210 5704 5475 4783 5404 5139 5474 5067 5477 4958 5357 5139 5273 5376 5396 5420 5454 5561 5433 5524 5163 5183 5410 5176 5789 5392 5373 5065 5349 5092 5492 5677 5079 5167 5497 5369 5250 5379 5584 5281 5455 5545 5501 5698 4905 5404 5176 5539 5801 5037 5432 5662 5574 5579 5252 5369 5661 5326 5255 5638 5173 5684 5339 5794 5075 5224 5523 5650 5595 5601 5901 5630 5418 5049 5296 5265 5434 5419 5794 5374 5177 5441 4954 5544 5754 5150 5387 5430 5642 5183 5536 5413 5701 5152 5924 5191 5416 5500 4978 5086 5160 4724 5383 5704 5462 5385 5334 5566 4594 5385 5309 4806 5348 5736 5481 5093 5065 4932 5501 5306 4839 5308 5220 5259 4972 4944 5104 5634 5374 5702 5396 5326 5367 5002 5269 5408 4748 5373 5565 5186 4760 5727 5828 5448 5042 5602 5387 5374 5637 5375 5358 5013 5334 5570 5271 4940 5661 4918 5208 5000 5331 5405 5685 5526 5399 5771 4883
5303 5704 5477 5807 5927 5502 5679 5641 5279 5311 5758 5942 5637 5999 5661 5322 5686 6221 5608 5617 5635 5944 5928 5420 5578 5887 5575 6039 5699 5641 6383 5713 5221 5805 5815 5639 5790 5898 5542 5778 5733 5388 5314 5407 5554 5515 5688 5884 5703 5631 5960 5893 5695 5372 5672 5566 6353 5424 6097 5747 5901 6173 5250 5494 5777 5170 5357 5845 5465 5758 5672 4954 5927 5860 5825 6012 5423 5380 5781 6022 5665 5809 5817 5598 5346 5639 5657 6014 5655 5517 5750 6258 4844 5704 5174 5532 5549 5694 5338 5862 5565 5533 5862 5686 5787 5624 5682 5864 5725 5643 5262 5793 5408 6172 5852 6008 5903 5558 5441 5687 5930 5659 5197 5602 5584 5632 5499 6226 5592 5700 6049 6038 5653 5392 5740 5439 5841 6179 5441 5876 5706 5774 5946 5561 5556 5988 5629 5478 6038 5560 6084 5617 6091 5443 5778 5680 5889 5649 5935 5941 5926 5602 5196 5655 5707 5711 5933 5975 5789 5187 5756 5332 5589 6110 5483 5633 5763 5845 5965 5687 5687 6220 5357 6051 5544 5685 5937 5161 5360 5572 5133 6019 5927 5610 5489 5332 5691 4874 5809 5561 5176 5493 5732 6101 5445 5310 4969 6103 5513 5147 5810 5566 5789 5447 5235 5625 6093 5808 5927 5675 5594 5610 5392 5497 5624 5313 5391 5457 5540 5060 5829 6320 5884 5712 5647 5602 5447 5673 5692 5654 5540 5602 5966 5729 5247 5740 5389 5571 5599 5670 5512 5898 5464 5711 5877 4981
4760 4900 4763 4971 5066 4821 4581 5087 4379 4483 4932 5035 4815 5461 4703 5098 4867 5104 4886 4664 4919 5430 4655 4609 4836 5000 4735 4990 4451 4689 5228 5022 4564 4781 4936 4922 4838 4959 4838 4773 5109 4995 4804 4555 4776 4744 4790 4918 4929 4666 4996 4794 4662 4657 4841 4659 5127 4600 4939 5083 4767 5211 4691 4811 4822 4592 4874 4989 4832 4695 4863 4060 5021 4778 5086 5167 4457 4576 4825 4987 4680 4731 4902 5001 4709 4812 4738 5019 4786 4957 5095 5041 4582 5029 4482 5069 4859 4697 4632 4908 4739 4833 5098 4515 4740 4916 4885 4785 4747 4706 4523 4803 4646 5214 5001 5370 4828 4987 4575 4944 4872 4708 4577 4911 4906 4700 4851 5201 4795 5110 5098 5297 5025 4423 4689 4928 5101 5033 4484 4932 4922 5084 5222 4975 4682 5174 4791 4852 5165 4703 5174 4958 5115 4178 4993 4930 5164 4905 4942 4986 5174 4829 4532 5029 4997 5110 4941 5499 4798 4696 4613 4593 4969 5286 4624 4898 4892 4851 4885 4749 4868 5084 4792 5172 4762 4698 5145 4441 4315 4723 4431 5105 5267 4850 4630 4749 4938 4287 4912 4837 4519 5053 5327 5144 4759 4542 4571 4898 4432 4350 4729 4862 4854 4882 4788 4771 5164 4942 5028 4866 4611 4704 4509 4761 4730 4208 4463 4833 4535 4458 5023 5012 4859 4705 5032 4950 4875 4674 4947 4707 4642 4916 4852 4752 4712 4885 4336 4750 4715 4816 4742 5141 4805 4913 5293 4687
5261 5460 5545 5478 5613 5396 5408 5467 5212 5302 5658 5736 5561 5822 5298 5479 5530 5749 5580 5338 5494 5789 5507 5291 5282 5635 5324 5816 5195 5331 6008 5510 5050 5607 5422 5807 5640 5746 5402 5467 5653 5344 5230 5218 5499 5082 5419 5585 5526 5519 5467 5487 5401 5457 5275 5386 5859 5316 5652 5552 5602 5740 5187 5261 5356 5209 5444 5677 5099 5478 5252 4856 5639 5382 5765 5787 5059 5270 5337 5574 5212 5384 5693 5319 5214 5604 5711 5900 5576 5391 5615 5686 5258 5619 5070 5264 5392 5565 5318 5632 5422 5292 5866 5360 5412 5427 5379 5387 5605 5335 5234 5573 5080 5753 5694 5560 5306 5558 5402 5755 5664 5575 5222 5406 5364 5157 5304 5672 5396 5380 5610 5840 5516 4689 5439 5263 5567 5604 5228 5614 5758 5853 5915 5366 5195 5734 5226 5382 5652 5459 5702 5507 6003 4825 5546 5592 5846 5343 5723 5885 5712 5488 5116 5422 5329 5902 5266 6246 5528 5587 5355 5351 5723 5654 5194 5523 5384 5499 5482 5369 5466 5773 5516 5614 5265 5347 5555 5052 4977 5270 5035 5797 5883 5343 5468 5456 5488 4798 5380 5674 5337 5716 5853 5742 5171 5221 4831 5655 5086 5114 5674 5594 5766 5520 5230 5394 6160 5572 5727 5473 5421 5288 5109 5421 5371 4822 5050 5625 5561 4906 5606 5594 5584 5231 5558 5268 5489 5228 5648 5347 5380 5556 5736 5199 5171 5686 5049 5174 5369 5417 5386 5746 5383 5366 5770 4852
4921 5184 4964 5333 5338 4851 5007 5399 4921 4905 5148 5469 5326 5419 5072 5006 5334 5552 5193 5104 5054 5460 5188 4821 5021 5406 4752 5154 5184 5050 5644 5249 4621 5404 5434 5292 5047 5394 5163 5225 5310 4967 5002 4893 5035 4883 4973 5365 5322 5007 5092 5186 5189 5034 4995 4848 5690 4868 5314 5253 5319 5545 4783 5091 5101 4695 4920 5137 4911 5090 4803 4267 5069 5185 5181 5318 4570 4898 5101 5429 5122 4972 5352 5032 5016 5129 4933 5193 5023 5172 5187 5398 4622 5044 4746 5328 5050 5194 4952 5025 4970 4989 5108 5140 4828 5114 5381 5223 5383 5148 4885 5470 4953 5359 5280 5523 5291 5012 4916 5273 5296 5099 4908 5231 4917 4965 4728 5325 5141 5158 5401 5221 5295 4726 5128 5206 5377 5611 4946 4900 5058 5420 5529 5178 5067 5476 4863 5022 5478 5065 5468 5112 5577 4634 4889 5400 5466 4928 4810 5131 5267 5116 4927 5245 5027 5397 5466 5558 5165 4979 5240 4762 5207 5583 4824 5035 4862 5452 5102 5285 5215 5508 4823 5331 4775 5179 5424 4671 4574 5015 4713 5566 5393 5191 5407 5096 5162 4655 5049 5238 4807 5123 5201 5436 4967 4919 4539 5165 4889 4719 5133 5268 5507 4984 5010 4809 5570 5379 5237 5311 4869 5097 4928 4854 4928 4757 4729 5168 5021 4534 5481 5463 5222 4796 5170 5063 4895 5031 5387 5015 4847 5182 5195 4905 4968 5300 4910 4616 5029 4846 5119 5351 5188 4979 5510 4771
4690 5424 5353 5424 5386 5105 5081 5108 5065 5046 5538 5470 4934 5886 5060 5150 5316 5607 5534 5490 5387 5524 5435 5239 5386 5373 5192 5400 5248 5138 5840 5347 4999 5207 5288 5241 5535 5487 5128 5490 5532 5201 5061 5043 5255 4958 5207 5500 5343 5323 5305 5231 5367 5201 5153 4860 5770 4948 5498 5389 5265 5508 5036 5370 5279 4771 5225 5269 5122 5021 5003 4501 5308 5487 5670 5444 4776 4988 5641 5519 4987 5289 4939 5261 5032 5240 5040 5767 5234 5362 5468 5680 4842 5625 5118 5357 5167 5396 5169 5498 5333 5324 5608 5412 5389 5181 5253 5213 5207 5375 4916 5381 5266 5409 5578 5388 5140 5295 5035 5436 5572 5386 4899 5398 5384 5308 5325 5608 5345 5166 5168 5319 5435 4731 5253 5103 5666 5575 5138 5070 5533 5656 5604 5284 5208 5638 5160 5271 5403 5522 5718 5178 5744 4902 5281 5261 5541 5284 5361 5597 5480 5029 4638 5246 5255 5662 5169 5699 5270 5028 5371 4933 5301 5526 5143 5362 5274 5359 5270 5338 5504 5907 5155 5525 4944 5238 5495 4708 4847 5392 4895 5652 5451 5401 5344 5072 5272 4841 5364 5316 4802 5538 5627 5538 5012 4726 4709 5796 5123 4953 5299 5419 5364 5515 4961 5048 5775 5325 5481 5246 5314 5257 4793 5268 5170 4720 4938 5138 5099 4741 5500 5710 5339 5016 5436 5280 5154 5219 5541 5437 5365 5160 5595 5296 4961 5472 4943 5180 5300 5341 5139 5495 5378 5336 5557 4787
4771 5050 5196 5144 5079 5050 4893 4962 4808 5033 5146 5314 4920 5426 5079 5055 5139 5763 4927 4958 4764 5316 5300 5184 4985 5222 4861 5392 4961 4949 5581 5257 4776 5234 5224 5252 5389 5146 5127 5123 5262 5201 5110 4834 5208 4886 5074 5389 5018 5184 5165 5023 5161 5058 4777 4921 5495 4965 5147 5162 5020 5300 4902 4755 5438 4638 5062 5336 5062 5114 4960 4369 5167 5319 5294 5357 4478 4904 5032 5292 5021 5038 5230 4834 4926 5060 5022 5379 4988 5186 5421 5330 4688 5088 4758 5092 5190 5283 5116 5191 4912 5249 5416 5366 5103 4947 4935 5084 5223 5138 4795 5266 4790 5311 5126 5309 5159 5503 4647 5127 5453 4829 4876 5053 5139 5039 5214 5443 5139 5059 5261 5073 5349 4596 5352 5039 5264 5364 4806 5221 5097 5518 5525 5213 4949 5275 5105 5013 5335 5026 5281 5193 5308 4473 5216 4981 5269 4897 5189 5256 5404 5126 4745 5133 4989 5468 5321 5558 5133 5037 5185 4656 5151 5182 4683 5160 5280 5276 5105 5075 5012 5387 5181 5338 4972 5113 5445 4685 4678 5191 4519 5207 5331 4857 4947 4752 5010 4478 5112 5248 4825 5217 5250 5224 4858 4660 4681 5151 4907 4540 5040 5092 5360 5030 4786 4995 5603 5261 5287 5182 4834 4825 4633 4892 4973 4625 4776 5037 4976 4669 5386 5601 5271 4826 5061 4997 5051 4862 5265 5106 4816 5271 5272 5084 4907 5370 4857 5195 5041 4869 4976 5479 5147 4812 5436 4508
4604 4912 4748 5339 5013 4733 4777 4944 4651 4848 4907 5095 4756 5523 5039 5071 5132 5429 4931 5100 4696 5400 5072 4783 4968 5245 4899 5043 4774 4720 5384 5227 4773 5017 5249 5090 4941 4964 4805 5205 5046 4787 4930 4774 5107 4646 4881 4863 4862 4870 4912 4988 4907 4666 4829 4681 5494 4899 5374 4885 5009 5240 4600 5156 5103 4550 4650 5055 4827 4965 5102 4292 4977 5051 4929 5448 4718 4595 5075 5029 5007 4878 5097 4926 4604 4982 4677 4973 4778 4992 5196 5391 4692 5143 4408 5082 4805 4803 4694 5079 4778 4965 5307 4909 4832 5004 4968 5101 4946 4771 4442 5117 4643 5237 4709 5200 4967 4936 4847 5178 5235 5163 4552 4953 4953 4755 4894 5137 5039 5136 5058 4955 5401 4465 4936 4697 5161 4883 4714 4800 5232 5194 5137 5103 4779 5166 4966 4859 5166 4677 5183 4961 5363 4551 4931 4994 4973 4803 4886 5088 5025 5138 4553 4874 4994 5264 4910 5350 4809 5051 4864 4764 5009 5124 4775 4864 4805 5043 5372 5042 5279 5270 4767 5091 4879 4876 5130 4673 4556 4802 4480 5032 5212 4861 4790 4584 5058 4417 5094 4766 4501 4852 5177 5374 4923 4723 4646 5230 4505 4579 4652 4667 5054 4853 4785 4914 5157 4913 5245 4708 4842 4593 4204 5103 4934 4430 4573 4671 4738 4622 5040 5376 4989 4598 5443 4922 4866 5042 5220 5116 5035 4969 5214 4912 4637 4974 4395 4865 4817 4860 4790 5051 5027 4820 5216 4628
4642 4910 4751 4698 5118 4533 4596 4845 4641 4763 4789 4840 4735 5243 4719 4741 4846 5095 5208 4797 4893 5066 4892 4679 4586 4665 4683 4829 4797 4713 5207 5205 4655 4854 4971 4920 5112 5003 4505 4912 5012 4721 4735 4565 4748 4645 4748 5008 4822 4835 4936 4854 4632 4925 4836 4900 5192 4622 5074 4841 4953 5389 4551 4708 4780 4475 4599 4834 4784 4877 4763 4313 4820 4878 5036 5166 4602 4681 4969 4958 4828 4977 4859 4651 4695 4983 4584 4936 4565 4772 4979 4946 4361 4587 4563 4923 4674 4664 4754 4798 4903 4824 4850 4876 4578 4695 4738 4828 4918 4797 4341 4851 4872 5031 4928 5166 4926 4804 4676 4824 5132 4699 4359 4674 4709 4768 4634 5156 4844 4893 4942 4967 4770 4605 5050 4832 4978 5178 4730 4867 5120 5051 5111 4891 4854 5202 4648 4982 4989 4940 4971 4906 5259 4200 4818 4784 5110 4971 4760 4854 5209 4736 4538 4643 5014 4877 4922 5045 5117 4664 4680 4751 4737 4906 4557 4899 4861 5097 5197 4848 4889 5259 4722 5094 4768 4841 4994 4278 4388 4724 4324 4803 4858 4604 4814 4522 4763 4189 4907 4688 4290 4985 5141 5049 4664 4603 4370 5075 4938 4476 4715 4808 4761 4937 4439 4705 5112 5031 4879 4861 4767 4673 4376 4771 4618 4369 4430 4944 4699 4255 5023 5128 5093 4530 4999 4686 4424 4693 5008 4804 4760 4804 4897 4664 4374 4640 4632 4774 4747 4620 4702 4745 4660 4633 5096 4533
4772 5037 4955 5026 5412 4918 4922 4993 4863 4617 5230 5301 5037 5425 4782 4839 5190 5458 4812 4890 4945 5404 5027 4968 4892 5060 4935 5390 4984 5151 5470 5181 4754 5058 5147 4959 4899 5048 5002 5025 5383 5138 4837 4815 4920 5041 5044 5463 4901 5214 5070 5045 5010 4823 4830 5068 5402 4830 5313 5045 4870 5629 4826 4900 5127 4672 4817 5225 4743 4869 4823 4401 5080 5023 5381 5043 4686 4747 5366 5447 5036 4755 5039 4839 4908 5078 4886 5132 5021 5119 5348 5227 4668 5187 4591 4983 4943 5188 4625 5141 4848 5167 5380 5027 5245 4998 5109 4916 4924 4997 4818 5110 4579 5063 5035 5212 4837 5162 4822 4993 5244 4864 4627 5047 4824 4730 5008 5486 4810 5083 5166 5294 5247 4700 4765 4735 5364 5341 4660 4927 5264 5470 5487 4909 5029 5209 4997 5038 5076 5080 5490 5200 5401 4494 4962 4885 5248 4879 5161 5279 5317 4783 4613 4995 4882 5152 5122 5516 4867 4784 4889 4793 5272 5309 4925 5048 4928 5154 5124 5039 5037 5400 4980 5163 4762 4910 5065 4692 4750 4738 4608 5201 5208 4928 4884 4597 5097 4485 5012 4843 4586 5285 5301 5591 4613 4795 4522 5218 4763 4741 5061 5052 5408 4905 4648 5001 5386 4948 5061 5131 4728 4898 4417 4902 5074 4329 4777 5061 4947 4411 5121 5236 5098 4843 5082 4859 4783 4740 5284 5147 4830 4884 5221 4990 4830 5049 4783 5002 5026 4823 5034 5141 5183 5092 5104 4728
4856 5115 4939 5486 5544 5204 5074 5507 5016 4956 5306 5687 5168 5591 5246 5657 5254 5731 5258 5484 5179 5362 5397 5249 5234 5367 5164 5424 4997 5246 5984 5588 4901 5316 5288 5412 5407 5545 5395 5380 5509 5269 5196 4779 5113 5109 5303 5476 5242 5403 5500 5399 5211 5291 5223 5105 5693 5123 5418 5570 5211 5798 4978 5037 5319 5005 5227 5660 5191 5302 5067 4671 5319 5255 5326 5826 4849 5107 5148 5590 5304 5492 5530 5377 5126 5317 5089 5487 5054 5367 5580 5406 4955 5461 5016 5215 4988 4946 5024 5093 5172 5248 5621 5134 5493 5234 5463 5509 5462 5315 5030 5146 5001 5459 5250 5968 5344 5226 5058 5372 5429 5029 5132 5212 5252 5206 5103 5554 5147 5320 5300 5583 5497 4882 5375 5248 5523 5396 4748 5084 5428 5480 5652 5328 5237 5664 4883 5012 5691 5501 5282 5231 5875 4762 5272 5631 5305 5132 5456 5612 5620 5323 4738 5554 5136 5487 5516 5817 5376 5113 5345 5192 5099 5629 5131 5344 5016 5379 5523 5410 5411 5355 5133 5795 5129 5485 5706 4791 4993 5225 4662 5423 5515 5087 5229 5107 5465 4881 5178 5297 4961 5409 5307 5279 5210 4934 4735 5553 5081 4656 5335 4922 5402 5313 4855 5162 5378 5218 5400 5347 5076 4946 4456 5128 5197 4885 4845 5186 4912 5004 5270 5701 5435 4849 5443 4935 5341 5296 5722 4970 5000 5412 5641 5112 4894 5092 5111 4843 5104 5431 5189 5662 5147 5099 5763 4894
4802 5223 5017 5347 5141 4969 4962 4925 4779 5002 5101 5214 5004 5561 4759 5214 4919 5544 5069 5140 4783 5067 5128 5037 5032 5038 5048 5113 5017 4934 5536 5241 4948 5363 5277 5245 5155 5076 5054 5299 5332 5123 5018 4769 5133 4912 5085 5233 5128 5240 5137 5070 5028 4836 4857 4918 5459 5070 5409 5353 5057 5619 4822 5012 5211 4730 4796 5252 4844 5067 4900 4359 5189 5068 5283 5474 4758 4894 5068 5417 5038 5175 5268 5119 4977 5133 4897 5453 5033 4867 5300 5236 4746 5059 4732 5238 4898 5065 5016 4975 4912 5117 5432 5054 5042 4990 4935 5106 5198 4801 4729 5079 4670 5225 4985 5506 5027 5077 4891 5076 5246 4985 4666 5144 4923 5141 4742 5713 4800 5038 5352 5177 5273 4504 5088 4669 5427 5156 4786 5032 5250 5276 5381 5114 4985 5193 4794 4769 5354 4995 5345 5174 5560 4638 4834 5103 5425 4853 5244 5311 5406 5182 4618 5062 4983 5238 5329 5307 5163 5097 5087 4869 5450 5164 4835 5169 4887 5045 5099 5204 5065 5422 4869 5489 4904 5231 5174 4499 4574 5003 4620 5359 5285 5125 4944 4750 5252 4627 5274 4866 4798 5003 5242 5479 5035 4932 4458 5202 4729 4673 4973 4846 5053 5076 4408 4828 5322 5157 5217 4959 4933 4922 4621 4952 4965 4678 4994 5195 4924 4610 5345 5415 5047 4692 5096 5103 5132 4855 4976 4966 4981 5201 5259 5011 4905 5088 4936 5201 5058 4941 4716 5259 4988 5134 5428 4825
4782 5210 4986 5037 5035 5039 4829 5078 4864 4644 5176 5199 4847 5514 4897 4990 5043 5307 5021 5155 5001 5146 5081 4859 4916 5159 5106 5051 4961 5110 5407 5175 4653 5250 4884 5234 5029 5215 5072 5281 5201 5101 4937 4941 5084 4688 5154 4944 5061 4940 5110 4679 5058 5006 4952 4836 5350 4759 5265 5373 5094 5409 5067 4676 4895 4565 4815 5181 4963 4881 4534 4311 5362 5247 5086 5401 4480 4851 4958 5434 4965 4912 4978 4952 4762 4887 5015 5288 4770 5047 5300 5494 4655 5069 4719 5338 4912 5068 4797 5159 5008 4881 5243 4825 5046 4926 5132 4846 5145 4840 4776 5338 4780 5229 5163 5373 5221 5059 4770 5106 5508 4864 4775 5386 5139 4924 4792 5734 4965 5142 5215 5482 5143 4687 5011 5068 5332 5166 4743 5059 5182 5572 5224 5057 4987 5580 4779 5077 5435 5264 5613 4984 5478 4451 5148 5341 5310 4964 5272 5347 5498 4970 4692 4979 5157 5358 5064 5659 5079 5113 5087 4743 5172 5381 4696 5134 4887 5198 5289 5093 5427 5419 4762 5369 5120 5032 5236 4780 4626 4994 4401 5412 5327 4789 5022 4779 5139 4463 4845 5112 4612 5130 5545 5317 4884 4773 4728 5174 4890 4389 5128 4950 5080 5226 4835 5201 5470 5199 5192 4814 4976 5157 4755 4954 4826 4589 4642 4929 4971 4530 5443 5447 5254 4354 5364 5095 4771 4580 5140 5014 4864 4795 5326 4785 4521 5122 4618 4906 5101 5031 5031 5281 5084 5007 5170 4719
5080 5472 5337 5670 5461 5434 5612 5346 5075 5391 5511 5384 5241 5612 5264 5446 5459 6041 5272 5462 5121 5790 5637 5368 5596 5658 5329 5648 5548 5431 5991 5871 5419 5485 5485 5644 5438 5475 5341 5434 5605 5230 5417 5155 5369 5221 5584 5507 5303 5527 5538 5269 5430 5440 5314 5389 5844 5181 5753 5524 5611 5750 5344 5285 5636 4923 5357 5373 5303 5370 5389 4697 5385 5416 5772 5680 5068 5187 5591 5737 5389 5395 5490 5425 5257 5407 5233 5791 5436 5307 5431 5659 5074 5387 5105 5594 5401 5590 5182 5530 5233 5354 5615 5422 5253 5393 5687 5595 5681 5564 5108 5823 5112 5900 5490 5726 5306 5588 5402 5453 5657 5195 4948 5494 5152 5394 5391 5806 5301 5322 5588 5415 5488 4998 5527 5452 5878 5777 5248 5456 5764 5936 5773 5456 5294 5803 5244 5439 5938 5793 5834 5355 5822 4988 5315 5340 5899 5348 5706 5518 5618 5473 4832 5410 5569 5632 5392 5664 5339 5103 5623 5165 5492 5924 4942 5473 5331 5788 5666 5677 5808 5823 5254 5676 4950 5588 5701 4882 4826 5460 4935 5601 5851 5287 5738 5073 5570 4805 5260 5448 5040 5342 5318 5630 5269 5331 4794 5572 5333 5129 5577 5536 5550 5451 4963 5278 5786 5814 5680 5558 5482 5349 5114 5346 5469 4918 5215 5440 5136 4793 5526 5747 5614 5232 5626 5454 5478 5357 5355 5359 5437 5530 5474 5355 4930 5362 5302 5408 5483 5631 5676 5931 5458 5399 5777 4815
5226 5243 5361 5355 5641 5358 5492 5579 5132 5298 5661 5619 5487 5816 5503 5203 5701 5680 5412 5436 5200 5764 5328 5359 5560 5537 5238 5524 5487 5272 5619 5764 5186 5619 5541 5482 5597 5579 5331 5221 5776 5379 5296 5155 5664 5125 5440 5601 5450 5444 5440 5194 5245 5073 5666 5319 5712 5019 5602 5640 5689 5868 5196 5479 5285 5094 5280 5559 5319 5287 5374 4615 5578 5368 5588 5772 4967 5177 5399 5680 5370 5526 5434 5319 5111 5391 5073 5500 5555 5229 5576 5902 4954 5412 5050 5476 5143 5213 5209 5388 5440 5341 5412 5443 5429 5358 5274 5242 5717 5250 5195 5669 5156 5650 5482 5841 5581 5413 5437 5314 5692 5475 4973 5631 5475 5024 5197 5866 5209 5497 5663 5821 5743 4939 5670 5426 5796 5725 5119 5474 5604 5905 5778 5801 5226 5852 5296 5375 5720 5537 5980 5289 5746 4819 5658 5435 5602 5460 5488 5835 5659 5395 4841 5241 5631 5399 5357 6188 5400 5213 5341 5322 5553 5681 5093 5514 5414 5390 5553 5623 5473 5674 4993 5712 5229 5513 5568 5210 4806 5454 4945 5549 5759 5457 5453 5157 5614 4650 5655 5360 5031 5452 5664 5690 5194 5172 5164 5736 5159 4918 5747 5139 5438 5513 5038 5367 5924 5497 5574 5352 5392 5436 5021 5361 5355 4869 5148 5510 5187 4889 5466 5708 5625 5083 5509 5440 5443 5435 5628 5384 5140 5322 5544 5281 5058 5568 5081 5217 5426 5332 5524 5673 5413 5559 5679 4975
5118 5540 5450 5368 5680 5262 5502 5500 5122 5377 5377 5421 5429 5674 5085 5127 5584 5830 5603 5350 5190 5392 5628 5436 5470 5346 5206 5736 5275 5512 5882 5768 5179 5621 5555 5477 5416 5665 5124 5340 5874 5180 5162 5148 5318 5405 5193 5532 5455 5394 5264 5410 5365 5201 5323 5493 5851 5153 5687 5623 5318 5809 5345 5223 5663 4733 5125 5355 5114 5243 5155 4404 5360 5512 5509 5788 5025 5295 5414 6007 5070 5393 5424 5419 5010 5514 5218 5458 5361 5247 5570 5775 4890 5384 5114 5472 5318 5595 5317 5762 5201 5524 5270 5564 5170 5473 5319 5422 5406 5249 5110 5827 4987 5870 5462 5691 5212 5416 5380 5298 5946 5354 4956 5413 5025 5041 5100 5768 5130 5478 5668 5390 5653 4667 5441 5193 5740 5678 5084 5690 5733 5653 5715 5277 5507 5877 5386 5546 5668 5402 5691 5222 5725 4816 5495 5414 5779 5267 5468 5754 5871 5317 5074 5068 5302 5366 5370 5859 5253 5173 5307 5098 5552 5621 5068 5380 5334 5678 5646 5567 5371 5788 5122 5442 4946 5192 5874 4667 5091 5235 4762 5788 5591 5276 5442 5128 5603 4748 5256 5399 4945 5425 5512 5791 4988 5138 4871 5757 5015 4965 4984 5466 5513 5414 5109 5340 5690 5633 5495 5668 5582 5288 5013 5225 5215 4851 5130 5497 5202 4794 5420 5937 5401 5205 5414 5116 5203 5078 5352 5520 5085 5265 5357 5206 4893 5320 5064 5072 5244 5453 5124 5674 5263 5569 5386 4796
4747 5202 5038 5219 5252 4935 5115 5068 4740 4674 5390 5100 5098 5475 4788 4998 5268 5418 5228 4958 5280 5407 5076 5046 5080 5293 4727 5169 5046 4967 5578 5306 4812 5258 5277 5038 5151 5201 4855 5142 5286 4746 5021 4794 4783 4564 4889 5302 4959 5271 5176 5115 5082 4815 4963 4917 5386 4861 5336 5061 5136 5534 4677 4783 5235 4671 4827 5107 4824 5015 4871 4230 5114 4993 5374 5242 4636 4947 5133 5384 4985 4784 5047 4933 4929 5255 4942 5370 4937 4770 5198 5034 4629 5077 4567 5238 4957 5034 4969 4999 5038 4969 5169 4866 5165 5004 5073 5213 5331 5056 4626 5113 5117 5372 5341 5385 4909 5089 4884 5026 5424 5050 4617 4907 4801 4937 4878 5370 4976 4933 5444 5434 5020 4406 4988 4958 5375 5335 4900 5043 5315 5572 5558 4978 4945 5341 4873 5116 5135 4994 5186 5005 5377 4465 5129 5019 5039 4782 5046 5202 5374 4910 4598 5053 4995 5260 5004 5571 5128 4699 5161 4988 4993 5468 4521 5090 5032 5276 5123 5319 4891 5417 5039 5359 4864 4942 5128 4547 4801 5150 4712 5126 5434 5042 5058 4780 5159 4630 4954 4928 4636 4873 5495 5143 4796 4696 4628 5205 4832 4712 5094 5189 5189 5062 4626 4740 5227 4938 5393 5153 5040 5095 4747 4953 4847 4483 4726 4986 5099 4712 5191 5316 5064 4751 5161 4988 5269 4637 5426 4910 5014 5176 5247 4732 4658 5252 4811 4966 4662 4629 5067 5268 4952 5012 5220 4445
4739 5092 5259 5281 5461 5178 5203 5241 5191 4919 5337 5361 5177 5393 4864 5084 5386 5594 5426 5203 5134 5572 5187 4939 5077 5436 5164 5270 5112 4990 5841 5428 4989 5433 5369 5353 5334 5509 5110 5231 5346 4955 5151 4966 4856 4964 5194 5143 5193 5371 5279 5528 5197 4954 4966 4768 5485 4962 5302 5463 4942 5559 4958 5073 5238 4544 5035 5292 5097 5020 5285 4442 5344 5157 5275 5332 4860 4956 5369 5518 4865 5321 5372 5259 4836 5030 5015 5614 5271 5199 5264 5442 4828 5230 4792 5341 5043 5172 5325 5021 5087 5299 5477 5264 5289 5198 5257 5191 5244 5264 4885 5434 5014 5469 5154 5565 5476 5367 5330 5395 5362 4877 4747 5165 5079 4860 4895 5510 5423 5169 5432 5139 5314 4501 5038 5145 5584 5383 5038 5268 5341 5715 5334 5277 5326 5615 5045 5253 5427 5197 5343 5149 5698 4466 5145 5240 5415 5207 5259 5496 5658 5190 4744 5176 5034 5553 5171 5757 5181 4876 5110 5054 5104 5683 4908 5300 5092 5212 5406 5150 5078 5822 4930 5273 5079 5241 5416 4765 4906 5404 4549 5395 5461 5264 5257 5050 5568 4644 5300 5370 4772 5290 5624 5408 4932 4955 4756 5443 4748 4853 5052 5249 5253 5130 4916 5026 5577 5188 5268 5417 5426 5260 4568 5356 5097 4700 4839 5095 5062 5083 5408 5368 5316 5235 5151 5218 5126 5042 5607 5076 5038 5227 5331 5359 5004 5388 4844 4935 5052 5032 5297 5300 5206 5086 5537 4819
4961 5379 5250 5333 5346 5148 5307 5171 5118 5398 5269 5414 5300 5649 5164 5216 5570 5743 5311 5119 5007 5527 5580 5185 5226 5493 5120 5524 5404 5252 5780 5642 5151 5298 5277 5329 5099 5714 5310 5149 5590 5289 5122 5153 5180 5028 5323 5231 5350 5124 5533 5228 5243 4970 5276 5317 5575 5025 5468 5575 5423 5596 5133 5017 5264 4872 5092 5276 5309 5181 5345 4683 5349 5258 5652 5665 4634 4748 5402 5551 4992 5042 5330 5005 5163 5540 5154 5705 5392 5306 5346 5620 4706 5354 5007 5410 5214 5315 5242 5526 4976 5160 5285 5361 5096 5616 5220 5202 5568 5582 5123 5531 5085 5526 5603 5711 5245 5196 4891 5315 5596 5171 4758 5362 5258 5067 5129 5744 5146 5277 5473 5430 5376 4843 5103 5078 5566 5521 4919 5515 5280 5802 5688 5199 5452 5671 5219 5288 5749 5335 5663 5182 5883 4652 5217 5484 5530 4998 5269 5518 5539 5046 5102 5131 5114 5220 5330 5680 5409 5255 5295 4983 5525 5538 4832 5135 5388 5735 5434 5408 5244 5582 5142 5623 4872 5056 5339 4818 4938 5483 4605 5529 5545 5337 5442 5256 5371 4758 5233 5428 4764 5308 5435 5320 5104 5079 4954 5323 4915 5005 5348 5282 5500 5077 5088 5127 5850 5356 5542 5211 5337 5125 4853 5104 5335 4595 4887 5565 5405 4631 5346 5539 5467 5251 5633 5372 5222 5032 5613 5341 5200 5422 5297 5260 5087 5464 5108 5152 5069 5212 5234 5453 5530 5194 5381 4749
4770 5695 5513 5580 5471 5515 5466 5163 5189 5302 5543 5482 5185 5913 4982 5249 5394 5829 5247 5498 5435 5613 5401 5361 5318 5443 5506 5789 5351 5505 5757 5622 5212 5409 5270 5556 5463 5738 5043 5578 5697 5249 5408 5004 5262 5146 5352 5380 5316 5375 5482 5583 5486 5398 5405 5284 5758 5222 5813 5887 5505 5876 5358 5238 5396 4964 5286 5659 4987 5440 5156 4798 5513 5290 5690 5763 4924 5056 5490 5835 5287 5436 5487 5265 5148 5135 5202 5705 5439 5492 5435 5617 4957 5358 5036 5521 5091 5321 5047 5504 5327 5621 5718 5396 5268 5243 5300 5068 5260 5548 5000 5588 5169 5673 5426 5587 5276 5396 5061 5615 5800 5274 4943 5423 5110 5291 5265 6091 5391 4974 5475 5388 5655 4867 5467 5183 5740 5832 5268 5421 5551 5921 5822 5361 5439 5627 5195 5483 5673 5462 5674 5212 5836 4831 5490 5325 5687 5354 5322 5589 5725 5496 5376 5464 5396 5617 5444 5842 5539 5375 5528 5318 5165 5575 4957 5479 5385 5848 5657 5427 5336 5762 5336 5334 5206 5409 5587 5089 4863 5550 4903 5610 5749 5233 5532 5120 5505 5034 5463 5297 4916 5682 5681 5502 5271 5316 4802 5384 5306 5101 5368 5595 5491 5237 5186 5260 5830 5483 5610 5370 5593 5387 5031 5450 5263 4904 5235 5466 5432 4894 5629 5769 5680 5004 5618 5596 5587 4978 5613 5422 5502 5532 5411 5260 4923 5425 5229 5120 5402 5454 5519 5448 5363 5295 5443 4997
5252 5219 5252 5672 5534 5253 5263 5453 5170 5052 5544 5756 5246 5787 4934 5506 5666 5822 5404 5753 5445 5834 5509 5219 5440 5646 5195 5598 5327 5235 6077 5691 5048 5459 5727 5653 5653 5599 5323 5846 5723 5338 5348 5322 5204 5077 5326 5683 5372 5232 5700 5205 5321 5314 5317 5526 5920 5065 5631 5657 5437 5885 5134 5324 5301 4908 5207 5355 5333 5272 5374 4722 5608 5562 5721 5755 5201 5355 5327 5509 5296 5270 5725 5469 5148 5327 5299 5782 5435 5420 5661 5842 4861 5553 4869 5545 5314 5461 5256 5618 5440 5342 5677 5503 5684 5619 5683 5529 5603 5259 4837 5757 5214 5930 5525 5797 5295 5411 5310 5530 5504 5411 4922 5411 5311 5287 5317 5867 5673 5404 5739 5820 5463 4819 5616 5285 5733 5687 5185 5648 5542 5846 5872 5503 5477 5711 5017 5325 5658 5495 5756 5336 5999 4639 5670 5318 5550 5173 5504 5853 5655 5437 5040 5422 5306 5427 5688 6021 5481 5232 5352 5175 5511 5873 5154 5523 5630 5674 5421 5322 5724 5674 5172 5801 5130 5268 5470 4679 4904 5585 4982 5637 5595 5390 5391 5199 5492 4874 5515 5357 5012 5373 5711 5624 5124 4956 4938 5607 5303 4996 5400 5562 5425 5500 4954 5442 6028 5500 5623 5482 5372 5664 4971 5387 5389 4758 5227 5326 5058 5132 5420 5828 5473 5303 5594 5394 5535 5344 5968 5554 5523 5380 5715 5324 5155 5594 5147 5476 5514 5388 5346 5903 5554 5236 5905 4807
4837 5301 5322 5546 5238 5065 5126 5283 5133 4865 5369 5174 4932 5663 4798 5191 5541 5474 5234 5377 5318 5328 5222 5294 5268 5688 5073 5128 5245 5131 5524 5348 5132 5269 5128 5530 5377 5299 4985 5130 5436 5136 4880 5120 5190 4832 5251 5473 5331 5420 5327 5543 5247 5046 4978 5271 5544 5050 5507 5561 5501 5367 5054 4987 5289 4720 5104 5722 5134 5598 5281 4630 5154 5267 5504 5659 4795 5229 5189 5216 5175 5133 5234 4892 4698 5462 5410 5440 5243 5093 5411 5364 4895 5136 4968 5205 5100 5167 5200 5237 5132 4954 5571 5181 5230 4976 5115 5204 5530 5371 4784 5465 5118 5520 5489 5498 5335 5024 4964 5239 5303 5299 4928 5194 4938 5198 4984 5617 5252 5133 5169 5333 5487 4783 5343 5107 5371 5284 4802 5151 5400 5665 5478 5027 4966 5811 5168 5189 5512 5207 5531 5256 5428 4579 5130 5386 5337 5123 5104 5520 5391 5042 4771 5328 5275 5256 5611 5673 5393 4907 5267 4891 5568 5615 5036 5110 5224 5582 5554 5153 5342 5744 5166 5451 5092 5280 5587 4788 4668 5684 4730 5474 5575 5221 5323 4917 5015 4846 5105 5342 4873 5331 5255 5436 5057 5145 4644 5429 4934 5086 5345 5071 5284 5246 4925 5008 5564 5240 5278 5068 5252 5112 4852 5025 4880 4800 4962 5430 5177 4628 5310 5581 5490 5138 5211 4956 5004 4844 5432 5533 5138 5372 5282 5190 5071 5480 4996 4896 5130 5527 5228 5320 5089 5350 5476 4933
5050 5128 5163 5375 5270 5171 5264 5194 4781 4852 5271 5484 5022 5647 5033 4990 5240 5382 5152 5187 5183 5351 5016 4960 4946 5253 4997 5411 4968 5268 5483 5440 5009 5319 5316 5216 5333 5211 5023 5213 5487 5168 4756 4806 5347 4715 4808 5254 5069 5225 5114 5187 5077 4678 4993 5224 5516 5065 5331 5316 5121 5514 5005 4999 5100 4658 5079 5105 5198 5113 4971 4607 5079 5029 5491 5446 4662 4958 5057 5398 5003 4957 5165 4835 4966 5129 5159 5418 5367 5055 5408 5327 4729 5265 4679 5118 4954 5091 4916 5370 5008 5107 5227 5340 5336 5344 5078 5094 5052 4833 4802 5334 5007 5445 5201 5248 5063 5209 5054 5042 5282 5118 4835 5091 5348 4745 4841 5620 5395 5260 5258 5204 5317 4669 5140 4847 5315 5369 4991 5684 5366 5554 5607 5192 5130 5428 5065 5013 5151 5216 5337 5121 5392 4698 5223 4917 5427 5001 4945 5354 5380 4912 5070 5331 5182 5248 5277 5835 5290 5079 5180 4902 5275 5495 4875 4818 4985 5424 5200 5017 4771 5413 5012 5321 5137 4902 5097 4538 4890 4947 4624 5372 5285 4966 5213 4832 5171 4410 5114 5172 4738 4860 5460 5433 4831 4773 4734 5458 4843 4770 5128 4981 5167 4868 4729 4927 5711 5362 5430 5085 5132 4894 4612 5050 5183 4592 4936 5278 4941 4514 5143 5383 5131 5020 5057 5141 5098 4910 5220 5254 4930 4783 5200 5057 4949 5376 4914 5161 4780 5040 5182 5559 5135 5021 5271 4878
4495 5128 4853 5108 4892 4818 5244 5068 4769 4842 5199 5436 4645 5409 4567 5023 4883 5032 5142 4957 4980 4898 5010 4639 4882 5145 4833 4854 4942 4638 5492 5390 4657 4886 4932 5058 4990 5364 4768 4880 5008 4760 4733 4877 4888 4694 4816 5019 4848 4692 5006 4960 5102 4824 4925 4783 5230 4733 5118 5103 5060 4821 4739 4861 4827 4402 4777 4957 4859 4929 4883 4200 4973 5089 5172 5303 4341 4625 4907 5000 4847 4758 4862 4628 4577 4836 4872 5366 5179 4685 4994 4953 4467 5157 4388 4844 4788 4888 4740 5151 4971 5033 5207 5046 5078 4980 4873 5043 5087 5004 4614 5195 4691 5270 5101 5317 4795 4588 4431 5006 5378 4858 4601 5137 4929 4679 4512 5285 4918 4765 5212 5022 4943 4382 4884 4745 5065 5112 4632 4962 4843 5472 5279 5135 5041 5399 4632 4646 5171 5187 5248 4866 4968 4300 4837 5074 5143 4812 4785 5303 5422 4794 4487 4907 5010 5170 4931 5309 4858 4757 5099 4599 5130 5194 4477 4814 4986 5198 4853 4931 4741 5241 4892 4994 4797 4909 5253 4505 4498 4991 4540 5121 5070 5168 4977 4718 5164 4280 4859 4843 4445 4922 5149 5303 4771 4808 4727 5104 4565 4931 4707 4942 4733 4991 4513 4983 5319 4962 5182 5123 4986 5065 4569 4637 4728 4288 4606 5054 4892 4383 5045 5152 5034 4918 5282 4849 4603 4618 5185 4964 4884 4981 5079 4791 4561 5350 4441 4365 4919 4758 4910 5204 5169 4775 4840 4540
4851 4949 5154 5215 5403 5003 5016 5246 5023 4841 5122 5404 4945 5661 4776 5163 5196 5393 5172 5188 5094 5261 4897 4990 4938 5199 5095 5117 4983 4840 5710 5357 4915 4988 5190 5359 5217 5435 4942 5255 5344 4938 4869 4882 5024 4917 5159 5453 5106 5156 5167 5307 5023 4907 5084 4925 5473 4880 5343 5273 5212 5440 4637 5184 5119 4716 4933 5179 5016 5132 5050 4324 5288 5164 5312 5164 4759 4706 5120 5481 5163 4900 4957 5064 4804 4914 4970 5290 4800 5272 5308 5371 4661 5609 4789 5347 4884 4908 4894 4993 5064 5155 5432 5083 4948 5177 5088 4859 5331 5166 4781 5258 5025 5552 5279 5490 4902 5006 4849 5077 5535 5100 5026 5096 5145 4803 5283 5342 5087 5321 5283 5153 5006 4611 5010 4908 5277 5319 4940 5064 5460 5537 5425 4944 5087 5571 5010 5069 5490 4799 5309 4908 5628 4491 4961 5305 5324 5053 5004 5528 5496 5035 4496 5338 5055 5282 5080 5732 5127 4971 5188 4961 5166 5266 4728 5054 5230 5180 5384 5149 5019 5159 5057 5495 4770 5197 5258 4444 4822 5179 4501 5254 5296 4934 5122 4898 5141 4661 5286 5010 4717 5063 5624 5288 4864 4762 4709 5131 4936 4670 4916 4971 5301 4964 4719 4808 5471 5156 5304 5260 5025 5143 4468 4787 5022 4520 4570 5143 5112 4684 5329 5538 5090 4668 5051 5108 4964 4920 5343 5143 4870 5056 5514 5064 4918 5391 4753 4832 4891 5032 5339 5098 5141 4982 5373 4655
4668 4988 4876 4920 5107 4786 4804 4653 4723 4667 4981 5091 4750 5099 4612 4692 4953 5111 4856 4935 4881 5326 4886 4863 5046 5019 5024 5040 4569 4871 5572 4970 4542 4858 5128 5103 5066 5211 4390 5215 5202 4983 4971 4428 4635 4806 4862 5244 5057 5018 4840 4924 4945 4819 4780 4624 5471 4650 4976 5184 4849 5209 4633 4708 4857 4408 4581 5103 4797 4895 4779 4241 5046 4746 5099 5194 4621 4716 4745 5276 4644 4776 4993 4909 4526 4672 4927 5367 4657 5011 5139 5326 4638 5229 4464 5020 4756 4777 4658 5021 4674 5065 5157 5010 4886 4790 4971 4768 4738 4700 4759 5195 4681 5223 4969 5249 4929 5032 4640 5406 5058 5058 4740 4989 4938 4646 4839 5250 4727 5051 4971 5162 5146 4462 4875 4660 5027 5074 4840 4756 5002 5337 5378 4906 5107 5249 4648 4880 5165 5137 5168 4672 5335 4475 5055 4767 5422 4891 4812 5158 5306 5070 4735 4954 5086 4996 4912 5555 4928 4812 4680 4604 5030 5109 4869 4987 5061 5262 5058 4851 4920 5148 4709 5021 4813 4891 5129 4387 4508 5126 4445 4966 5107 4787 4965 4800 4849 4518 5089 4752 4810 4991 5048 5156 4895 4612 4222 4997 4802 4544 5010 4914 5013 4797 4549 4995 5235 5132 5024 4978 4845 4841 4197 4837 4932 4740 4850 4717 4787 4568 4922 5151 4893 4558 4875 5029 4921 5075 5173 5078 4796 4847 5068 4706 4621 4978 4956 4627 4580 4934 4928 5084 4949 4892 5335 4623
4656 5236 4911 5325 5203 5272 5342 5259 4780 4948 5128 5358 5088 5604 4810 5197 5362 5574 5153 5144 5011 5551 5156 4872 5025 5346 5131 5356 4879 5331 5534 5413 4860 5185 5284 5331 5293 5168 5135 5217 5361 5160 4943 4946 5043 4803 5056 5319 5118 4994 5364 5301 4902 4881 5069 5035 5829 4842 5605 5531 5038 5658 4967 4747 4854 4855 5239 5354 5084 5115 5311 4453 5116 4993 5330 5555 4783 4935 5500 5326 4898 5185 5402 4951 4788 4902 5167 5444 5090 5119 5083 5457 4591 5143 4826 4996 5046 5056 5029 5264 5312 5306 5367 5129 5081 5229 5247 5356 5130 5469 4774 5410 5084 5625 5141 5389 5276 4992 5059 5281 5302 4893 4666 5251 5161 4973 5118 5562 5088 5107 5292 5293 5425 4493 5274 4964 5369 5432 4896 5296 5269 5471 5410 5218 5180 5432 5112 5066 5378 5018 5501 5152 5583 4664 5003 5201 5327 4962 5449 5394 5278 5126 4907 5047 5198 5414 5404 5441 5383 5084 5027 4760 5035 5576 4893 5117 4998 5446 5494 4989 4962 5637 5026 5470 4879 5116 5466 4866 4630 5320 4511 5589 5490 5064 5165 5263 5221 4487 5131 5075 4779 5329 5346 5459 5316 4719 4825 5427 4832 4806 5063 5149 5296 5006 4921 5172 5508 5346 5479 5314 5274 4923 4751 5174 5081 4835 4725 5171 4921 4857 5038 5543 5321 4831 5326 5102 4942 4782 5558 5335 5084 4975 5194 5112 4634 5191 4800 5160 4721 5430 5235 5318 4999 5308 5538 4702
5052 4999 5280 5172 5009 5194 4871 4862 4811 4863 5195 5157 4855 5313 4975 4760 5234 5357 5038 5295 4909 5311 5246 4977 4878 5421 5008 5315 4981 5243 5498 5291 4754 5159 5321 5250 5109 4951 4886 5159 5420 4776 4986 4896 5084 4749 5037 5236 5006 5228 5287 5121 5189 5016 4991 4908 5507 4743 5527 5202 5129 5370 4810 4991 5125 4744 4857 4957 4861 4823 4794 4446 5245 4897 5375 5368 4778 5047 4840 5248 4994 4974 4950 4973 5013 4967 4902 5296 4977 5018 5226 5361 4630 5281 4809 5272 5115 4832 4787 5103 4935 5052 5225 5089 4936 5233 5164 4931 5251 5266 4541 5163 4989 5478 5160 5365 5183 5003 5111 5084 5635 5052 4720 4944 5233 4799 5153 5405 5181 5205 4977 5167 5353 4444 5301 5079 5383 5308 4710 5137 5170 5441 5258 5155 5265 5523 4762 5204 5402 5033 5657 4830 5295 4515 5147 5014 5193 5044 5112 5611 5340 4994 4811 4957 5048 5220 5003 5579 4999 4844 5049 4888 5235 5373 4754 5009 4856 5282 5295 5126 5253 5373 4960 5378 4762 5160 5262 4446 4821 4949 4645 5261 5615 4961 4917 4718 5337 4605 5096 5046 4602 5124 5531 5390 4984 5035 4751 5380 5061 4535 5230 4991 5115 5192 4822 5029 5633 5327 5161 5046 5012 4818 4504 4963 5073 4551 4782 5191 4894 4709 4996 5473 5089 4730 5070 4950 5008 4867 5186 5118 5072 4868 5104 4903 4725 5042 5028 5167 5109 5075 4874 5357 5042 4901 5359 4631
4187 4787 4594 4862 4927 4632 4707 4870 4531 4443 4774 4965 4607 5165 4496 4848 4804 5084 4962 4827 4555 4707 4644 4552 4767 4737 4536 4595 4548 4534 5056 5080 4577 4742 4740 4760 4425 4842 4530 4801 5064 4780 4507 4514 4715 4441 4634 4817 4381 4573 4931 4617 4779 4573 4587 4583 4914 4574 5185 4755 4601 4884 4475 4596 4703 4531 4378 4613 4803 4451 4792 4067 4677 4805 4708 5000 4420 4416 4638 4917 4864 4902 4726 4529 4346 4547 4558 4971 4520 4460 4831 4871 4568 4959 4454 4828 4330 4758 4196 4617 4708 4580 4945 4894 4777 4704 4941 4537 4782 4588 4300 4844 4577 5145 4717 4924 4603 4753 4585 4778 4795 4472 4310 4647 4452 4631 4702 5160 4700 4650 4766 4837 4880 4446 4623 4403 5072 4960 4457 4704 4830 4834 4862 4832 4733 5084 4543 4641 5022 4773 4922 4576 4988 4402 4522 4616 5001 4524 4673 4950 5056 4541 4378 4728 4518 4668 4731 5009 4630 4529 4849 4419 4846 4952 4357 4729 4698 4968 4950 4572 4769 5215 4591 5179 4316 4885 4990 4313 4488 4903 4248 4972 4771 4726 4665 4524 4761 4283 4696 4742 4343 4666 4815 4900 4558 4379 4373 4911 4560 4248 4612 4754 4572 4677 4370 4874 5022 4935 4893 4661 4572 4689 4391 4623 4620 4259 4456 4551 4451 4351 4979 5023 4897 4306 4615 4689 4442 4749 4798 4611 4703 4758 4792 4641 4280 4578 4358 4389 4828 4669 4806 4959 4871 4583 4962 4428
4860 4946 5179 5261 5402 5018 4813 5212 5133 4827 5553 5078 5171 5447 5114 5156 5119 5643 5116 4920 5045 5333 5193 5127 4910 5210 4934 5181 4881 4923 5548 5265 5142 5178 5165 5193 5191 5305 4947 5086 5514 5008 4912 4801 5201 4832 5260 5177 5261 5486 5345 5261 5142 5225 5227 5158 5648 5014 5094 5377 5199 5635 4939 4919 5281 5015 4687 5196 4825 5018 5076 4378 5352 5184 5607 5566 4906 4914 5112 5487 4859 5094 5209 5072 4767 5093 4908 5579 4979 5019 5412 5348 4713 5268 4858 5267 4689 5180 5091 5321 4868 5115 5480 5238 5202 4965 5035 5059 5075 5227 4758 5390 4956 5402 5305 5444 5109 5208 4922 5152 5630 5330 4572 5177 5124 4912 5328 5571 5134 5236 5301 5549 5376 4468 5251 4731 5525 5442 4791 5287 5386 5250 5336 5081 5103 5619 4871 4982 5314 5340 5301 5036 5580 4520 5334 5379 5564 5033 5199 5584 5421 5139 4774 5227 5143 5362 5014 5636 5177 4901 5362 4759 5340 5469 4904 5107 5165 5297 5201 5152 5056 5306 5192 5534 5255 5062 5129 4376 4914 4969 4643 5137 5412 5118 4940 4958 5261 4580 4841 5248 4765 5193 5449 5319 4977 4922 4670 5429 4886 4479 5461 4931 5338 5341 4855 4971 5426 5124 5218 5193 5154 5280 4740 4750 4970 4761 4706 4934 5007 4706 5515 5299 5185 5064 5029 5063 5109 4944 5215 5197 4986 5218 5435 4988 4864 5033 5000 4943 5228 5091 5071 5197 5017 5018 5548 4633
4886 5256 5402 5767 5509 5409 5518 5663 5297 5335 5580 5557 5443 5786 5235 5463 5847 5925 5450 5627 5080 5738 5654 5316 5336 5595 5379 5562 5186 5498 5674 5850 5175 5431 5496 5205 5446 5514 5312 5544 5745 5359 5263 5212 5408 5176 5508 5293 5232 5691 5711 5644 5491 5101 5222 5293 5629 5125 5558 5411 5455 5787 5128 5220 5508 4930 5086 5511 5263 5242 5553 4772 5569 5423 5616 5847 5011 5120 5461 5660 5190 5425 5320 5430 5281 5213 5254 5839 5394 5372 5653 5610 5216 5713 5005 5333 5341 5451 5063 5449 5385 5343 5609 5517 5236 5309 5552 5474 5503 5282 4996 5495 5238 5875 5401 5924 5610 5362 5362 5507 5623 5264 5078 5139 5385 5272 5235 5764 5409 5525 5444 5686 5592 4895 5343 4988 5952 5666 5094 5392 5432 5785 5963 5604 5422 5776 5168 5517 5622 5412 5842 5187 5764 4928 5553 5507 5997 5272 5505 5902 5733 5181 5113 5573 5418 5641 5480 5888 5496 5384 5407 5240 5829 5592 5074 5342 5548 5218 5709 5439 5564 5844 5538 5877 5072 5284 5613 4911 4985 5550 4952 5542 5728 5393 5575 5027 5598 4792 5572 5664 5084 5697 5641 5724 5349 5269 4799 5792 5257 4861 5561 5467 5429 5293 5163 5366 5946 5613 5299 5399 5266 5137 4761 5295 5515 4789 5228 5222 5045 5159 5449 5661 5397 5485 5398 5367 5378 5231 5543 5340 5200 5474 5541 5175 5214 5506 5371 5179 5606 5533 5377 5689 5325 5428 5529 5181
4770 4969 4841 5083 5473 4921 5036 5150 4677 4971 5260 5104 5152 5681 5016 4895 4995 5399 5111 4865 4789 5273 5138 5118 4694 5022 4825 5091 5018 5316 5568 5306 4729 4998 5035 5089 5029 5137 4878 5069 5285 4861 4874 4658 4717 4963 5114 5108 5009 4743 5122 5083 5313 4944 5078 4909 5298 4947 5307 5186 5226 5653 4681 4845 5039 4650 4861 5140 5010 4954 4868 4220 5180 5148 5340 5257 4698 4805 4945 5096 4974 4918 4940 5085 4663 5219 5094 5287 4827 4950 5284 5457 4658 5088 4549 5135 5032 4958 4707 5155 5051 4945 5219 5171 5065 4946 5054 4959 4939 4820 4773 5196 4733 5311 5307 5313 5120 4935 4895 5288 5198 5085 4655 4844 4902 4617 4902 5282 4855 5252 5254 5158 5045 4686 5025 4983 5382 5169 4793 5155 5072 5432 5564 5093 4902 5438 4909 4962 5625 4871 5397 4851 5372 4536 5114 5069 5299 5178 5128 5306 5284 4934 4776 5005 5106 5130 5103 5660 5057 4758 4923 4827 5217 5288 4932 5164 5116 5247 5336 4970 5115 5643 4879 5304 4613 4672 5232 4521 4568 4992 4751 5216 5118 4866 4942 4640 5118 4566 5141 5090 4873 5158 5272 5385 4827 4764 4453 5506 4911 4412 5058 4995 5246 5038 4760 5139 5324 5099 5186 5037 4973 4803 4444 4933 5040 4398 5020 5006 5040 4517 5372 5493 5275 4797 5076 5112 4991 4966 5100 5023 4675 4963 5206 4754 4871 5129 4746 4855 4866 4875 5004 5374 4977 5157 5432 4597
5080 5236 5444 5650 5752 5379 5602 5508 5238 5229 5363 5633 5565 5912 5226 5560 5528 6020 5605 5481 5225 5795 5412 5574 5335 5478 5175 5602 5530 5369 5796 5893 5299 5635 5396 5671 5540 5683 5352 5542 5731 5384 5336 5287 5245 5215 5112 5506 5760 5457 5459 5701 5458 5122 5230 5223 5652 5189 5536 5625 5474 6127 5315 5330 5751 5158 5314 5406 5425 5528 5329 4699 5449 5416 5622 5675 4995 5036 5463 5735 5427 5622 5630 5426 5368 5309 5362 5567 5196 5457 5447 5871 5125 5479 5233 5548 5240 5404 5041 5454 5552 5194 5561 5547 5392 5433 5304 5442 5755 5466 5325 5487 5202 5668 5428 5779 5422 5337 5519 5453 5847 5234 5288 5401 5264 5278 5294 5927 5104 5451 5672 5655 5682 4919 5522 5393 5693 5585 4972 5455 5433 5846 5462 5390 5262 5764 5435 5496 6041 5541 5502 5534 6094 4793 5470 5533 5864 5241 5355 5617 5823 5654 5203 5524 5395 5516 5646 6042 5530 5310 5272 5234 5585 5829 5025 5477 5323 5678 5763 5396 5267 5887 5033 5809 4954 5486 5670 4769 4861 5483 4776 5782 5787 5519 5517 5049 5677 4843 5321 5403 5039 5441 5764 5718 5325 5267 4676 5579 5221 4881 5594 5192 5435 5415 5006 5248 5708 5437 5655 5469 5277 5347 4920 5427 5501 4852 5161 5339 5347 5002 5704 5769 5577 5390 5487 5416 5255 5400 5670 5174 5390 5530 5583 5317 4994 5561 5203 5192 5399 5278 5419 5601 5328 5442 5698 4872
5260 5233 5400 5674 5726 5356 5394 5301 5170 5184 5455 5459 5511 5822 5277 5296 5496 5856 5678 5446 5263 5721 5795 5281 5346 5343 5426 5372 5438 5056 6043 5677 5314 5654 5701 5444 5453 5684 5020 5177 5600 5435 5134 5394 5346 5343 5299 5464 5511 5370 5556 5533 5340 5157 5209 5457 5925 4999 5446 5502 5495 5856 5070 5389 5498 5075 5190 5246 5194 5176 5390 4634 5714 5405 5617 5656 5020 5186 5351 5906 5360 5136 5593 5436 5283 5397 5065 5731 5191 5497 5663 5628 5050 5599 5200 5317 5307 5291 5197 5421 5309 5347 5692 5524 5250 5445 5272 5428 5754 5504 4951 5443 5110 5799 5529 5470 5649 5462 4845 5389 5703 5441 5009 5362 5347 5132 5311 5766 5298 5344 5484 5325 5557 4975 5471 5373 5636 5775 5125 5595 5623 5839 5779 5524 5335 5885 5391 5478 5693 5408 5603 5512 5829 4723 5322 5433 5514 5367 5312 5656 5676 5294 5070 5333 5227 5589 5671 5678 5376 5014 5325 5164 5587 5662 5012 5348 5269 5590 5597 5389 5308 5747 5246 5790 5122 5480 5683 4939 4966 5391 4728 5597 5676 5306 5152 5193 5773 4698 5500 5401 4867 5496 5528 5511 5275 5110 4807 5263 5223 4918 5357 5610 5510 5150 5181 5157 5868 5677 5768 5335 5380 5250 5103 5198 5209 4840 5048 5504 5289 4917 5856 6030 5560 5516 5272 5493 5319 5244 5488 5489 5195 5478 5337 5571 4967 5399 5155 5005 5495 5627 5473 5782 5515 5465 5733 4954
4775 4959 5138 5214 5183 4866 5226 5028 4791 4773 5144 5009 4778 5510 4856 4861 5272 5403 5164 5084 4942 5139 5236 4931 4767 5249 4952 5246 4949 4979 5458 5268 4737 5354 5064 5286 5231 5303 4825 5131 5263 4932 4860 4967 5033 4704 4903 5103 5326 4975 4917 5087 4824 4861 5036 4661 5453 4574 5350 5087 5270 5262 4829 4953 5157 4648 5018 5239 4908 5101 4960 4327 5155 4925 5058 5524 4786 4870 5159 5308 4962 5005 5225 4855 4567 5113 4696 5226 4841 4922 5025 5289 4439 5107 4575 5047 4706 5069 4793 5049 5026 5037 5318 5136 4803 4926 5055 5054 4991 5025 4747 5288 4785 5429 4979 5515 5096 5225 4830 4878 5307 5209 4725 5101 4946 4777 4930 5530 5150 5218 5317 5120 5311 4921 5345 5147 5176 5482 4721 5217 5263 5386 5337 4982 4922 5233 5106 5043 4958 5253 5467 5148 5371 4512 5136 5256 5235 4991 4842 5197 5545 5104 4565 5063 4996 5260 5119 5558 4944 4835 4702 5035 5215 5315 4843 4934 5114 5089 5057 5186 5216 5195 5067 5155 4731 4904 5298 4578 4743 4801 4665 5332 5327 4931 4985 5103 5232 4296 4999 4958 4557 5179 5472 5554 4907 4838 4682 5125 4871 4660 4905 5023 4898 4910 4586 5064 5483 4932 5332 5040 4834 5147 4796 4775 5149 4619 4749 4749 4866 4692 5022 5621 5467 5093 5180 4930 4809 4886 5152 5154 5243 4792 5331 4819 4746 5176 4775 4854 4878 4978 4688 5353 5186 5019 5180 4534
4668 4941 5082 5153 5073 4965 5027 5108 4744 4689 5140 5218 4778 5387 4901 4981 5052 5454 5105 4980 4925 4979 5421 4791 4623 5147 4764 5149 4965 4925 5264 5217 4644 5273 5107 5012 4777 5243 4850 4992 5237 4977 4965 4740 5086 4866 4901 5116 5104 5172 5103 5073 5170 4985 4953 4904 5262 5056 5202 5020 5285 5190 4599 4858 5039 4597 4742 5072 4956 5208 4983 4273 5107 4906 5244 5056 4627 4775 4999 5155 4871 4922 4717 4993 4639 5207 4693 5343 4953 4947 5122 5161 4672 5072 4717 4937 4839 5086 5009 4967 4942 4967 5333 4947 4797 4837 4857 5067 5057 4958 4901 5077 4862 5462 4924 5185 5184 4935 4733 5004 5516 4702 4545 4929 4948 4906 4680 5245 4688 4921 5132 5239 5010 4657 5012 4916 5323 5214 4632 5036 5076 5270 5143 5016 4917 5393 4857 5018 5299 5049 5245 5047 5310 4666 5084 5039 5225 4886 5073 5261 5072 4795 4777 4992 5094 5350 4963 5445 5087 4878 5181 4958 5075 5214 4875 4947 5085 5222 5166 5106 4940 5304 5065 5150 4798 5018 5238 4437 4730 5053 4428 5123 5266 4847 5133 4962 5240 4350 4779 4946 4355 5056 5011 5331 4930 4707 4457 5143 4667 4840 5060 4783 5047 4921 4784 4847 5231 4918 5207 5057 4746 4596 4711 4666 4946 4724 4594 4814 4988 4635 5212 5452 5327 4931 5002 4715 4902 4942 5128 4867 4893 5072 5053 4634 4437 4943 5088 4618 4899 4823 4727 5117 4906 4971 5294 4645
5198 5350 5428 5686 5603 5381 5393 5399 5134 5049 5454 5645 5029 6022 5138 5447 5343 5693 5284 5353 5366 5641 5310 5306 5378 5621 5447 5661 5230 5352 5822 5480 5301 5607 5590 5378 5516 5442 5107 5328 5296 5426 5450 5196 5139 5262 5286 5615 5748 5689 5451 5262 5582 5530 5313 5146 5915 5157 5394 5725 5372 5829 5173 5370 5456 4903 5391 5337 5138 5633 5266 4766 5553 5159 5605 5656 4970 5182 5545 5794 5359 5432 5050 5129 5169 5461 5164 5656 5266 5491 5668 5497 4946 5790 5083 5388 5212 5298 5207 5313 5351 5330 5442 5268 5349 5169 5354 5262 5284 5280 4992 5485 5160 5645 5655 5677 5340 5506 5189 5285 5525 5486 4858 5351 5501 5109 5101 5897 5402 5292 5351 5607 5561 4908 5416 5332 5712 5724 4974 5375 5821 5922 5759 5350 5505 5747 5247 5373 5518 5645 5779 5361 5908 5085 5295 5425 5677 5428 5760 5910 5592 5374 4934 5405 5487 5697 5275 5878 5438 5063 5464 5391 5491 5707 5203 5540 5510 5441 5448 5491 5116 5789 5506 5645 5003 5238 5660 4847 4981 5300 4842 5608 5604 5332 5646 5203 5689 4850 5329 5529 4743 5472 5545 5477 5097 5219 4850 5738 5210 5099 5569 5255 5539 5264 5095 5487 5686 5492 5659 5684 5296 5473 4989 5328 5435 4754 5202 5673 5399 5143 5745 5516 5507 5218 5480 5589 5335 5177 5663 5324 5256 5559 5722 5331 5216 5342 5463 5253 5392 5442 5391 5510 5559 5255 5837 4797
4882 5317 5436 5388 5440 4989 5132 5230 5076 4957 5139 5594 5355 5793 5023 5370 5425 5541 5370 5503 5328 5738 5100 5381 5333 5338 5137 5428 5275 4988 5750 5396 5042 5320 5679 5086 5528 5377 5006 5420 5438 5396 5268 5335 5202 5277 5113 5631 5505 5465 5391 5616 5129 5019 5205 5025 5697 5161 5293 5311 5003 5860 5081 5009 5392 4745 5008 5468 5143 5134 5208 4534 5407 5139 5073 5544 5084 5045 5513 5770 5009 5070 5474 5176 4808 5251 5090 5636 5184 5526 5553 5636 4862 5400 5109 5436 5009 5460 5235 5249 5001 5308 5492 5518 5356 5025 5337 5354 5426 5260 4924 5395 5157 5567 5334 5606 5304 5239 5171 5410 5469 5352 4891 5398 5248 5117 5036 5627 5208 5234 5448 5377 5382 4766 5254 5128 5583 5599 5263 5386 5365 5661 5460 5328 5258 6032 5390 5254 5654 5235 5668 5220 5898 4756 5225 5144 5521 5211 5510 5424 5606 5239 4931 5212 5511 5619 5513 5769 5353 4740 5375 5152 5334 5612 5121 5597 5282 5406 5566 5358 5403 5734 5098 5469 5171 5279 5316 4963 4851 5044 4709 5411 5276 5118 5092 4991 5332 4959 5722 5168 4792 5474 5561 5547 5045 5348 4831 5580 5037 5031 5402 5058 5451 4976 5152 5189 5640 5211 5652 5127 5349 5099 4785 5310 5253 4807 4934 5303 5314 4748 5674 5875 5725 5229 5183 5335 5111 5004 5547 5206 5083 5237 5529 5393 4871 5425 5037 5348 5043 5337 5279 5511 5214 5724 5630 4954
4849 4963 4905 5442 5384 5181 5148 4829 4972 5076 5213 5294 5203 5306 4960 5117 5001 5442 4944 5205 5004 5085 5218 4950 4899 4890 5055 5315 4959 5168 5472 5584 4547 4994 5147 5152 5027 5135 4864 5293 5270 4836 4962 4823 4965 5114 4775 5201 5401 5066 5154 5128 5130 4704 4849 4755 5308 4628 5422 5284 4934 5541 4809 4745 5041 4648 4912 4866 5017 5109 4863 4281 5053 5166 5171 5131 4794 4601 4822 5604 4764 4836 5003 4872 4741 5041 4936 5306 5006 5061 5268 5303 4840 5156 4684 5148 4874 5054 4840 5227 5096 5243 5390 5108 5076 4921 5196 4958 5023 4983 4908 5011 4928 5252 5357 5308 5249 5163 4977 4946 5474 4913 4634 5063 5012 4832 4844 5404 4982 5142 5003 5429 5223 4797 5016 4992 5536 5541 4857 5215 5148 5667 5523 5071 4934 5540 4946 4980 5659 5151 5290 5023 5456 4519 5128 4887 5253 5030 5028 5370 5475 5012 4829 4917 5128 5294 5231 5673 5161 4827 5318 4922 5169 5227 4800 5098 4981 4977 5116 5181 5103 5505 5025 5225 4820 4877 5419 4719 4569 4742 4559 5322 5055 5004 5084 4698 5134 4576 5032 4947 4683 5070 5146 5369 4903 4586 4527 5404 4954 4685 5015 5264 5112 4891 4716 5032 5516 5073 5155 5223 4909 4954 4546 4915 5045 4450 4831 5010 5070 4600 5359 5604 5025 4918 5300 4881 5072 4901 5328 5093 4930 4988 5145 4877 4589 5122 5020 4924 4692 5042 5085 5336 5158 5035 5170 4420
5114 5192 5558 5594 5458 5298 5426 5451 5177 5067 5382 5583 5245 5797 5236 5207 5519 5653 5222 5394 5361 5654 5172 5059 5163 5417 5222 5420 5322 5132 5846 5386 5291 5325 5498 5410 5583 5401 5224 5404 5536 5286 5165 5378 5176 5372 5219 5402 5334 5302 5261 5464 5179 5152 5156 5131 6000 4852 5528 5367 5295 5947 5003 5381 5212 4995 5009 5298 5278 5186 5146 4533 5478 5433 5486 5312 5072 5138 5422 5495 5229 5287 4994 5235 5113 5323 5068 5422 5308 5212 5475 5465 4958 5620 5184 5500 5442 4984 5027 5274 5174 5343 5773 5284 5211 5308 5302 5071 5776 5335 4850 5438 4993 5674 5328 5666 5564 5295 5063 5070 5620 5382 4980 5444 5474 4901 4929 5938 5395 5367 5350 5520 5353 4783 5397 5086 5586 5608 5212 5363 5452 5729 5711 5330 5378 5458 5292 5296 5557 5244 5606 5267 5738 4572 5112 5393 5414 5390 5486 5625 5657 5238 4812 5475 5127 5660 5441 5795 5117 4936 5353 5093 5426 5611 5187 5254 5037 5415 5305 5016 5340 5621 5156 5463 5004 5246 5681 4678 4963 5322 4693 5766 5567 5273 5351 5137 5589 4593 5502 5415 4744 5212 5544 5512 4945 5225 4881 5508 5100 5109 5520 5215 5403 5042 4953 5300 5563 5373 5531 5442 5129 5373 4824 5162 5165 4747 4718 5585 5487 4835 5536 5464 5340 5010 5311 5360 5070 5027 5763 5255 5289 5290 5269 5374 5064 5490 5238 5025 5324 5145 5541 5360 5321 5338 5409 4830
5205 5426 5624 5410 5716 5431 5430 5329 5312 5141 5784 5610 5420 5692 5196 5553 5563 5726 5576 5573 5305 5601 5639 5255 5407 5581 5081 5793 5306 5795 5995 5855 5080 5540 5246 5485 5674 5748 5258 5456 5814 5544 5291 5308 5428 5337 5340 5586 5402 5491 5360 5575 5310 5119 5484 5505 5794 5398 5688 5835 5573 6141 5469 5359 5467 4979 5239 5573 5172 5422 5371 4513 5447 5607 5625 5575 5009 5176 5620 5782 5268 5377 5628 5166 5167 5487 5401 5842 5428 5412 5552 5792 4966 5511 5147 5511 5255 5734 5210 5580 5191 5511 5833 5444 5364 5355 5433 5525 5500 5517 5295 5707 5338 5904 5430 5710 5478 5762 5340 5479 5677 5279 5182 5558 5319 5386 5319 5946 5427 5671 5919 5594 5534 5103 5469 5376 5799 5825 5123 5472 5579 5809 5701 5316 5201 5915 5227 5519 5962 5596 6067 5335 5975 5131 5512 5460 5645 5340 5682 5486 5728 5147 5098 5444 5487 5486 5279 5879 5508 5139 5467 5209 5469 5736 5266 5259 5656 5528 5856 5517 5464 5811 5429 5836 5280 5265 5745 4932 5196 5520 4850 5734 5954 5349 5537 5145 5483 4663 5302 5306 4903 5561 5800 5880 5107 5054 4941 5339 5279 5073 5421 5349 5476 5415 5006 5458 5847 5724 5620 5648 5406 5307 5144 4963 5446 4842 5192 5398 5327 4907 5695 6055 5764 5282 5644 5508 5171 5375 5700 5378 5445 5448 5707 5405 5165 5491 5354 5301 5233 5446 5524 5816 5390 5420 5775 5065
4998 5203 4976 5629 5519 5063 5373 5079 5084 5024 5346 5519 5055 5739 5291 5291 5452 5618 5171 5407 4995 5684 5371 5224 5393 5306 5093 5383 5263 5279 5703 5471 4853 5187 5400 5481 5421 5209 5063 5642 5451 5112 5401 4970 4957 5227 5215 5690 5207 5162 5316 5365 5246 5005 5100 5132 5799 5287 5562 5347 5287 5694 5286 5130 5238 4946 4664 5134 5330 5254 5393 4531 5376 5494 5434 5562 4826 5178 5300 5605 5202 5366 5480 5232 4975 5223 4939 5481 4949 5356 5423 5431 5021 5667 4976 5321 4833 5233 5064 5021 5098 5539 5626 5080 5284 5078 5153 5421 5320 5219 4875 5342 5225 5621 5271 5680 5379 5272 4993 5421 5584 5339 5109 5193 5197 4967 4986 5550 5296 5381 5353 5348 5396 4843 5496 5176 5584 5537 4920 5030 5495 5710 5500 5276 5194 5633 5049 5150 5456 5469 5586 4916 5952 4795 5441 5587 5472 5054 5157 5621 5874 5372 4842 5316 5187 5183 5352 5643 5415 5143 5368 5330 5255 5564 4882 5134 5061 5493 5526 5262 5192 5453 4957 5595 4939 5312 5457 4981 4758 5575 4717 5412 5590 5107 5396 4920 5467 4824 5320 5223 4999 5403 5229 5507 5312 4984 4770 5357 5302 4682 5262 5071 5495 5279 4730 5202 5603 5266 5668 5425 5135 5332 4734 5139 5267 4895 4936 5280 5318 4947 5322 5677 5424 4800 5557 5520 5204 4987 5614 5068 5262 5442 5468 5089 5061 5154 5113 5182 5069 5232 5520 5337 5406 5093 5816 5031
4756 5173 5303 5471 5446 5380 5207 5422 5347 5079 5567 5535 5198 5633 4904 5292 5412 5794 5473 5517 5310 5349 5355 4985 5341 5174 5020 5476 5261 5441 5649 5483 5029 5328 5351 5164 5444 5283 5273 5354 5413 5329 5205 5220 5250 5038 5092 5592 5236 5619 5223 5409 5144 5264 5261 5059 5632 5083 5295 5341 5205 5612 5179 5292 5264 4573 5075 5158 5256 5337 5256 4662 5221 5218 5460 5520 4662 5283 5263 5269 5232 5070 5313 4963 4773 5351 5276 5312 5264 5194 5527 5695 4773 5235 4768 5299 5022 5410 5225 5428 5236 5077 5154 5157 5396 5012 5305 5414 5478 5169 4756 5698 5037 5428 5402 5616 5272 5166 5369 5144 5757 5319 5111 5445 5061 5105 4927 5598 5318 4990 5422 5371 5441 4773 5192 5275 5572 5628 5055 5237 5621 5527 5510 5413 5331 5468 5187 5064 5572 5305 5540 5348 5460 4966 5259 5273 5562 5174 5537 5487 5468 5157 4940 5246 5503 5559 5431 5406 5394 4902 5430 4891 5402 5300 5084 5407 5307 5648 5468 5522 5134 6009 5335 5581 5125 5251 5453 4810 4683 5259 5003 5407 5328 5492 5490 4907 5270 4644 5184 5144 4729 5283 5626 5641 4997 4954 4744 5597 5177 4969 5441 5284 5146 5319 5076 5120 5606 5392 5347 5266 5499 5123 4912 5241 5117 4483 5130 5145 5082 4767 5478 5638 5443 4988 5120 4915 4852 5200 5516 5356 5128 5309 5620 4966 4947 5345 5132 5203 5108 5240 5497 5431 5369 5286 5687 4723
4855 4969 4804 5122 5113 4958 4869 4659 4715 4601 4907 4881 4793 5212 4703 5141 4746 5351 4832 4967 4787 4945 4953 4943 4638 4860 4910 5109 4882 5057 5417 5109 4683 4862 5045 4922 4982 5142 4880 4950 5052 5113 4666 4649 5010 4649 4879 5081 5161 4949 4876 4824 4842 4540 5065 4786 5463 4602 4777 5265 4837 5409 4587 4952 4931 4539 4865 4954 4787 5004 4977 4124 4958 4925 5043 5041 4640 4548 5059 5174 4621 4839 4962 4957 4611 4884 4547 5201 4611 4692 5151 5150 4483 5085 4613 5093 4716 5201 4388 5057 4756 4761 5240 4979 4929 5023 4946 4822 5031 4908 4789 5089 4631 5162 4773 5108 5276 5113 4515 4981 4932 4801 4598 4819 5063 4652 4937 5373 4901 5009 5126 5010 5350 4680 4966 4653 5363 5144 4654 5066 4905 5259 5268 4859 4818 5132 4851 4711 5311 4809 5516 4941 5497 4432 4921 5009 5242 4944 4920 4992 5096 4773 4573 4946 4998 5037 5164 5299 5047 4530 4997 4547 4987 5211 4716 4961 4816 5011 5049 4938 4832 5284 4844 5292 4769 5003 5122 4449 4578 4922 4396 5054 5078 5090 4938 4636 4797 4438 5010 4778 4456 4769 5218 5291 4458 4564 4564 5119 4587 4416 4750 4947 4892 4895 4612 4731 5203 5033 5131 4809 4971 4803 4473 4811 4799 4585 4766 4733 4689 4231 5340 5487 4977 4605 4994 4880 4959 4816 4792 5090 4837 4855 5061 4999 4466 4889 4488 4794 4800 4767 4702 5033 4873 4920 5291 4654
Algorithm: GEMM Blocking
Result matrix:
4945 5217 5633 5434 5455 5288 5345 5594 5124 5045 5425 5593 5135 5663 5100 5307 5430 5834 5359 5338 5540 5603 5622 5275 5248 5658 5302 5361 5321 5120 5969 5383 4808 5244 5512 5380 5630 5527 5202 5551 5398 5376 5159 5254 5239 5130 5310 5516 5401 5431 5437 5431 5331 4992 5348 4970 5695 5186 5697 5488 5288 5697 5139 5118 5326 4810 5145 5379 5421 5407 5297 4548 5449 5242 5337 5699 5017 4939 5316 5636 5404 5104 5378 5484 5212 5417 5154 5707 5243 5389 5510 5712 4843 5432 4933 5346 5252 5498 5109 5532 4887 5419 5450 5343 5235 5346 5604 5456 5561 5352 4977 5565 5171 5505 5375 5623 5583 5480 4983 5488 5677 5131 5133 5282 5081 5162 5267 5761 5146 5568 5418 5443 5433 4815 5474 5107 5758 5732 5195 5346 5211 5716 5679 5331 5390 5733 5251 5106 5791 5284 5773 5301 5582 4297 5275 5542 5634 5244 5405 5711 5520 5091 4931 5386 5312 5803 5534 5940 5286 4880 5338 4943 5390 5709 4925 5363 5351 5522 5699 5230 5411 5836 5395 5479 5080 5483 5535 4842 4957 5263 5011 5720 5395 5529 5339 5177 5566 4839 5451 5294 5052 5674 5439 5534 5240 5110 5010 5757 5023 4755 5240 5347 5367 5499 4988 5369 5597 5618 5492 5323 5197 5362 4648 5166 5405 5112 5035 5225 5195 4852 5530 5621 5712 5199 5251 5170 5162 5114 5528 5506 5239 5267 5715 5273 5103 5350 4991 4941 5341 5308 5453 5691 5258 5407 5489 5041
4708 5053 4889 5110 5127 5082 5022 5154 4841 4963 5139 5184 5127 5280 4639 5007 5080 5418 5072 5047 5101 5171 5334 4918 4794 5149 4752 4959 4965 4923 5436 5508 4842 5067 5249 4952 4826 5121 4937 5284 5312 4904 4776 4872 4840 4674 5096 5208 4964 5026 5078 4882 4998 4994 4962 4883 5440 4838 5182 5050 5240 5395 4844 4903 4936 4567 4823 5359 4786 4878 4858 4333 4822 5117 4929 5362 4371 4988 4987 5101 4793 5317 4905 4935 4752 5111 4881 5291 5224 5114 5066 5377 4752 4988 4788 5039 4988 4889 5109 5084 4973 4956 5288 5083 4921 4959 5004 5123 5105 4915 4638 5094 4853 5601 5121 5385 4961 5017 4830 5183 5147 4981 4364 4982 4940 4504 4713 5366 5105 4747 5382 5139 4973 4789 5129 4935 5249 5202 4748 5263 5086 5220 5614 5092 4941 5496 4929 5071 5291 4931 5437 4968 5298 4475 5091 4987 5090 5027 4957 5272 5125 4911 4787 4930 5126 5317 5054 5673 5057 4616 5009 4700 5051 5267 4719 5017 5074 5134 5138 5144 5347 5317 5155 5244 5017 4791 5275 4442 4615 5107 4372 5335 5276 4990 5034 4959 5002 4262 4855 4942 4528 5038 5240 5071 4748 4713 4636 5213 4725 4642 5250 4888 5197 4852 4721 5097 5265 4981 4956 5069 5020 4756 4718 5012 4922 4538 5034 5251 5011 4564 5264 5388 5345 4945 4922 5035 4967 4938 5301 5206 4773 4989 5051 4991 4690 5008 4817 4854 5016 5130 5001 5341 5046 4630 5347 4656
4819 5198 5133 5692 5699 5206 5310 5404 5076 5202 5139 5638 5183 5948 5026 5518 5506 5570 5698 5395 5461 5441 5387 5347 5413 5456 5029 5229 5317 5321 5805 5643 5079 5348 5679 5442 5354 5414 5319 5433 5751 5284 5082 5223 4893 5133 5018 5577 5161 5526 5523 5355 5402 5319 5237 5416 5843 5084 5867 5294 5290 5763 5234 5139 5368 4972 5298 5254 5359 5116 5070 4657 5337 5199 5484 5472 5005 5062 5362 5472 5283 5401 5187 5180 5050 5495 5067 5732 5535 5200 5504 5213 4781 5478 5006 5561 5224 5026 5144 5336 5308 5463 5360 5560 5509 5207 5379 5353 5236 5403 4977 5373 5282 5531 5458 5599 5332 5129 5363 5125 5646 5119 4829 5366 5217 5075 5419 5861 5452 5357 5407 5695 5347 4923 5301 5432 5756 5741 5184 5383 5659 5698 5610 5516 5194 5648 5172 5190 5563 5498 5527 5100 5807 4809 5317 5454 5605 5063 5408 5649 5372 5235 4955 5291 5554 5425 5405 5841 5378 4917 5313 5141 5361 5680 4986 5243 5367 5401 5509 5306 5244 5641 5233 5590 5012 5186 5681 4778 4750 5516 4715 5697 5331 5326 5273 5219 5623 4768 5175 5300 4884 5366 5413 5483 5315 4853 4928 5637 5244 4772 5214 5513 5241 5380 4923 5112 5727 5294 5738 5166 5042 5236 4830 5117 5364 4925 5035 5276 4969 4827 5331 5586 5702 5081 5308 5399 5435 4956 5586 5435 5299 5294 5395 5159 5007 5419 5127 5262 5375 5103 5194 5626 5219 5399 5535 4933
5133 5268 5265 5390 5342 5279 5335 5159 4948 5177 5200 5347 5222 5399 5290 5219 5420 5768 5240 5206 4991 5621 5723 5245 5047 5515 5190 5341 5047 5274 5707 5502 5066 5547 5421 5205 4977 5337 5227 5296 5450 5122 5283 5129 5104 5066 5142 5501 5335 5265 5358 5164 5295 5170 4925 5121 5893 4952 5353 5316 5389 5609 5019 5119 5600 4811 5003 5312 5238 5180 4877 4623 5291 5096 5332 5463 4850 5152 5336 5590 5086 5145 5317 5262 5089 5288 5067 5669 5136 5216 5580 5474 4813 5317 4858 5257 5156 5167 5137 5178 5289 5201 5449 5203 5151 5426 5420 5284 5306 5237 5040 5105 5136 5688 5424 5751 5159 5259 5204 5294 5655 5214 4908 5191 4979 5042 5268 5558 5208 5224 5314 5448 5257 4775 5092 5134 5522 5513 4807 5105 5481 5386 5479 5349 5240 5495 5078 5355 5597 5340 5535 5087 5843 4766 5407 5425 5502 5227 5337 5567 5595 5463 4898 5407 5340 5542 5132 5656 5076 5115 5006 4991 5359 5536 5213 5204 5331 5186 5327 5158 5208 5597 5065 5719 5065 5406 5470 4527 4887 4992 4918 5386 5586 5330 5439 4930 5498 4917 5243 5258 4892 5218 5278 5526 5256 5172 4479 5353 5148 4737 5435 5137 5270 5147 4742 5011 5719 5216 5304 5354 5090 5026 4964 5267 5232 4616 4901 5006 5085 5017 5338 5435 5552 5153 5209 5123 5094 5160 5409 5260 4873 5370 5130 5204 5087 5320 5257 5214 5275 5069 5092 5514 5329 4993 5604 4701
4869 5337 5453 5257 5215 5454 5024 5262 4952 5036 5336 5532 5049 5674 5147 5159 5251 5671 5287 5310 5375 5320 5553 5225 5049 5243 5072 5512 5393 5346 5827 5434 5107 5821 5443 5126 5344 5636 5159 5208 5444 5183 5216 5135 5291 5011 5224 5273 5271 5394 5461 5383 5457 5221 5338 4911 5453 4953 5402 5451 5458 5663 5088 5265 5507 4859 5030 5088 4984 5145 5247 4695 5325 5145 5450 5719 4888 5108 5214 5869 5240 5362 5187 5243 5117 5190 5043 5524 5326 5112 5434 5402 4883 5524 5099 5421 5181 5382 5061 5276 5008 5304 5312 5199 5052 5172 5491 5172 5455 5554 5275 5382 4998 5608 5424 5624 5156 5117 4885 5315 5466 5281 4882 5143 5134 4973 4923 5698 5030 5307 5353 5581 5396 4758 5298 5082 5557 5751 5018 5288 5291 5686 5605 5247 5088 5680 4798 5193 5656 5278 5682 5326 5863 4751 5284 5610 5561 5197 5313 5501 5438 4975 4997 5398 5091 5460 5242 5998 5056 4952 5361 5063 5545 5391 5058 5363 5272 5594 5232 5309 5167 5871 5240 5623 5028 5306 5626 4927 4942 5228 4633 5691 5692 5264 5391 5167 5631 4625 5091 5356 4763 5318 5568 5616 4964 4818 5003 5229 5084 5069 5470 5365 5413 5229 4910 5195 5638 5580 5485 5272 5320 5296 5109 5142 5100 4697 5040 5353 5149 4823 5453 5960 5393 4947 5363 5158 5287 4998 5474 5340 5069 5105 5344 5155 4955 5560 5087 4996 5194 5158 5149 5800 5325 5144 5407 4631
4928 5298 4984 5431 5296 5095 5089 5162 5021 5099 5148 5411 5132 5650 5079 5203 5418 5705 5182 5622 4997 5450 5270 5201 5095 5262 5185 5382 5377 5399 5540 5425 4955 5168 5351 5284 5353 5422 5094 5433 5371 5169 5141 5243 5042 5146 5267 5181 5412 5147 5350 5002 5431 5215 5315 5206 5394 5076 5596 5300 5117 5487 5205 5241 5205 4796 5157 5325 5025 5093 5204 4569 5259 5372 5624 5425 4815 5088 5298 5740 5079 5431 5304 5126 4907 5257 5065 5262 5104 5027 5353 5559 4808 5470 4786 5220 4908 5338 5025 5098 5166 5122 5738 5354 5191 5349 5331 5273 4987 5114 4859 5294 4791 5196 5277 5447 5219 5239 5068 5272 5448 5168 4827 5173 5209 4975 5025 5728 5281 5067 5468 5332 5392 4994 5188 4995 5519 5283 5032 5171 5480 5640 5612 4962 5089 5508 4825 4916 5431 5314 5590 5013 5529 4677 5479 5222 5314 5308 5353 5537 5449 5325 4808 5116 5115 5545 5137 5479 4908 4685 5140 4896 5156 5500 5145 5305 5065 5115 5177 5694 5139 5445 5028 5520 5196 5089 5577 4774 4710 5105 4676 5661 5594 5353 5338 4834 5586 4728 5167 5169 4819 5304 5539 5551 4895 5002 4697 5487 4976 4791 5186 5178 5355 5074 4829 5072 5490 5389 5419 5355 5195 5125 4676 5236 4912 4473 5139 5357 5058 4817 5458 5792 5114 5271 5658 5085 5289 5007 5553 5255 4890 5229 5339 5275 4846 5262 4816 5175 5327 5188 5185 5631 5487 5170 5251 4773
4660 5234 5138 5033 5072 4703 4897 5161 4737 4664 4935 5263 4890 5493 5099 4896 5206 5367 5109 4903 4889 5184 5101 4769 4935 5147 4866 5065 5035 5002 5467 5070 4640 5222 5009 4863 4857 5255 5099 5058 5048 5084 4833 4861 4840 4681 5186 5172 4835 4762 5202 5136 5246 4921 5126 4721 5282 4460 5175 5095 5055 5592 4630 4863 5171 4530 4751 4880 4862 4901 4969 4265 5101 5026 5007 5272 4741 4961 4954 5405 4610 4908 5272 5096 4645 5033 4891 5067 4970 5094 5310 5202 4678 5098 4757 5114 4693 4956 4712 5155 4758 5078 5322 5009 4973 5029 5106 4850 5194 5054 4723 5095 4569 5154 5173 5175 5077 4986 4849 4924 5206 4849 4278 5081 4705 4759 4779 5224 4829 5100 4940 5245 5047 4624 5052 4947 5405 5253 4792 5285 5119 5279 5232 5191 4755 5179 4745 5106 5409 5020 5304 4978 5467 4354 5063 4986 5165 5124 5277 5461 5108 4817 4641 5201 4895 5045 5137 5814 4798 4453 4831 4678 5275 5423 4864 5126 4809 5140 5201 4921 5052 5409 4744 5265 4672 4876 5522 4548 4614 5055 4301 5424 5252 4983 5060 4941 5210 4379 5099 4806 4598 4925 5207 5025 4714 4794 4554 5118 4811 4748 4974 4920 5286 4838 4745 4781 5226 5117 5210 4916 5092 5248 4571 4724 4751 4445 4767 4937 4707 4821 5234 5386 5079 4842 5218 4910 4834 4705 5033 5226 4948 4853 5016 4792 4687 5438 4679 4848 5093 4643 4980 5287 5149 4990 5123 4497
5176 5151 5202 5080 5337 5163 5079 5230 4766 4831 5222 4978 5016 5343 5074 4913 5209 5675 4910 5122 4969 5314 5123 4921 4822 5020 5309 5297 4865 5031 5637 5557 4715 5172 5101 5203 5065 5316 5277 5020 5371 5058 4965 4909 5142 5039 5031 5153 5419 4931 5315 5128 5046 5093 4812 5220 5532 4639 5194 4940 5132 5211 4768 4786 5139 4445 5029 5118 5027 5240 5176 4710 5323 5064 5335 5423 4522 4787 4972 5367 4924 4988 5118 5209 4794 5069 4950 5490 5097 4980 5321 5017 4789 5137 4747 5337 4952 5169 5055 5351 5003 4893 5457 5190 5091 5353 5370 5155 5156 5178 4697 5352 4757 5440 5386 5446 5144 5064 5078 4937 5236 4902 4739 5026 4979 4942 4941 5441 4727 5068 5128 5236 5091 4731 5085 4931 5283 5248 4778 4943 5442 5260 5327 5319 5126 5456 5068 5087 5291 5129 5557 4973 5615 4499 5330 5334 5482 5003 5160 5371 5460 5039 4813 5044 5107 5229 5351 5543 5157 4897 5120 4923 5341 5525 4605 5101 5275 4895 5513 5068 5521 5382 5163 5569 4913 5299 5021 4689 4697 4913 4653 5339 5679 5189 5306 4833 5286 4468 5189 5240 4941 5275 5252 5460 4805 4920 4536 5348 4717 4542 5041 4993 5071 4978 4741 5176 5421 5268 5144 5077 5051 4909 4479 4765 5034 4583 4939 5168 4945 4752 5107 5531 5254 5000 5212 5099 5083 5071 5219 5113 4837 5449 5250 4608 4824 4841 4844 4949 5308 5464 5077 5390 4917 5196 5433 4875
5111 5161 5389 5484 5232 5152 5096 5363 5073 4876 5525 5231 5253 5549 5113 4907 5202 5642 5416 5349 4975 5505 5347 5017 4961 5433 4869 5394 5234 5394 5320 5254 5015 5395 5233 5392 5275 5289 4986 5155 5370 5124 4986 5168 5131 4974 5359 5405 5263 5167 5314 5135 5395 5212 5369 5028 5812 5007 5239 5357 5343 5582 4875 4854 5387 4934 5120 5182 5034 5288 5585 4551 5282 5181 5469 5510 4958 5083 5101 5661 5220 5256 5223 4825 4821 5265 4956 5593 4989 4964 5251 5708 4831 5511 4727 5108 5162 5542 4873 5298 5166 5188 5535 5285 5085 5089 5255 5178 5196 5276 4713 5529 5122 5432 5210 5507 5397 5293 4973 5297 5781 5180 4921 5253 5085 5066 5224 5414 5264 5134 5105 5285 5321 4801 5266 5187 5460 5401 4919 5164 5178 5633 5750 5285 4998 5679 5099 5303 5492 5168 5431 5165 5571 4788 5370 5043 5437 5347 5340 5666 5429 5380 4753 5010 5352 5683 5127 5673 5127 4879 5172 5045 5198 5568 5196 5244 5252 5430 5661 5382 5011 5665 5159 5438 5105 5261 5294 4852 4980 5073 4691 5370 5629 4999 5103 5094 5599 4787 5199 5313 4653 5090 5467 5562 4969 4909 4769 5331 4961 4850 5496 5122 5195 5006 4702 5067 5441 5333 5491 5311 5274 5217 4719 5022 5372 4873 4831 5142 4994 4953 5347 5893 5390 5285 4997 5276 5126 5149 5333 5295 5035 4981 5477 5052 4717 5174 5165 5035 5190 5155 5248 5531 5283 5033 5444 4614
4786 5132 5450 5656 5356 5319 5232 5318 4911 5059 5481 5540 5277 5981 5068 5332 5373 5652 5576 5371 5230 5741 5357 5283 5141 5311 5184 5436 5239 5451 5853 5642 4969 5427 5318 5397 5578 5685 5155 5590 5295 4958 5232 5173 5262 5009 5070 5486 5260 5296 5379 5571 5422 5083 5146 5128 5936 5151 5805 5388 5414 5717 5051 5256 5377 4878 5052 5269 5121 5223 5228 4439 5587 5230 5581 5548 4834 4904 5529 5535 5115 5281 5174 5273 5175 5108 5178 5657 5149 5421 5478 5630 4769 5396 4955 5224 5144 5298 4912 5527 5366 5482 5542 5529 5214 5173 5225 5378 5488 5183 4796 5501 5358 5466 5379 5409 5348 5118 5075 5368 5797 5260 5185 5352 5310 5249 5224 5727 5219 5461 5445 5537 5329 4684 5189 5304 5642 5625 5129 5348 5594 5685 5692 5298 5220 5508 5125 5331 5519 5201 5540 5133 5790 4882 5291 5261 5443 5233 5314 5577 5851 5266 5196 5100 5492 5599 5202 5627 5249 5283 5203 4857 5340 5580 5147 5277 5254 5344 5476 5154 5168 5511 5286 5607 5192 5318 5483 4721 5091 5177 4677 5143 5486 5252 5254 5192 5463 4812 5353 5308 4578 5421 5849 5603 5306 5098 4809 5771 5341 4949 5497 5262 5427 5184 5007 5184 5706 5441 5501 5355 5073 5074 4847 5149 5356 4642 5059 5220 5305 4791 5281 5740 5437 5106 5359 5399 5006 5142 5258 5237 5297 5274 5588 5005 5108 5482 5058 5228 5144 5362 5131 5661 5193 5382 5654 4963
4903 4725 5012 5005 4871 4930 4744 5157 4798 4646 4998 4990 4689 5157 4629 5086 5037 5426 4811 4872 4760 5079 5000 5075 4700 5057 4995 5201 4922 4715 5457 5257 4603 5065 4996 5012 5139 5078 4778 4849 5101 4675 4850 4799 4988 4676 4692 5044 4834 5154 4906 4641 4695 4860 4918 4842 5126 4643 5019 5187 5047 5182 4636 4797 4925 4537 4843 4898 4756 4996 4782 4395 4948 4934 4931 5112 4553 4762 4949 5181 5003 4895 5051 4856 4795 4864 4618 5452 4680 4612 5004 5095 4211 5109 4452 4930 4900 4933 4783 4990 4708 4639 5075 4951 4907 5093 4787 4989 4931 5023 4586 5107 4713 5223 4993 5169 4848 4761 4732 4943 5040 4802 4606 4715 4952 4587 5093 5193 4724 5124 4901 5109 5006 4307 5056 4847 5293 5044 4595 4904 5222 5141 5102 5004 4873 5422 4885 5129 5182 4891 5115 4889 5243 4162 5059 4888 5042 4852 4934 5469 5299 4778 4401 4870 4847 5047 4786 5470 4963 4534 4861 4752 4800 5254 4574 5025 4827 5086 4993 4812 4887 5020 4907 5036 4797 4905 5145 4363 4502 4957 4180 5130 5063 4913 4919 4738 5167 4464 4916 4937 4524 4896 5081 5035 4521 4559 4530 5347 4621 4598 4885 5048 5133 4877 4424 4811 5186 4942 5055 5070 4868 4764 4604 4926 4881 4426 4528 4777 4966 4449 5119 5173 5280 5004 5030 4826 4792 4718 5122 4937 4811 4878 5044 4832 4661 4920 4707 4765 4777 5130 4943 5136 4668 4971 5405 4322
4659 5136 5061 5003 4990 5065 5191 5232 4908 4779 4955 5247 5142 5393 4935 4967 5075 5251 5045 4987 4861 5360 4988 4681 4933 5360 4900 5241 4627 4744 5314 5394 4747 5309 5363 5377 4782 5029 5026 5197 5278 5102 4994 4658 5084 4900 5146 5199 5070 4965 5050 5383 4972 5003 4865 4884 5411 5155 5189 4942 5073 5370 4807 4826 5142 4636 4700 5358 5007 5126 4939 4462 5128 5058 5088 5255 4482 4930 4799 5296 4797 4787 5330 4979 4539 5144 5108 5270 4960 5165 5103 5471 4689 5170 4617 5210 4904 4853 4844 5159 4595 4978 5075 5134 5063 4973 4955 4856 5219 4980 4933 5190 4445 5466 5016 5305 5131 5027 4816 5170 5272 4770 4583 5073 4811 4763 4766 5505 4875 5031 5079 5054 5064 4548 5197 5043 5347 5030 4711 5087 5071 5293 5122 5224 5051 5272 4680 4969 5440 5200 5422 4974 5308 4591 5154 5249 5194 5051 4999 5430 5362 5118 4680 5132 5010 5186 5083 5687 4951 4879 5083 4833 5257 5270 4742 4826 4962 5359 5325 5194 5151 5261 4852 5346 4906 5169 5249 4696 4792 4969 4483 5219 5348 4819 5048 4677 5287 4507 4921 4918 4774 4960 5240 5270 4849 4975 4627 5177 5037 4552 5228 4553 5186 4985 4815 5143 5216 5275 5304 4967 4976 5111 4494 4879 4739 4473 4798 5092 4884 4738 5240 5372 5197 4878 5190 4938 4856 4762 5125 5114 4773 5009 5130 4861 4703 5145 4830 5044 5229 4888 5035 5295 5231 5035 5584 4706
4731 5164 5133 5142 5203 4927 4875 5156 4652 5038 5026 5167 5083 5298 5171 4924 5224 5507 5126 4975 4728 5102 5515 5103 4985 5233 4960 5239 5082 5067 5480 5235 4752 5316 5410 5112 5085 5167 5110 4873 5278 4767 5020 4819 5089 4860 5023 5179 5140 5091 5288 4886 5046 4899 4808 4758 5302 4736 5297 5263 5049 5633 4942 5050 5120 4469 4812 4837 4981 4948 5005 4290 5390 5032 5321 5384 4746 4893 5196 5179 5041 4965 4820 4999 5017 5196 4647 5164 4760 4818 5248 5226 4544 5149 4738 5146 5061 4904 4986 5101 5059 4953 5085 5090 4832 5355 4937 5094 5318 5030 4896 5254 5100 5214 5193 5259 5203 4944 4914 5104 5399 5001 4932 5109 5027 4874 5035 5315 5017 5301 5058 5382 5395 4452 5000 5108 5499 5248 4828 5072 5119 5499 5240 5097 5103 5334 4867 4809 5389 5039 5395 5265 5432 4509 5137 5268 5376 4846 5143 5124 5533 4932 4699 4965 5004 5309 5049 5618 5159 5048 5210 4888 5209 5279 4783 5361 4886 5250 5135 5080 5151 5482 4835 5415 4668 5204 5173 4505 4826 4990 4545 5314 5263 4789 5311 5066 5235 4676 5165 5327 4944 4981 5332 5313 4988 4802 4747 5541 5002 4518 5085 4761 5188 5028 5032 4873 5562 5193 5389 5070 4874 4928 4605 4941 5134 4449 4605 4990 4849 4561 5278 5383 5391 4767 5027 4924 4785 4745 5165 4872 4791 5032 5257 4855 4931 5253 4779 4963 5122 4690 4876 5227 4960 4977 5499 4472
5316 5489 5481 5631 5641 5732 5629 5406 5484 5332 5731 5643 5177 6137 5336 5258 5530 5923 5599 5371 5485 5569 5631 5211 5381 5684 5325 5316 5393 5403 5840 5605 5282 5644 5853 5636 5476 5579 5200 5504 5653 5417 5242 5157 5370 5244 5508 5564 5543 5519 5463 5293 5531 5311 5422 5155 5907 5094 5816 5547 5284 5743 5318 5251 5416 5073 5397 5564 5435 5475 5450 4746 5438 5501 5818 5590 5207 5256 5462 5351 5265 5347 5564 5414 5032 5602 5510 5680 5649 5438 5808 5698 5146 5438 4952 5684 5349 5191 5219 5521 5426 5550 5626 5630 5450 5684 5730 5443 5597 5382 4986 5789 5595 5716 5649 5742 5515 5550 5225 5640 5795 5264 5039 5657 5346 5428 5588 5851 5614 5517 5527 5409 5816 5098 5461 5329 5821 5756 5158 5395 5304 5955 5673 5361 5665 5882 5052 5312 5952 5547 5861 5548 5811 4889 5643 5249 5736 5461 5494 5588 5953 5594 5201 5705 5589 5450 5338 5934 5314 5175 5367 5249 5511 5777 5442 5511 5847 5698 5558 5556 5756 5971 5369 5822 4990 5140 5701 5195 5163 5310 5122 5638 5942 5485 5485 5215 5377 4973 5429 5416 4903 5570 5914 5603 5393 5172 4994 5843 5068 4944 5503 5685 5463 5408 5023 5499 5825 5804 5462 5785 5071 5248 4933 5475 5415 5025 5272 5541 5203 4980 5675 5982 5748 5209 5562 5522 5460 5439 5801 5714 5309 5735 5276 5271 5441 5676 5094 5311 5312 5485 5398 5860 5532 5397 5726 5148
4910 5037 4953 4958 5300 5051 4801 4987 4669 4882 5196 5187 5083 5222 5050 4758 5207 5424 5133 5021 4993 5220 5214 4991 4884 5151 4856 5101 4883 5059 5583 5097 5070 5163 5056 4912 5089 5237 4904 5061 5229 4852 4853 4878 5130 4697 4750 5252 4970 5097 4997 4977 4896 4875 4848 4945 5292 4600 5223 5117 5226 5515 5040 4556 5216 4710 4996 5138 4683 4925 4872 4414 4888 4948 5093 5315 4741 5163 5016 5390 4930 4909 5060 5102 4788 4913 4969 5365 5171 4803 5320 5104 4663 4927 4917 5265 4818 4921 4731 5055 4828 5107 5172 5119 4996 5084 5051 5139 5017 5098 4759 5242 4859 5340 4881 5435 5097 4769 4827 5044 5224 4926 4734 5049 4890 4882 5206 5345 4839 5354 5227 5467 5368 4608 5092 5177 5288 5440 4888 4919 5210 5331 5445 5082 4897 5481 4831 4869 5415 5156 5533 4859 5514 4608 5171 4979 5325 4925 5020 5220 5242 5002 4723 5162 5123 5143 4900 5478 5142 4817 4837 4919 5043 5218 4839 5109 5094 5193 5379 5037 4879 5390 4858 5462 4670 4962 5403 4447 4514 4970 4632 5317 5368 5060 4980 4816 5202 4405 5110 4986 4861 5110 4776 5182 4902 4821 4437 5235 4656 4519 5195 5085 4864 5147 4776 4862 5512 5178 5229 4951 4925 4743 4509 4702 5023 4503 5013 4991 5010 4316 5360 5337 5407 4972 4928 5112 4813 4772 5173 5217 4948 5085 5131 5027 4673 5019 4863 4849 4996 4811 5149 5204 4937 4872 5256 4603
4705 5075 5053 4960 5109 4862 5001 4998 4862 4616 5041 5053 4979 5168 4534 4908 4984 5109 5390 5026 4665 5260 4910 4719 4831 4897 4533 5036 4627 4791 5193 5137 4798 5219 5074 4711 5166 5104 4698 5008 5473 4947 4791 4749 4681 4622 4781 5038 4836 4843 5046 5143 4909 4838 4792 5065 5263 4860 5200 4941 4821 5262 4678 4716 4905 4710 4749 4929 4898 5001 4913 4298 4808 5054 5064 5152 4673 4623 4911 5198 4788 5001 4974 4915 4648 4871 4572 5217 4656 4972 5162 5138 4396 5003 4575 4747 4840 4877 4697 4813 4958 5036 5260 5060 5018 4908 5117 4810 5104 5078 4639 5068 4531 5060 4908 5221 4695 5168 4799 5054 4961 4586 4595 4931 4458 4735 4778 4966 5042 4800 5089 5016 5295 4520 4939 4617 5335 5077 4693 4914 5034 4840 5267 5052 4878 5204 4829 4921 5127 4899 5141 5011 5262 4255 4964 4670 5178 4722 5117 5175 5157 4875 4639 4784 4900 5163 5200 5350 4972 4717 4845 4651 4929 5090 4789 4975 4863 5120 4967 4791 4957 5245 4771 5054 4781 4814 5225 4558 4681 4794 4577 5018 5055 4800 4728 4771 5002 4330 4904 4843 4548 5025 5178 5371 4640 4524 4400 5099 4685 4389 4741 5012 4875 4782 4242 4699 5187 4817 4895 5218 4833 4539 4727 4778 4973 4301 4401 4966 4767 4399 5052 5024 5020 4658 4999 4891 4850 4674 5264 5148 4794 4787 4890 4922 4480 5025 4582 4821 4608 4889 4862 5281 4719 4866 5162 4524
5247 5629 5203 5406 5451 5276 5277 5508 5153 5359 5306 5498 5274 5807 5287 5350 5557 5893 5563 5365 5170 5572 5714 5229 5511 5617 5196 5554 5338 5187 5805 5858 5148 5816 5524 5348 5402 5463 5233 5454 5641 5640 5306 5350 5576 5139 5447 5715 5518 5374 5626 5427 5406 5349 5445 5360 5909 5088 5631 5563 5393 5850 5135 4985 5711 4995 5108 5756 5350 5428 5329 5038 5571 5383 5562 5818 5188 5377 5468 5719 5237 5607 5504 5286 5053 5653 5195 5474 5377 5371 5653 5551 5137 5602 5230 5365 5259 5272 5045 5691 5296 5370 5753 5491 5586 5495 5469 5464 5556 5558 5112 5690 5078 6024 5357 5775 5351 5692 5206 5372 5724 5281 4920 5484 5371 5338 5247 5947 5322 5672 5427 5624 5541 5150 5595 5307 5839 5657 5104 5348 5254 5543 5511 5478 5476 5786 5247 5437 5262 5386 5729 5584 5661 4999 5494 5537 5434 5412 5536 5733 5543 5365 4948 5391 5453 5704 5720 6044 5358 5047 5381 5122 5529 5912 5462 5435 5536 5514 5610 5375 5557 5986 5484 5747 5198 5358 5770 4976 5019 5171 4852 5796 5676 5463 5345 5395 5568 4829 5480 5418 5121 5326 5388 5669 5155 4994 4949 5659 5237 4884 5502 5264 5489 5034 5133 5301 5624 5687 5502 5610 5367 5353 4895 5177 5214 4966 5145 5452 5029 5017 5776 5796 5785 5264 5564 5230 5204 5116 5554 5497 5324 5262 5461 5414 5006 5472 5243 5089 5205 5195 5411 5726 5599 5308 5619 4829
5401 5453 5382 5581 5668 5535 5566 5737 5149 5216 5849 5868 5367 5903 5283 5523 5635 6116 5696 5639 5380 5718 5816 5474 5492 5673 5164 5445 5465 5550 5989 5878 5214 5823 5819 5731 5708 5597 5343 5702 5773 5371 5373 5185 5524 5299 5500 5698 5665 5497 5741 5735 5637 5382 5386 5473 5994 5313 6151 5651 5755 5928 5406 5587 5687 4986 5409 5533 5588 5696 5592 4636 5664 5830 5694 5825 5286 5365 5432 5732 5256 5422 5672 5601 5359 5618 5499 5699 5320 5379 5611 5608 4934 5584 5151 5519 5534 5336 5503 5532 5412 5432 5812 5822 5610 5579 5426 5483 5753 5699 4906 5654 5445 5691 5781 5854 5741 5551 5246 5723 5856 5577 5173 5428 5375 5431 5262 5868 5646 5561 5618 5637 5812 5192 5576 5223 6015 5580 5361 5610 5521 5845 6018 5381 5502 5880 5251 5488 5941 5675 5814 5431 5896 4927 5607 5710 5792 5371 5386 5654 6024 5511 5127 5505 5559 5518 5814 5842 5597 5473 5386 5109 5665 5953 5437 5397 5495 5792 5880 5536 5460 5815 5293 5925 5382 5514 5794 5042 5182 5721 5071 5786 5934 5284 5754 5478 5660 4863 5572 5671 5163 5432 6066 5669 5331 5310 5241 5866 5341 5210 5370 5587 5695 5495 5281 5487 5894 5821 5731 5715 5279 5583 5162 5172 5492 4859 5308 5493 5293 5089 5775 5716 5545 5435 5851 5366 5593 5420 5743 5452 5590 5545 5658 5262 5167 5612 5559 5410 5520 5242 5320 5696 5439 5441 6088 5152
5246 5603 5507 5888 5682 5262 5382 5340 5272 5270 5542 5615 5238 5942 5250 5414 5469 6021 5551 5623 5403 5779 5764 5477 5457 5764 5162 5410 5231 5429 6060 5772 5375 5490 5695 5606 5531 5751 5157 5490 5642 5491 5440 5483 5658 5326 5361 5567 5467 5452 5691 5532 5686 5296 5289 5332 6053 5211 5700 5665 5609 5925 5222 5281 5758 4862 5373 5603 5469 5507 5445 4689 5668 5645 5694 5667 4972 5332 5398 5737 5571 5224 5397 5421 5189 5684 5394 5951 5430 5525 5688 6078 4775 5621 4974 5620 5568 5553 5495 5481 5466 5532 5610 5350 5541 5513 5592 5613 5873 5776 5018 5861 5449 5886 5687 5891 5545 5463 5502 5768 5981 5287 4944 5569 5264 5395 5307 6026 5637 5403 5702 5466 5294 5076 5503 5269 5793 5955 5254 5335 5763 5855 5877 5596 5385 5978 5448 5475 5990 5351 5840 5348 6022 5048 5132 5456 5763 5165 5534 5685 5566 5449 5270 5605 5568 5575 5453 5776 5703 5331 5425 5315 5508 5881 5403 5476 5492 5792 5761 5651 5523 6147 5382 5839 5173 5436 5675 5063 5000 5663 4792 5676 5893 5426 5558 5177 5648 4951 5535 5344 5077 5655 5626 5823 5381 5134 4832 5779 5162 5184 5480 5569 5358 5501 5053 5335 5742 5507 5700 5492 5563 5209 5133 5430 5514 4822 5418 5628 5407 5055 5674 6071 5742 5292 5759 5504 5309 5464 5391 5539 5564 5387 5625 5564 5258 5640 5277 5596 5492 5695 5594 5766 5468 5287 5897 4934
4902 5268 5327 5146 5058 5046 5047 5001 4900 4971 5046 4897 4969 5293 5093 4903 5166 5294 4906 5102 4945 5272 5214 4992 4876 5210 4970 4863 4932 5168 5520 5435 4850 4875 5193 5385 5038 5053 4679 5198 5440 4806 4756 4899 5099 4838 5151 5127 5278 4897 5070 4987 4947 4891 4978 4925 5552 4911 5173 5137 5251 5353 4810 4912 5113 4566 4808 5280 4999 5040 5223 4552 5079 5195 5013 5188 4650 4835 5093 5101 4837 4918 4921 4923 4791 5304 4836 5439 5061 4969 5335 5400 4704 5133 4768 5310 5088 4909 4862 5107 4940 4834 5561 5313 4926 5197 5067 4952 5236 4903 4625 5265 4771 5314 5169 5253 5155 5043 4625 4912 5178 4762 4618 5087 4805 4727 4973 5393 4887 5157 4856 5022 5058 4619 5026 4812 5355 5027 4828 5186 5192 5402 5326 4935 5261 5478 4955 5144 5396 5110 5465 4981 5392 4373 5135 5308 5186 5094 4836 5275 5412 4707 4688 5048 4871 5094 5047 5456 5021 4867 4978 5004 5224 5244 4842 4847 4971 5323 5155 5125 5479 5539 4983 5228 4772 5119 5142 4366 4634 5040 4675 5375 5692 5093 5327 5089 5179 4509 5197 5178 4860 5103 5016 5349 4701 4856 4586 5153 4701 4715 5044 4936 5129 4903 4737 5101 5299 5281 5134 5174 5087 4955 4342 4922 5191 4553 4665 5193 5083 4463 5396 5479 5307 4637 5045 5052 4970 4924 5303 4903 5088 5064 4720 5065 4642 4945 4949 4880 4969 5027 5088 5190 5012 5127 5267 4649
4954 5307 5281 5447 5387 5193 5331 5229 5014 4864 5543 5531 5321 5689 5072 5093 5402 5645 5070 5403 5424 5676 5351 5371 5264 5404 5040 5484 5352 5350 5425 5536 5107 5550 5302 5300 5489 5243 4910 5268 5474 5380 5008 5089 5291 4870 5139 5388 5449 5239 5198 5014 5058 4921 5281 5269 5491 4930 5466 5413 5413 5577 5019 5327 5098 4917 5292 5401 5084 5189 5241 4303 5326 5191 5376 5543 4830 5042 5539 5461 5181 4889 5333 5211 5016 5187 4924 5515 5042 5329 5494 5812 4874 5342 5115 5584 5065 5153 5275 5200 5327 5167 5776 5578 5345 5198 5326 5338 5510 5090 4883 5437 5092 5420 5155 5418 5399 5260 5148 5290 5769 5148 4876 5470 5274 5006 5114 5806 5307 5319 5531 5488 5595 4866 5392 5248 5778 5591 5093 5369 5425 5816 5789 5409 5494 5904 5130 5214 5678 5440 5470 5022 5674 4527 5391 5251 5500 5236 5299 5504 5712 5311 5021 5340 5321 5721 5197 5656 5230 5034 5245 5002 5283 5887 5022 5268 5211 5399 5310 5336 5483 5593 5095 5498 4931 5049 5553 4819 4825 5239 4914 5539 5682 5250 5461 5072 5471 4703 5433 5451 4752 5246 5576 5715 5003 5208 4915 5626 5145 4916 5258 5138 5287 5037 4820 5188 5722 5198 5536 5336 5060 5307 5136 5298 5288 4604 5064 5493 5367 4957 5237 5364 5263 5094 5533 5416 5106 4875 5397 5348 5106 5196 5438 5134 5070 5299 5232 5372 5244 5272 5280 5438 5466 5363 5898 4916
4840 5265 5076 5376 5216 5138 5246 5275 4871 5034 5580 5259 5362 5535 5125 5398 5084 5790 5343 5214 5219 5550 5437 5064 4850 5179 5183 5179 5361 5292 5846 5502 5071 5458 5196 5367 5347 5431 5176 5185 5450 5321 5023 5066 5162 4978 5294 5453 5073 5205 5349 5273 5116 5022 5024 5161 5535 4932 5501 5312 5335 5725 5044 5274 5299 4848 5199 5155 5247 5164 5333 4455 5398 5250 5492 5572 4851 5014 5474 5341 4934 4969 5281 5059 5246 5048 5233 5591 4964 5057 5522 5224 4797 5400 4926 5337 5183 5214 5158 5376 4990 4957 5464 5460 5303 5137 5437 5499 5223 5127 4901 5401 4776 5410 5408 5489 5099 5348 5020 5143 5342 5344 4934 5148 4957 4917 5359 5376 5229 5349 5206 5444 5303 4896 5250 5118 5533 5237 5184 5129 5585 5513 5640 5088 5209 5685 5106 5124 5667 5286 5447 5359 5787 4790 5214 5276 5662 5203 5635 5342 5324 5205 4601 5486 5142 5616 5290 5741 5132 5007 5227 4825 5243 5437 5016 5230 5018 5335 5476 5301 5361 5570 4862 5451 5100 5206 5414 4563 4707 5306 4909 5589 5492 5032 5392 5224 5355 4536 5147 5321 5191 5153 5575 5643 4946 4975 4803 5425 5248 4877 5026 5242 5476 5315 4925 5253 5546 5622 5470 5351 5139 5482 4842 4926 5353 4959 4908 5175 4962 4690 5668 5624 5277 5084 5395 5075 5376 5101 5526 5241 5044 5445 5547 5037 4957 5309 4954 5083 4963 5162 5315 5411 5242 5184 5735 4865
5431 5258 5454 5359 5421 5630 5714 5469 5216 5158 5510 5666 5172 5756 5115 5517 5280 6017 5311 5442 5418 5708 5658 5229 5268 5396 5582 5238 5158 5048 5826 5654 5162 5569 5386 5514 5385 5497 5067 5192 5625 5379 5466 5064 5413 5092 5307 5635 5689 5484 5266 5516 5458 5169 5248 5366 6098 5075 5433 5664 5449 5780 5015 5628 5507 4970 5208 5607 5481 5638 5241 4615 5578 5288 5644 5560 4705 5079 5329 5618 5198 4967 5392 5305 5384 5384 5219 5883 5099 5269 5573 5656 4924 5551 4985 5541 5396 5248 5156 5587 5432 5240 5718 5655 5427 5100 5419 5317 5819 5427 5098 5565 5060 5608 5571 5467 5190 5276 5121 5483 5857 5225 5175 5472 5446 5324 5348 5710 5175 5369 5632 5657 5481 4773 5316 5169 5674 5599 4903 5517 5740 5706 5704 5498 5207 5628 5349 5694 5412 5586 5615 5619 5868 4742 5438 5460 5766 5414 5405 5634 5666 5549 4820 5564 5349 5706 5437 5722 5498 5544 5235 5234 5374 5603 5221 5353 5426 5589 5440 5403 5578 5788 5241 5733 5321 5363 5563 4768 5006 5352 4864 5212 5667 5217 5365 5165 5505 4768 5458 5448 5148 5553 5742 5593 5161 4964 4879 5485 5252 5165 5509 5292 5410 5433 4824 5458 5881 5554 5766 5535 5599 5205 5126 5298 5521 4892 5254 5481 5227 4918 5549 5630 5614 4972 5442 5257 5220 5193 5610 5422 5071 5396 5663 5332 5092 5444 5175 5059 5462 5521 5616 5796 5147 5150 5882 4817
4835 5175 5056 5367 5423 5099 5388 5045 5059 4849 5405 5158 4949 5723 5019 4832 5137 5318 4941 5077 5056 5391 5145 5216 5024 5183 5328 5290 4995 4928 5595 5452 4994 5072 5089 5106 5202 5068 4940 5231 5529 5225 5062 4674 5022 5029 4955 5350 4980 5161 5100 5181 5112 4762 5063 5037 5653 5070 5534 5294 5092 5923 4661 5006 5401 4836 4898 5374 5099 5183 5112 4593 5255 5315 5272 5505 4864 4889 5039 5253 5040 4932 5103 5161 4755 5138 4963 5568 4992 5128 5391 5188 4768 5337 4727 5305 4900 4958 4764 4996 5144 5120 5435 5085 5324 5079 4985 5176 4958 5065 4828 5065 5014 5298 5333 5214 5104 5133 5093 4971 5388 5081 4854 5007 5063 4850 4977 5614 4983 4856 5064 5315 5373 4835 5108 4910 5585 5321 5124 5155 5433 5440 5641 5174 5113 5158 5113 4922 5520 5256 5350 5173 5642 4720 4989 5173 5333 5095 5144 5338 5534 5102 4577 5281 5048 5338 5171 5471 5189 5045 5182 4894 5143 5413 4863 5001 5094 5309 5222 5258 5016 5584 5014 5557 4904 5249 5296 4650 4690 5220 4931 5156 5417 4977 5105 4765 5371 4679 5220 4814 5016 5138 5174 5322 4922 4872 4690 5311 4842 4774 4885 5012 5079 5312 4818 5128 5381 5115 5308 5167 5245 5013 4812 5012 4937 4644 4886 5272 5106 4577 5332 5228 5370 4688 5091 5210 5269 5022 5354 4932 4897 5435 5325 4889 4988 5362 5023 5002 4941 4798 5301 5286 5102 5048 5299 4671
5145 5404 5350 5624 5590 5782 5629 5578 4966 5444 5541 5615 5316 6075 5431 5670 5734 6115 5442 5587 5373 5731 5797 5366 5196 5492 5222 5519 5559 5712 5916 5873 5188 5524 5583 5419 5443 5785 5493 5787 5651 5128 5461 5314 5443 5239 5241 5511 5510 5624 5284 5625 5775 5348 5277 5264 6020 5579 5894 5589 5506 5902 5371 5156 5542 4990 5210 5720 5036 5354 5530 4710 5535 5640 5576 5894 4731 5379 5581 6124 5196 5615 5498 5222 5027 5547 5198 6008 5559 5322 5683 5733 5076 5843 5233 5393 5112 5403 5266 5692 5421 5493 5613 5381 5476 5651 5554 5365 5596 5355 5176 5675 5203 6007 5572 6246 5359 5305 5088 5603 5901 5158 4992 5412 5383 5305 5258 5830 5698 5357 5683 5579 5685 5046 5595 5478 5721 5763 5216 5487 5652 5843 5536 5534 5389 5975 5552 5602 5752 5551 5932 5372 6033 5167 5625 5586 5774 5228 5700 5800 5877 5334 5086 5405 5622 5925 5417 5829 5612 4969 5453 5260 5607 5901 5226 5283 5441 5804 5784 5418 5527 6016 5468 5843 5293 5471 5833 5013 4931 5605 5006 5679 5854 5522 5518 5430 5544 4970 5305 5513 5082 5678 5767 5664 5314 5114 4990 5824 5377 4807 5510 5449 5683 5561 5138 5475 5675 5464 5501 5547 5548 5330 4953 5436 5509 4867 5275 5589 5579 5086 5652 5881 5907 5254 5656 5519 5458 5305 5765 5458 5610 5534 5755 5232 5087 5446 5305 5358 5289 5297 5524 5715 5306 5319 5398 5160
4627 5476 5366 5630 5694 5670 5548 5299 5600 5173 5387 5788 5324 5910 5364 5486 5816 5937 5603 5761 5504 5760 5641 5408 5630 6098 5170 5879 5094 5290 5689 5803 5158 5616 5515 5705 5685 5520 5314 5476 6004 5254 5390 5301 5526 5252 5394 5742 5739 5467 5527 5435 5494 5229 5148 5388 5917 5214 5806 5461 5358 5939 4913 5185 5286 4899 5442 5783 5247 5178 5414 4526 5438 5248 5857 5599 5090 5160 5725 5753 5231 5374 5486 5145 5377 5456 5311 5691 5569 5516 5680 5822 5277 5547 5260 5739 5248 5565 5227 5571 5492 5565 5836 5488 5565 5438 5641 5478 5441 5377 5099 5437 5262 5847 5632 5864 5411 5446 5325 5600 5866 5225 4979 5506 5354 5504 5520 5750 5516 5507 5668 5604 5756 4799 5276 5255 6002 5746 5257 5479 5653 6029 5764 5662 5494 5782 5564 5634 5850 5487 5829 5438 5936 4792 5463 5534 5684 5198 5498 5750 5678 5218 5089 5880 5379 5730 5451 6254 5555 5134 5523 5291 5340 5744 5103 5365 5576 5427 5719 5598 5429 5931 5505 5646 5120 5673 5659 5037 5000 5579 4969 5560 5695 5516 5475 5464 5547 4853 5565 5670 4883 5570 5623 5943 5557 5099 4967 5584 5107 5184 5464 5299 5584 5321 5077 5307 5853 5609 5630 5653 5224 5406 4850 5532 5647 4940 5008 5475 5398 4958 5521 5862 5782 5305 5679 5588 5391 5433 5975 5389 5444 5481 5610 5310 5045 5636 5342 5352 5283 5424 5467 5623 5367 5415 5572 4982
4670 4970 4991 5404 5208 5059 5061 4789 4811 4734 4812 5169 5079 5400 4805 4920 5229 5373 5101 5294 4906 5398 5167 4942 4922 5348 4674 5001 4817 5027 5274 5447 4740 4962 5082 5004 4896 5079 4899 5084 5054 4798 4830 4725 5087 4680 4995 4981 4957 4958 5132 4963 5152 4715 4789 4951 5234 4863 5340 4985 5176 5463 4700 4949 4723 4483 4919 4966 4825 4807 4991 4461 4938 5060 5093 5177 4743 4657 4923 5028 5047 4858 4916 4946 4716 5129 4802 5184 4950 4947 5044 5414 4762 5010 4683 4880 4998 4849 4644 4956 4956 4747 5323 4991 4701 4851 5173 4821 5061 5075 4485 5117 4795 5184 5085 5297 5116 4924 4794 5113 5281 4835 4667 4897 4886 4779 4959 5298 4950 5255 5151 5220 5121 4562 5139 4950 5340 5228 4713 5038 4994 5592 5395 5203 4888 5278 4904 5045 5323 5057 5349 4707 5485 4583 5102 5001 5301 4924 5123 5268 4965 5110 4661 5251 4745 5126 4900 5456 5113 4799 4987 5033 4899 5182 4432 4915 5098 5263 5381 5028 5220 5523 4985 5306 4631 5018 5343 4454 4398 4998 4647 5233 5448 5020 5106 4714 5140 4302 4828 5266 4627 5192 5137 5244 4822 4822 4391 5170 4684 4553 4959 5009 5177 4774 4687 4971 5294 5097 5030 5045 4839 4845 4511 4900 5108 4503 4582 4903 4779 4324 5169 5331 5109 4825 5279 5236 4933 4719 5135 5028 4892 4883 4874 4826 4688 4833 4598 4753 5076 4986 4913 4953 4914 4876 5137 4652
4704 4824 4847 5026 5095 4961 5074 5028 5010 4824 5045 4975 4839 5266 4729 4947 5175 5407 5275 5070 4786 5176 5120 5054 4925 4954 4953 5087 4793 5000 5299 5337 4943 5331 5021 5143 5070 5027 4805 4953 5243 4916 4710 5073 4812 4812 4891 5045 4968 5099 4913 5223 4790 4987 4926 4914 5381 4753 5275 4991 5038 5165 4727 4519 5191 4453 4888 5119 4663 4998 4850 4318 5020 4953 5212 5244 4780 4796 5128 5147 4862 4982 4933 4857 4796 5007 4738 5386 4914 5209 5130 5282 4489 4983 4700 5125 4799 4872 4958 4886 4753 4731 5257 5140 5095 5076 4936 5167 5055 5048 4689 4952 4732 5368 5051 5317 5063 5016 4998 4813 5352 4841 4633 5146 4626 4720 4784 5237 5013 5051 4945 4962 4960 4622 4810 4718 5350 5071 4479 4901 4909 5161 5466 4820 4902 5381 4576 5100 5365 5071 5231 4814 5374 4351 4881 4925 5455 4972 4969 5337 5356 5052 4676 4876 5107 5197 5164 5100 4927 4749 4885 4740 5161 5342 4868 4943 5215 4929 5290 5101 5109 5150 5038 5012 4628 4871 5319 4539 4402 5175 4504 4999 5348 4907 4963 4543 5046 4529 5067 4952 4392 4823 5213 5032 4815 4723 4393 5145 4585 4650 4880 5141 5047 4821 4666 4984 5171 5135 5150 5328 4999 4783 4466 4679 4879 4509 4775 5034 4869 4661 5083 5316 5332 4787 4994 5136 4861 4650 5186 4989 4938 4935 5062 4708 4823 5047 4941 4816 4758 5097 5074 5280 5067 5162 5374 4653
4726 5149 5040 5192 4755 4806 4977 4977 4781 4702 4805 5128 4869 5414 4624 4948 4976 5138 4801 5071 4807 4990 4833 4943 4646 5120 4753 5066 4832 4974 5187 5398 4622 5060 5054 4973 4972 5269 4645 5028 5160 4879 5126 4718 4869 4828 4835 4897 5038 4886 4947 5114 4871 4664 4535 4881 5228 4719 5034 5292 5182 5458 4888 4828 5008 4640 4886 4945 4776 4985 4762 4317 5065 4884 5100 5310 4462 4710 4951 5168 4584 4982 5123 5062 4623 4719 4833 5437 5204 5019 5099 5269 4483 4930 4564 5083 4878 4860 4878 5437 4878 4793 5338 4891 4873 4971 4942 5012 4977 5019 4655 5396 4710 5083 4963 5316 5237 5008 4646 4946 5017 4799 4686 4894 4876 4833 4606 5679 5038 4965 5125 4909 5286 4457 5212 4903 5256 5081 4887 5143 4833 5258 5237 4981 4868 5261 4811 4944 5028 5080 5341 4598 5432 4646 4849 5025 5234 4883 4912 5028 5302 4877 4655 5106 4950 5143 5247 5236 5074 4880 4883 4833 5116 5336 4556 4816 4978 5003 5041 4966 4929 5119 4657 5080 4757 5078 5230 4465 4457 5138 4382 5127 5165 4947 5033 4735 5003 4503 4844 4984 4625 4770 5194 5373 5138 4733 4279 5166 4754 4580 5110 4810 5027 4869 4793 5035 5378 5203 5160 4997 4884 4762 4468 4812 4898 4528 4515 5088 4880 4409 4952 5173 5188 4824 4988 5239 4844 4442 4960 4799 5217 5271 4940 4770 4789 4993 5030 4962 4861 4996 4953 5283 4830 4943 5256 4616
4969 5233 5341 5421 5427 5069 5001 5291 5076 5003 5301 5339 4949 5800 5137 5013 5272 5638 5084 5465 4882 5472 5341 5299 5302 5349 4882 5520 5129 5424 5738 5508 4867 5078 5180 5463 5371 5541 5002 5407 5484 4798 5232 4973 5329 5118 4998 5347 5288 5232 5236 5096 5415 4927 5108 5176 5530 5237 5447 5455 5198 5637 5049 5281 5218 4774 4868 5402 5024 5317 5245 4503 5451 5290 5407 5741 4795 5066 5331 5524 5344 5161 5205 5421 5027 5412 4818 5472 5138 5465 5425 5749 4804 5379 4944 5296 5092 5294 4964 5322 4912 5360 5386 5137 5205 5007 5041 5090 5396 5148 4970 5344 4972 5435 5241 5664 5247 5049 4997 5352 5522 5434 4988 5141 5152 5239 4920 5543 5000 4971 5228 5446 5296 4346 4907 4805 5504 5465 5037 5026 5146 5479 5753 4917 5201 5418 5193 5002 5736 5251 5367 5277 5573 4677 4968 5462 5449 5000 5410 5481 5674 5035 4850 5088 5135 5241 5239 5551 5257 5052 5370 4940 5314 5546 4896 5085 5091 5532 5265 5270 5225 5529 4910 5373 5110 4993 5434 4794 4749 5189 4729 5403 5386 5329 5054 4983 5257 4654 5235 5237 4784 5098 5110 5505 5224 5039 4786 5392 4983 4867 5265 5303 5403 5043 4800 5391 5374 5280 5417 5228 5479 5049 4777 5090 5080 4653 4624 5123 5269 4676 5097 5571 5160 4744 5513 5424 5074 5126 5311 5129 5247 5272 5176 5166 5073 5183 4957 5131 5015 5369 5096 5534 5186 5215 5220 4830
5214 5685 5604 5505 5872 5503 5611 5771 5520 5448 5702 5542 5548 5950 5510 5414 5755 6053 5519 5555 5295 6077 5825 5426 5542 5555 5412 5536 5475 5574 5994 5900 5291 5834 5713 5805 5591 5734 5475 5717 5831 5390 5645 5569 5267 5512 5507 5704 5500 5830 5441 5510 5635 5510 5250 5350 6003 5326 5867 5789 5569 5920 5407 5304 5681 5152 5221 5786 5417 5607 5460 4461 5620 5556 5884 5655 5120 5479 5678 5726 5153 5449 5655 5552 5286 5717 5677 5778 5685 5502 5729 5819 5122 5779 5343 5712 5235 5381 5533 5790 5332 5463 5899 5633 5517 5530 5676 5392 5626 5402 5339 5964 5202 5853 5760 5784 5560 5538 5493 5869 5816 5679 5250 5930 5421 5432 5543 6063 5415 5771 5538 5787 6103 5168 5877 5418 5992 5707 5285 5617 6069 5912 5881 5705 5553 5872 5364 5505 5967 5804 5901 5377 5970 5053 5782 5385 5968 5613 5674 5852 6076 5617 5148 5582 5610 6013 5565 6163 5585 5321 5392 5363 5681 5894 5287 5671 5572 5673 5562 5604 5735 6010 5523 5712 5308 5185 5923 5038 5090 5574 5269 5854 6140 5712 5701 5227 5829 5115 5355 5611 5284 5856 5829 6023 5252 5347 5104 5821 5442 4969 5505 5664 5529 5583 5204 5764 5911 5694 5846 5782 5564 5525 5131 5622 5580 5259 5432 5412 5447 4919 5832 5943 5703 5293 5687 5609 5547 5570 5811 5646 5171 5668 5740 5267 5327 5599 5322 5383 5631 5647 5644 5832 5459 5489 5929 5204
4713 5039 5031 5132 5261 4572 5002 5341 4598 4787 4983 5030 5065 5233 4879 4963 5186 5299 4922 5119 4931 4972 5015 4969 4955 5145 4821 5036 4975 4933 5595 5036 4903 4931 4845 5404 5241 5124 4691 4878 5309 4960 4783 4651 4795 4686 5121 5034 4998 4813 5204 4940 5095 4776 5134 5066 5055 4554 5146 5084 5043 5403 4701 4965 4903 4601 5015 5079 4788 4977 5090 4284 5244 5055 5220 5448 4632 4882 5123 5347 4929 5039 5090 4818 4725 5044 4977 5046 4888 4835 5183 5308 4420 5245 4733 4995 4737 4843 4558 4903 5019 4871 5323 5093 4991 4992 4977 4926 5148 4808 4566 5097 4572 5384 5105 5328 4930 5082 4850 4876 5060 4859 4564 4771 4717 4885 5098 5392 4864 4985 5257 5231 5060 4504 5118 4888 5225 5407 4735 5159 4908 5359 5145 4853 5048 5307 4842 4832 5169 5129 5359 5025 5229 4763 4990 4861 4964 4767 5083 5245 5176 5025 4472 4890 4765 5090 5119 5300 5206 4667 4897 4836 5045 5071 4684 5087 4769 5150 5133 5262 5084 5237 4824 5130 4713 4845 5156 4282 4750 5050 4682 5361 5143 4761 4588 4864 5276 4373 5094 5177 4672 5134 5263 5097 4591 4911 4761 5412 5027 4146 5040 5004 5144 4958 4605 4872 5142 5141 5315 5049 4780 4941 4529 4997 5075 4640 4852 4954 4880 4626 5107 5491 5293 4950 4895 4833 4728 4804 4921 4955 5002 4849 5096 5007 4720 5119 4859 4655 5060 5142 4889 5380 4861 4999 5220 4602
4680 5067 4978 5108 5317 4811 5018 5130 4664 4687 4986 5069 5093 5236 4973 5001 5146 5428 5338 5074 4913 5354 5076 4822 4737 4954 4852 5078 5094 4961 5454 5138 4605 4882 4846 5033 4935 5136 4829 4949 5225 4894 4744 4777 4726 4732 4925 5062 4954 4836 4927 4988 5066 4854 5095 5060 5350 4893 5242 5064 4916 5291 4760 4674 4974 4531 4715 4847 4768 4999 4933 4145 5014 4855 5174 5180 4723 4865 4859 5157 4879 4995 5133 5033 4667 5060 4847 5123 4923 5003 5123 5393 4492 5059 4320 5185 4835 5045 4841 5089 4985 5059 5464 4875 4886 5015 5010 4980 5199 5186 4649 5182 4598 5270 4973 5164 4998 4854 4966 5223 5258 4979 4673 5021 4893 4627 4857 5387 4967 5133 5196 5105 4877 4397 5205 4854 5250 5260 4837 4792 5038 5436 5393 5302 4950 5297 4938 4994 5236 4936 5152 4739 5394 4432 5000 4896 5313 5117 5060 5262 5225 4920 4549 4698 5015 5281 4827 5454 4813 4404 5021 4743 5101 5480 4729 4992 4730 5140 5177 4938 4793 4969 4754 5125 4926 4950 5225 4339 4889 5057 4827 5214 5221 5067 5113 4844 5037 4358 5046 4822 4552 5167 5241 5151 4705 4706 4587 5143 4749 4542 4898 5208 5211 4892 4613 4789 5257 5182 4961 4993 4840 4873 4496 4863 4784 4575 4625 4957 4851 4545 4984 5365 5098 4797 5153 5015 4729 4797 5288 5062 4799 5063 5166 5101 4718 4993 4779 4728 4926 4923 5129 5346 4842 4846 5369 4473
4888 5359 5256 5690 5345 5155 5576 5397 5099 5190 5415 5630 5165 5525 5100 5587 5312 5839 5240 5772 5263 5692 5295 5225 5361 5228 5263 5550 5195 5112 6093 5947 5112 5225 5612 5406 5558 5629 5180 5410 5602 5247 5464 5003 5455 5173 5163 5604 5457 5177 5471 5463 5379 4986 5325 5113 5795 5204 5634 5530 5566 5696 5256 5108 5409 5029 5206 5346 5388 5320 5271 4765 5423 5464 5612 5977 5045 5092 5314 5798 5273 5357 5412 5335 5213 5501 5260 5723 5264 5424 5880 5827 4949 5314 5046 5607 5305 5406 4953 5289 5265 5322 5766 5441 5376 5378 5456 5359 5631 5084 5024 5557 5154 5606 5286 5761 5257 5232 5239 5416 5507 5214 5039 5286 5168 5432 5295 5978 5305 5292 5690 5640 5524 4998 5561 5176 5836 5655 5071 5578 5462 5721 5794 5374 5302 5839 5165 5374 5837 5372 5854 5233 5759 4594 5355 5436 5704 5070 5425 5376 5632 5516 5000 5492 5374 5783 5652 5928 5583 5293 5540 5292 5716 5649 5190 5502 5358 5479 5734 5233 5563 5748 5220 5727 5142 5320 5416 4824 4847 5472 5030 5741 5257 5324 5335 5022 5381 4703 5478 5436 4880 5454 5440 5692 5311 5164 4665 5505 5287 4994 5826 5309 5434 5225 5117 5242 5989 5624 5253 5447 5321 5395 4962 5304 5318 4820 5256 5316 5230 5061 5386 5716 5405 5214 5527 5420 5365 5209 5630 5322 5307 5523 5639 5009 4894 5413 5038 5315 5497 5557 5459 5649 5516 5430 5707 4898
4696 5159 4940 4919 4980 5133 5067 5046 5005 4729 5046 5047 4998 5205 4885 4771 5074 5425 5069 4895 4971 5399 5133 4829 4825 5052 4949 5205 4757 4728 5672 5262 4662 5097 5175 4850 5074 5243 5236 4940 5160 5065 4790 4522 5121 4861 5088 5208 5016 5013 5083 4859 4965 4910 5038 4802 5330 4695 4958 5029 5128 5183 4771 4950 5271 4578 4883 5434 4850 4887 4814 4510 4954 5045 5286 5382 4351 4792 4976 5383 5023 4935 5056 4736 4922 5066 5024 5222 5083 4998 5224 5418 4700 5074 4648 5269 4923 5011 4538 5220 4832 5153 5138 4893 4928 4845 5255 4898 5018 4886 4766 5272 4575 5197 5177 5249 5013 5166 4882 5128 5302 4769 4696 5059 4942 4947 4958 5217 5095 4861 5041 5022 4989 4489 5172 4881 5209 5246 4989 4801 5105 5211 5202 5038 4896 5122 4934 4956 5191 5175 5242 5005 5501 4401 5366 4976 5390 4818 5125 5116 5311 4905 4846 5169 4974 5158 4930 5432 4882 4937 5074 4950 5252 5206 4758 4862 5061 5266 5331 4829 5208 5345 5028 5372 4951 5055 4892 4429 4605 4707 4659 5207 5323 5002 5160 4554 5206 4296 5106 4994 4713 5031 5418 5473 4848 4990 4328 5206 4777 4662 5431 4877 5045 5075 4844 5040 5473 5015 5075 4979 5042 5010 4519 5004 5039 4488 4659 5066 4868 4484 5060 5320 4960 4743 4959 5096 4928 5172 5067 5191 4737 5192 5050 4767 4708 4943 4798 4714 4988 4948 5011 5328 4957 5027 5268 4491
4907 5403 5042 5529 5183 4887 5322 5471 5295 5188 5360 5570 5229 5694 5302 5351 5383 5782 5431 5345 5383 5513 5647 5062 5238 5430 5209 5261 4986 5250 5541 5762 5128 5585 5329 5278 5428 5539 5317 5393 5745 5463 5116 5283 5153 4952 5473 5607 5329 5268 5541 5589 5474 5174 5432 5340 5932 5112 5764 5561 5404 5771 5026 5152 5413 4844 5194 5376 5122 5403 5276 4554 5509 5539 5499 5610 4876 5134 5259 5796 5208 5416 5377 5305 5147 5608 5121 5661 5290 5193 5623 5695 4943 5406 4961 5587 5117 5225 5346 5193 5331 5282 5610 5513 5508 5326 5514 5591 5606 5350 5013 5534 5075 5745 5404 5661 5401 5443 5217 5377 5630 5306 4769 5470 5138 5299 5225 5668 5465 5326 5658 5566 5664 5092 5601 5314 5630 5584 5156 5565 5746 5233 5764 5467 5256 5738 5309 5379 5515 5247 5526 5449 5916 5091 5507 5246 5760 5430 5413 5747 5475 5384 4899 5300 5452 5542 5628 5818 5552 5250 5441 5031 5345 5724 5175 5504 5731 5654 5220 5575 5600 5716 5085 5533 5035 5093 5752 4648 4791 5516 4777 5417 5419 5347 5260 5254 5494 4745 5302 5150 5004 5226 5827 5585 5333 4972 4859 5578 5310 5063 5128 5135 5413 5086 4849 5189 5672 5295 5387 5664 5399 5412 5062 5173 5317 5108 5289 5268 5294 5081 5904 5819 5647 5123 5531 5255 5400 5319 5292 5507 5411 5384 5726 5153 4692 5745 5175 5250 5156 5349 5246 5664 5294 5090 5613 5037
5012 5151 5325 5266 5632 5101 5054 5192 5119 5114 5194 5211 5132 5524 5127 5165 5194 5512 5396 5422 5163 5509 5437 5168 5041 5276 5090 5260 5126 4864 5730 5326 4947 5157 5383 5318 5077 5420 5114 5238 5546 5170 5253 4856 5044 5146 5268 5360 5560 5311 5321 5344 5276 5096 5202 4906 5348 4809 5363 5422 5169 5651 5080 5189 5334 4826 4990 5203 5089 5274 4983 4523 5262 5225 5503 5216 4703 4904 5073 5390 5139 5056 5212 5171 4894 5360 5067 5436 5349 5196 5245 5571 4544 5448 4545 5589 5074 5259 5082 5257 4909 5343 5501 5103 5251 5294 5093 5126 5392 5177 4973 5345 4891 5340 5357 5519 5015 5204 4882 5091 5565 5026 4876 5438 5014 5023 5030 5454 5208 5033 5228 5283 5271 4531 5300 5106 5436 5420 4948 5207 5520 5681 5381 5220 5334 5285 5044 4913 5602 5349 5398 5107 5677 4610 5118 5205 5479 5003 5109 5669 5467 5076 4825 5278 5000 5310 5333 5523 5347 4968 5183 4998 5078 5265 4952 5092 5205 5447 5352 5277 5093 5411 5129 5326 4900 5233 5433 4779 4484 5431 4600 5334 5324 4955 5218 5071 5306 4685 5317 5163 4902 5213 5194 5255 5091 4710 4733 5287 4756 4689 5253 5392 5112 5133 4888 5118 5323 5110 5405 5040 5204 5010 4708 4956 5191 4511 4762 5258 5018 4844 5107 5640 5239 5093 5282 5224 5365 4969 5765 5023 5197 5306 5118 5213 4701 5254 4796 4969 5164 5055 5319 5525 5255 5000 5428 4531
4984 5151 5342 5484 5190 5074 5222 5530 5086 4884 5299 5741 5255 5788 5072 5493 5450 5660 5224 5365 5280 5581 5269 5164 5306 5635 5329 5384 5331 5262 5800 5504 4959 5565 5545 5333 5570 5321 5468 5548 5321 5341 5158 5328 5204 4883 5315 5674 5233 5549 5323 5393 5097 5291 5352 5249 5962 5047 5628 5560 5428 5769 5191 5241 5517 5005 5290 5739 5318 5315 5214 4496 5372 5429 5514 5582 4855 4958 5316 5412 5114 5261 5798 5285 5064 5233 5383 5688 5251 5251 5542 5489 4901 5257 5049 5369 5133 5262 5058 5233 5039 4946 5558 5439 5399 5318 5246 5297 5626 5076 4992 5545 5233 5328 5357 5784 5393 5224 5052 5259 5386 5245 4998 5448 5284 5134 5433 5876 5225 5256 5176 5349 5523 4984 5231 5042 5612 5488 5011 5485 5447 5655 5803 5241 5331 5583 5335 5141 5620 5350 5718 5436 5624 4872 5113 5458 5654 5303 5413 5595 5732 5203 4812 5403 5440 5654 5493 5606 5275 5179 5254 4950 5571 5877 5200 5249 5192 5481 5375 5602 5458 5648 5082 5675 5248 5430 5570 5104 5068 5426 4868 5664 5671 5477 5426 5170 5629 4692 4996 5044 4841 5276 5814 5819 5115 5208 4890 5513 4999 4884 5179 5266 5352 5170 5133 5329 5867 5417 5626 5386 5036 5099 4838 5105 5446 4998 4932 5242 5158 4798 5669 5686 5300 4991 5270 5033 5119 4951 5505 5065 5167 5459 5291 5091 4898 5452 5161 5275 5141 5098 5338 5646 5370 5359 5467 4773
4731 5183 4902 5174 5046 4799 5066 5111 4808 4911 5253 5057 4837 5361 4818 5177 4820 5430 5052 5339 4904 5036 5234 5031 5135 5107 4640 5188 4891 4895 5618 5262 4825 5191 5147 5115 5065 5192 4869 4992 5438 4694 4867 4977 4995 4726 4928 4948 4892 5217 5196 5288 5327 4806 4819 4951 5445 4837 5245 5029 5223 5459 4779 4973 5156 4543 4999 5021 4717 4955 5036 4433 5064 5042 5052 5256 4510 4795 5009 5246 4749 5200 5104 4862 4804 5103 4858 5464 5159 4753 5254 5214 4713 4930 4902 5340 4903 4987 4902 4995 4904 5072 5178 5182 4952 4805 4900 4959 5196 5096 4470 5134 4777 5394 5194 5450 4843 5034 4878 5082 5297 4743 4546 4837 4732 4793 4799 5329 5129 4836 5163 5101 5130 4534 5074 4660 5434 5112 4884 5194 5023 5141 5425 5061 5001 5442 4933 4867 5109 5036 5278 4889 5471 4660 4892 5123 5385 5024 5270 5035 5206 4923 4747 5207 5147 5180 5073 5585 4885 4888 5089 4915 5333 5255 4852 4819 5106 5112 5163 4871 5016 5365 5001 5343 4868 4754 5471 4448 4667 5038 4732 5425 5202 5150 4874 4866 5132 4371 4851 5227 4874 4952 5386 5207 5090 4690 4581 5306 4627 4628 4986 4950 4999 5041 4629 4934 5355 5243 4966 5246 5127 4751 4460 4858 5089 4335 5005 5123 4934 4705 5132 5338 5115 4912 5212 5079 5063 4967 5259 4852 5026 5066 4891 4916 4838 5119 4734 4751 5073 4842 4920 5234 4852 4994 5147 4715
4772 5549 5487 5828 5780 5657 5567 5689 5305 5341 5631 5587 5606 6013 5415 5243 5687 5873 5799 5687 5378 6046 5619 5591 5341 5877 5350 5892 5325 5532 6171 5914 5317 5570 5549 5865 5873 5822 5553 5700 5831 5484 5414 5221 5513 5433 5634 5683 5746 5766 5514 5694 5597 5265 5526 5599 6013 5310 6005 5869 5660 5855 5320 5347 5760 5193 5355 5978 5486 5536 5602 4800 5695 5533 5528 5829 5294 5395 5547 5645 5386 5587 5586 5513 5357 5952 5496 6069 5373 5569 5780 6018 5179 5653 5050 5763 5648 5703 5237 5514 5598 5425 5845 5776 5687 5465 5716 5943 5837 5758 5190 5856 5296 5833 5472 5846 5667 5575 5344 5778 5797 5729 5295 5722 5423 5343 5464 5979 5474 5730 5825 5542 5683 5131 5532 5542 5899 5920 5464 5472 5695 6092 6080 5418 5569 5944 5459 5663 5747 5531 5846 5481 6090 4998 5351 5680 5913 5472 5393 5789 5718 5475 5262 5753 5541 5924 5686 6151 5719 5426 5616 5307 5415 5822 5167 5513 5481 5795 5820 5862 5703 5969 5200 5569 5292 5693 5938 5186 5113 5568 5165 5690 5990 5690 5582 5611 5740 5089 5509 5890 5277 5645 6069 5869 5592 5463 4984 5638 5214 5428 5626 5729 5693 5600 5288 5283 5911 5572 5772 5637 5628 5366 5058 5380 5532 5119 5169 5453 5434 4914 5807 6167 5892 5348 5679 5531 5647 5328 5933 5467 5502 5444 5758 5631 5240 5720 5052 5261 5532 5378 5404 5733 5702 5466 5936 5281
5087 5284 5138 5477 5698 4950 5432 5509 4994 5015 5409 5408 5392 5900 4984 5211 5492 5842 5293 5239 5184 5390 5451 5363 5444 5658 5452 5615 5556 5117 6010 5521 5200 5372 5345 5442 5455 5560 5418 5199 5640 5148 4877 5271 5131 5140 5320 5491 5317 5095 5233 5467 5176 5148 5151 5502 5837 5202 5423 5470 5266 5782 4980 5284 5335 4720 5330 5179 5206 5418 5428 4502 5597 5368 5590 5492 5038 5157 5306 5482 5421 5535 5414 5310 5106 5427 5064 5470 5327 5297 5386 5723 5016 5618 5159 5305 5286 5219 5237 5286 5452 5238 5622 5302 5321 5496 5517 5177 5677 5574 5148 5328 5010 5898 5538 5466 5384 5511 5282 5463 5546 5304 4891 5321 5074 5085 5199 5746 5245 5223 5606 5682 5336 4651 5566 5279 5695 5684 5130 5512 5557 5664 5784 5514 5166 5741 5295 5484 5572 5018 5731 5296 6044 4693 5269 5141 5476 5163 5377 5707 5654 5335 4791 5327 5161 5327 5319 5895 5232 5161 5376 5208 5416 5733 5100 5450 5340 5563 5424 5394 5347 5726 5180 5624 4828 5144 5623 4630 4999 5470 4777 5783 5548 5366 5290 5040 5401 4787 5521 5368 4930 5550 5621 5564 5059 5056 4739 5559 5101 4965 5098 5488 5477 5258 4981 5120 5702 5598 5693 5429 5413 5200 5025 5380 5282 4614 4922 5505 5351 4728 5306 5862 5729 5221 5409 5427 5021 5012 5380 5534 5414 5526 5778 5402 5274 5642 5081 5271 5504 5551 5323 5549 5307 5325 5819 4923
4767 5075 5045 5255 5164 5185 5037 5017 5309 4897 5445 5153 5122 5540 5123 5051 4935 5520 5251 5244 4900 5430 5084 4922 4920 5283 4900 5275 4901 5129 5497 5418 4580 5309 5137 5179 5087 4966 5079 5131 5503 5049 4989 4757 5002 4884 4968 4995 5012 5169 5051 5199 5166 4994 4924 4870 5559 4884 5349 5251 4942 5541 4896 4984 5072 4630 5076 5054 4910 5103 5025 4193 5173 5057 5334 5000 4659 4963 5261 5320 4959 5027 4713 5036 5047 5297 4899 5366 5025 5099 5440 5106 4824 5234 4690 5130 5145 5187 4942 5128 4839 5087 5192 5147 5002 5141 4945 4845 4962 5159 4982 5130 4780 5084 5290 5259 4963 5146 5048 4964 5297 4921 4731 5198 4968 4906 4993 5211 5172 5320 4853 5380 5523 4570 5116 5005 5715 5303 4568 5524 5040 5257 5683 5109 5139 5418 4914 4951 5342 5145 5289 5079 5387 4588 5029 5253 5310 5082 4998 5440 5351 4961 4645 5235 4783 5414 5078 5630 5095 4864 5179 4924 5188 5287 4907 4942 5121 5138 5068 5129 4699 5602 4987 5348 4746 5147 5444 4486 4359 5089 4812 5368 5124 5352 4985 4703 5128 4587 5217 4972 4826 5003 5160 5326 4879 4845 4653 5271 4799 4656 5205 5154 4965 4857 4944 5088 5515 5186 5151 5133 4905 5115 4456 5210 5126 4356 4887 5214 4969 4460 5375 5440 5137 4911 5315 4979 5135 4829 5230 4865 4795 5166 5259 5177 4863 5312 4806 4886 5030 5016 4914 5553 5210 5216 5195 4720
4607 5104 4997 5232 4976 4998 5011 5273 4764 4824 5249 5287 5025 5619 4871 5089 5175 5432 5067 5162 4843 5708 5192 4742 4920 5248 4877 5076 5009 5019 5855 5160 4840 5277 5216 5055 5276 5059 4792 5263 5148 4939 4946 4991 5029 4599 5159 5154 4972 5136 5184 5169 4832 4716 5019 5057 5731 4896 5275 5309 5283 5171 4694 5002 5000 4557 4962 5424 5187 4845 5164 4224 4986 5006 4998 5544 4715 4816 5125 5138 4986 4998 5379 4939 4708 4843 4836 5297 4740 4876 5353 5311 4614 5139 4595 5022 4828 5207 4908 4966 4991 4814 5354 4845 4862 4847 5075 5144 5093 4823 4572 5093 4950 5423 5257 5356 5232 4968 4726 5183 5299 5151 4791 5035 4761 4866 4935 5359 4829 5138 5203 5142 5175 4589 5082 4923 5174 5003 4825 5304 5183 5272 5431 5068 4980 5281 4894 5191 5258 5043 5391 4949 5321 4660 4774 5206 5223 5178 4983 5168 5171 5080 4608 5150 5112 5284 5171 5416 5154 4996 5064 4739 5223 5468 4939 5124 4808 5267 5321 5085 4940 5558 4839 5312 4985 5206 5181 4683 4561 5085 4618 5034 5268 5004 5028 4820 5150 4543 5053 4976 4826 4943 5325 5493 5113 4846 4689 4967 4683 4995 5133 4585 5056 4972 4821 5026 5495 5035 5126 5197 5014 4965 4661 4900 4924 4721 4754 4984 5005 4623 5257 5439 5189 4900 4993 4987 4919 4868 5093 5040 5059 5025 5244 4872 4615 4939 4776 4696 5023 4848 5166 5138 5086 4996 5527 4491
4579 4669 4963 5034 5032 4749 4760 5135 4861 4599 4890 5134 4943 5172 4703 4726 4970 5131 4553 5099 5018 5242 4614 4662 4810 4927 4764 4898 4653 4834 5388 4837 4329 4728 4992 5248 4892 5208 4677 5137 4995 4650 4663 4461 4813 4500 4807 4991 4788 4927 4855 4834 4743 4737 4854 4728 5274 4446 5021 4977 5069 5262 4439 4564 4993 4507 4597 5186 4820 4639 4633 4125 4893 5014 4956 5030 4361 4676 4485 5019 4777 4949 5013 4961 4597 4607 4719 5125 5027 4924 4916 5293 4384 4967 4418 4863 4751 4595 4515 5022 4760 5005 5238 4755 4827 4781 4851 4847 4910 4555 4461 4726 4975 5052 4681 5153 4685 4490 4611 5043 5210 4872 4604 4886 4898 4565 4855 5607 4869 4940 4954 5137 4834 4399 4941 4537 5052 5085 4818 4813 5001 5108 5178 4990 4799 5046 4782 4878 5156 4689 4923 4740 5102 4304 4762 4818 4932 4876 4781 5201 5196 5127 4459 4974 4852 5050 4744 5403 4973 4560 4692 4642 4762 5204 4409 4894 4611 4951 4890 5022 4804 5169 4721 5240 4852 4916 4995 4459 4599 5066 4384 5199 5118 4620 4828 4676 4764 4176 4734 4828 4442 4848 5039 5093 4808 4646 4402 5179 4539 4442 4939 4857 4759 4574 4582 4718 5037 5020 5101 4918 4816 4767 4394 4773 4740 4378 4624 4869 4912 4345 4954 5130 4767 4511 5020 4859 4741 4799 5241 4879 4845 4718 5054 4522 4410 5048 4707 4866 4826 4869 4946 4907 4718 4479 5127 4401
5298 5370 5455 5536 5426 5330 5177 5282 5117 4980 5624 5438 5126 6086 5078 5477 5176 5745 5436 5304 5325 5343 5498 5270 5268 5444 5326 5556 5304 5313 5752 5703 5131 5543 5582 5195 5188 5763 5082 5431 5424 5148 5271 5075 5199 4719 5360 5421 5351 5293 5325 5421 5476 5129 5268 5331 5567 4931 5409 5450 5347 5943 5075 5346 5291 4924 5236 5508 5381 5369 5286 4652 5353 5427 5563 5557 4893 4842 5319 5533 5185 5131 5228 5146 5013 5386 5073 5789 5023 5348 5586 5500 5035 5217 5021 5297 5030 5514 5360 5519 5069 5046 5495 5604 5148 5469 5289 5293 5443 5191 4927 5572 5222 5616 5494 5626 5337 5267 5087 5368 5551 5063 4929 5368 5378 5019 5094 5744 5326 5255 5342 5549 5404 4927 5035 5258 5802 5503 5065 5375 5649 5940 5868 5218 5217 5878 5161 5277 5664 5559 5713 5421 5727 4796 5307 5326 5217 5173 5140 5401 5741 5397 5195 5280 5098 5505 5320 5933 5406 5218 5155 4933 5524 5717 5118 5189 5324 5745 5598 5420 5325 5784 5175 5915 5083 5218 5624 4880 4905 5351 4677 5353 5510 5249 5346 5209 5506 5008 5197 5410 4915 5187 5717 5572 4879 5192 4778 5591 5103 4828 5159 5249 5404 5231 5077 5292 5723 5613 5498 5431 5458 5049 4911 5108 5159 4995 5126 5359 5119 4931 5730 5700 5429 5022 5574 5154 5260 5252 5448 5425 5233 5387 5513 4741 4980 5259 5283 5031 5415 5216 5166 5695 5357 5319 5544 4604
4807 5607 5303 5364 5438 5239 5355 5298 5182 5120 5341 5547 5315 5547 5299 5257 5307 5599 5282 5223 5519 5624 5638 5339 5401 5598 5025 5466 5265 4851 5839 5578 5071 5540 5441 5175 5631 5607 4917 5116 5505 5297 5189 5207 5419 5293 5419 5437 5399 5558 5351 5507 5262 5449 5523 5232 5698 5184 5235 5301 5380 5711 4992 5292 5510 4779 4924 5493 5349 5216 5121 4519 5494 5065 5462 5715 4960 4883 5166 5819 5349 5173 5562 5229 5048 5240 5137 5793 4828 5360 5838 5527 4742 5427 5178 5655 5287 5318 5100 5245 5135 5150 5336 5357 5267 5077 5285 5368 5414 5580 4983 5270 4959 5812 5471 5576 5332 5358 4941 5292 5876 5440 5088 5355 5090 5048 5159 5762 5254 5379 5605 5462 5451 4991 5260 4810 5487 5561 5100 5155 5361 5769 5582 5424 5322 5511 5237 5372 5821 5497 5340 5204 5794 4821 5274 5575 5694 5376 5350 5591 5647 5113 5107 5537 5103 5404 5415 5775 5141 5234 5422 4899 5544 5672 5090 5432 5630 5539 5406 5489 5397 5683 5221 5770 5307 5457 5411 5069 4859 5185 4767 5101 5654 5337 5279 4975 5531 4628 5551 5190 4922 5302 5405 5631 5167 5105 4799 5454 4965 4877 5457 5287 5446 5371 4860 5077 5768 5459 5464 5423 5103 5221 4814 5172 5034 4906 4932 5321 5081 4963 5555 5754 5580 4998 5141 5321 5194 5208 5497 5206 5028 5438 5412 5022 5171 5442 5190 4872 5346 5152 5407 5348 5467 5170 5547 4579
4983 5210 5114 5495 5081 4885 5160 5136 4848 5079 5184 5434 5140 5406 4932 5302 5263 5529 5025 5388 5138 5510 5287 5133 5189 5335 4983 5175 5026 4886 5495 5470 4873 5242 5229 5086 5103 5407 4837 5190 5314 4947 5016 4761 4970 4852 5132 5326 5125 5069 5411 4972 5233 4786 5024 4988 5470 4965 5458 5234 5322 5454 5163 4968 5126 4795 5278 4963 4963 5044 4976 4405 4992 5174 5372 5572 4734 4707 5115 5457 5304 4949 5142 4832 4800 5049 4968 5364 5025 5002 5352 5575 4598 5178 4660 5357 5086 5089 4989 5229 5058 5160 5246 5183 5141 5210 5344 5225 5129 4876 4681 5433 4846 5266 5429 5573 5272 5338 4647 5079 5458 4976 4615 5007 4928 5029 4916 5535 5077 5123 5325 5233 5159 4784 5430 5015 5396 5459 5267 5069 5211 5572 5301 5183 5005 5589 5174 5080 5271 5140 5785 4840 5477 4720 5294 5071 5485 4944 5225 5456 5503 4866 4690 5075 5109 5378 5327 5359 5157 4947 5245 4645 5178 5557 4821 4939 5137 5290 5540 5057 5470 5739 4977 5588 5074 5360 5395 4739 4538 5081 4807 5412 5416 5183 5234 4747 5190 4756 5103 5205 4848 5324 5209 5399 5073 4836 4763 5293 5025 4505 5177 5264 5178 5331 4879 5134 5649 5333 5047 5085 4898 5247 4734 5094 5066 4900 4846 5055 5045 4697 5362 5230 5217 4883 5388 5091 5179 5061 5011 5173 5210 5158 5290 5083 4997 5153 4897 4840 4978 5105 5176 5690 5224 5064 5376 4770
4646 4777 4615 4717 4609 4475 4596 4594 4504 4394 4714 4836 4675 4954 4637 4725 4545 5181 4628 4850 4571 4903 4633 4814 4691 4785 4514 4767 4499 4747 4947 5017 4509 4701 4820 4826 4511 4735 4455 4594 4849 4535 4589 4434 4565 4559 4792 4860 4580 4559 4894 4480 4549 4557 4697 4718 5208 4572 4882 4598 4774 5172 4453 4641 4771 4435 4715 4749 4550 4893 4836 3940 4816 4798 4741 5036 4328 4486 4754 4722 4698 4375 4879 4728 4264 4600 4498 4995 4554 4592 4999 4859 4206 4501 4307 4898 4733 4564 4542 4879 4526 4482 5125 4973 4659 4559 4669 4662 4790 4755 4323 4756 4220 4972 4727 4960 4737 4454 4469 4515 4629 4541 4172 4758 4552 4408 4741 5054 4623 4752 4810 4916 4981 4259 4670 4565 4927 4659 4304 4961 4895 4839 5253 4741 4419 5102 4731 4559 4976 4895 4865 4705 5004 4391 4807 4522 4863 4679 4896 4822 5097 4845 4261 4752 4767 4976 4648 5142 4656 4743 4764 4487 4774 5164 4543 4771 4571 4989 4991 4528 4843 4951 4500 4788 4460 4779 4676 4138 4413 4689 4243 4747 5169 4696 4759 4618 5040 4000 4661 4627 4432 4692 4882 4932 4396 4707 4325 4834 4475 4352 4615 4661 4863 4567 4154 4771 5012 4740 5022 4730 4741 4508 4155 4638 4845 4276 4526 4655 4599 4236 4928 4975 4763 4429 4874 4648 4696 4759 4982 4729 4509 4906 4834 4319 4426 4555 4694 4688 4628 4685 4540 5030 4642 4541 5061 4003
5115 5350 5369 5593 5400 5417 5237 5106 5179 5153 5431 5364 5221 5625 5082 5490 5509 5943 5349 5238 5411 5442 5440 5188 5117 5424 5054 5441 5312 5467 5910 5432 4827 5346 5531 5384 5454 5433 5220 5250 5733 5072 5293 4870 5221 5085 5322 5711 5513 5396 5500 5391 5524 5195 5351 5300 5874 5079 5908 5596 5242 5938 5195 5243 5421 4796 5087 5527 5075 5312 5258 4698 5784 5290 5609 5667 5100 5026 5503 5873 5093 5208 5244 5334 5142 5266 4925 5562 5067 5347 5655 5366 4934 5449 5230 5558 4917 5328 4962 5231 5272 5415 5603 5385 5373 5384 5216 5369 5434 5389 4961 5320 4808 5481 5319 5609 5320 5017 5120 5340 5612 5065 5150 5258 5087 5236 5351 5614 5227 5271 5307 5485 5386 4831 5119 5486 5891 5928 4997 5565 5371 5717 5780 5256 5280 5691 5178 5268 5532 5478 5779 5133 5914 4838 5196 5583 5779 4998 5471 5752 5687 5461 5059 5104 5204 5609 5369 5776 5346 5297 5493 5331 5280 5798 5048 5385 5043 5397 5501 5318 5213 5810 5189 5478 5071 5543 5631 4695 5111 5301 4674 5350 5534 5516 5459 5360 5608 4936 5316 5659 4858 5604 5763 5548 5274 5174 4781 5491 5312 4925 5193 5375 5572 5417 5129 5307 5649 5451 5680 5425 5298 5270 4997 4993 5326 4725 4992 5484 5424 4775 5630 5793 5594 4950 5611 5446 5145 4946 5413 5537 5373 5277 5468 5245 4867 5288 5302 5175 5298 5172 5317 5418 5164 5194 5535 4867
4701 4906 5001 5246 5276 5027 4935 4902 4812 4622 5097 5217 4968 5236 4972 5006 5209 5362 5048 4918 5087 5415 5115 5089 4841 4943 4707 5125 4962 5061 5343 5277 4908 5015 5121 5004 5238 5179 4929 4945 5314 4946 4631 4746 4670 4865 4809 5169 5055 4943 5027 5249 4962 4691 4831 5012 5525 4832 5188 4967 5045 5499 4748 4794 5322 4327 4892 5006 4682 4870 4981 4317 5026 4930 5092 5356 4844 4820 5086 5272 4742 5107 5023 5085 4872 4894 4694 5281 4859 5044 5092 5180 4475 4967 4764 5002 4846 4713 4850 5070 5018 4806 5275 5108 4926 4756 4943 5005 5101 5119 4400 5158 4861 5328 5051 5372 5016 4864 4698 5135 5243 5053 4651 4816 4693 4714 4831 5311 4868 4912 5153 5247 5136 4344 5089 5081 5326 5403 4764 5113 5024 5364 5379 5071 4537 5302 4803 5111 5268 5143 5333 4783 5500 4379 4911 5083 5156 4795 4963 5399 5311 4986 4644 4605 4844 5013 5041 5275 5004 4658 4891 4619 5266 5112 4561 5301 5056 5225 5311 4886 4898 5333 4782 5412 4657 4893 5377 4296 4607 4844 4452 5167 5261 4969 4893 4806 5196 4347 5052 5157 4491 5098 5287 5192 5056 4533 4574 5239 4658 4606 4866 5048 4977 4930 4659 4721 5192 5043 5206 5292 5009 4913 4609 4812 4884 4477 4835 4854 4869 4418 5092 5373 5071 4847 4817 5173 4861 4757 5259 5114 4869 5249 5215 4834 4734 5034 5086 4934 4815 5144 4779 5068 4589 5232 5439 4591
4769 5311 5406 5497 5397 5494 5332 5484 5296 5123 5601 5727 5330 5784 5123 5338 5591 5540 5781 5318 5310 5766 5507 4989 5134 5522 5293 5504 5310 5217 5596 5618 4968 5668 5555 5633 5560 5375 5170 5584 5415 5406 5070 5196 5311 4867 5256 5579 5347 5469 5314 5628 5269 5314 5299 5150 5542 5313 5671 5462 5519 5778 4685 5035 5150 4804 5185 5505 5365 5271 5355 4768 5537 5300 5584 5582 4948 5274 5481 5521 5262 5532 5277 5453 5104 5418 5266 5927 5563 5404 5294 5593 4865 5376 4726 5253 5293 5511 5012 5642 5278 5096 5726 5535 5361 5296 5370 5531 5547 5334 4940 5403 5310 5754 5471 6013 5428 5410 5290 5539 5683 5395 5223 5219 5402 4926 5229 5770 5346 5345 5700 5420 5376 4797 5310 5207 5758 5746 5202 5345 5969 5927 6087 5888 5633 5595 5125 5269 5555 5419 5651 5131 5695 4639 5073 5261 5643 5344 5334 5894 5718 5427 4932 5306 5329 5605 5405 5794 5294 5239 5322 5145 5434 5548 5135 5307 5418 5543 5361 5459 5282 5660 5331 5443 5533 5292 5623 4890 5015 5518 5210 5388 5580 5190 5543 5483 5295 4865 5123 5637 4847 5742 5955 5791 5257 4931 4958 5795 5005 5048 5300 5614 5510 5339 5047 5592 5584 5664 5310 5371 5464 5197 5026 5244 5365 4971 5085 5257 5399 4819 5452 5702 5613 5121 5521 5457 5254 5392 5637 5580 5304 5273 5509 5148 5015 5468 5077 5304 5044 5346 5393 5634 5438 5262 5829 5150
5011 5459 5119 5618 5508 5505 5432 5363 5022 5150 5477 5815 5320 5698 5127 5433 5465 5870 5304 5392 5325 5590 5663 5119 5497 5457 5216 5471 5222 5010 5934 5842 5163 5556 5488 5308 5329 5482 5250 5399 5638 5381 5306 4935 5393 5264 5410 5567 5402 5341 5456 5456 5435 5141 5300 4854 5835 4982 5544 5456 5319 5700 5157 5305 5482 4661 5282 5501 5378 5391 5347 4726 5348 5256 5601 5486 4894 5262 5445 5550 5160 5272 5388 5046 5244 5375 5298 5510 5152 5315 5593 5563 4931 5563 5171 5178 5386 5501 4982 5478 5456 5473 5607 5383 5077 5234 5298 5236 5517 5447 4978 5468 5038 5689 5430 5704 5463 5216 5351 5517 5663 5221 5017 5616 5526 5383 5199 5813 5461 5561 5519 5692 5519 4838 5424 5309 6124 5761 5247 5375 5510 5754 5448 5462 5285 5788 5242 5373 5483 5454 5678 5441 5726 5076 5616 5385 5705 5213 5323 5460 5533 5306 5082 5435 5307 5772 5357 5839 5358 5342 5183 5101 5541 5496 4995 5363 5292 5478 5666 5318 5478 5934 5482 5637 5153 5337 5676 4834 4850 5077 4840 5443 5505 5286 5409 5329 5441 4802 5305 5489 4916 5401 5596 5637 5061 5193 4903 5439 5120 5051 5467 5297 5606 5266 5078 5135 5843 5426 5424 5422 5388 5288 4948 5239 5403 5026 5179 5423 5035 4797 5395 5686 5610 5116 5566 5344 5159 5187 5329 5309 4999 5289 5861 5365 4976 5389 4983 5094 5414 5485 5098 5559 5195 5114 5819 4901
4500 4945 4701 4805 4905 4742 4818 4969 4370 4620 4882 4897 4882 5064 4670 5088 5054 5189 5036 4907 4795 5019 4866 4494 4581 4870 4552 4938 4783 4951 5268 5117 4665 4960 4712 4940 4787 5125 4763 4858 5083 4802 4577 4554 4884 4517 4751 4900 5001 4915 4910 4757 4991 4699 4720 4760 5121 4880 5234 5040 4962 5090 4449 4535 4657 4333 4577 4588 4651 4891 4539 4245 4816 5054 5039 4883 4424 4878 4927 4844 4731 4787 4805 4773 4675 4772 4888 5022 4822 4493 5005 4739 4445 4662 4409 4864 4800 4979 4628 4922 4539 4642 5168 5086 4826 4857 4846 4636 4844 4732 4725 4813 4437 5191 4862 4949 4656 4672 4730 5137 4984 4617 4447 4678 4674 4555 4685 5141 4578 4984 5132 5089 4856 4293 5044 4671 5168 4929 4628 4999 5243 5019 5158 4866 4573 4933 4693 4704 5081 4738 5107 4676 5305 4521 4700 4841 5096 4796 4718 5076 4866 4624 4730 4901 4796 4838 4649 5368 4880 4484 4866 4482 5069 4938 4553 4741 4809 4916 4860 4717 4902 4838 4736 5492 4965 4532 4810 4288 4518 4868 4264 5035 5217 4888 5072 5054 4851 4278 4629 4886 4233 4872 5134 5003 4375 4521 4466 5165 4695 4398 4944 4648 4930 4762 4619 4694 5221 5019 4755 4928 4962 4615 4335 4630 4793 4445 4630 4862 4670 4407 5053 5218 4867 4655 5190 4712 4782 4782 4949 4810 4590 4829 4870 4540 4399 4864 4334 4512 4661 4735 4682 4814 4617 4599 5271 4690
4342 4814 4672 4998 4709 4710 4512 4590 4396 4385 4616 4746 4382 5070 4445 4618 4864 5035 4750 4878 4577 4877 4920 4719 4643 4810 4388 4778 4243 4775 4946 4857 4620 4849 4640 4693 4930 4819 4527 4836 4770 4605 4730 4471 4732 4418 4715 4791 4810 4887 4812 4783 4737 4492 4619 4619 4982 4661 5053 4853 4715 4925 4428 4609 4985 4208 4258 4881 4633 4865 4749 4264 4790 4605 4767 5218 4509 4595 4923 4685 4756 4642 4674 4637 4446 4972 4527 4914 4645 4698 4824 4998 4380 4798 4325 4907 4691 4787 4513 4594 4621 4566 5022 4776 4760 4449 4942 4773 4960 4814 4309 5141 4769 5167 4624 4840 4760 4683 4877 4860 5005 4396 4492 4630 4573 4676 4659 5087 4650 4416 4667 4792 4534 4358 4609 4658 4862 5137 4387 4312 4961 4875 4980 4650 4532 4904 4446 4666 4899 4479 4710 4760 5295 4391 4757 4800 4984 4696 4784 4700 4679 4728 4220 4991 4734 4742 4712 5154 4855 4580 4712 4631 4674 4857 4598 4650 4874 4922 4913 4614 5033 5090 4403 4868 4538 4667 5107 4350 4296 4827 4305 4756 5138 4808 4839 4393 4889 3967 4726 4954 4404 4827 4960 5018 4493 4461 4124 4919 4427 4542 4897 4694 4790 4623 4365 4549 4973 4731 4737 4837 4794 4529 4472 4715 4589 4289 4414 4658 4514 4314 5026 5036 4876 4262 4600 4680 4655 4898 4860 4698 4492 4847 4625 4894 4409 4842 4584 4480 4624 4623 4856 4942 4766 4547 5253 4356
5107 5669 5480 5634 5612 5327 5235 5489 5179 5171 5668 5769 5232 5898 5147 5178 5440 5958 5689 5536 5576 5339 5768 5419 5345 5200 5407 5690 5290 5413 6121 5759 5100 5521 5622 5563 5522 5745 5247 5686 5942 5228 5238 5264 5294 5228 5496 5730 5495 5573 5531 5429 5282 5312 5669 5369 5740 5350 5821 5736 5645 5919 5205 5177 5505 5038 5284 5476 5369 5453 5392 4684 5668 5416 5691 6000 5272 5518 5434 5812 5437 5527 5621 5391 5021 5498 5552 5963 5372 5550 5820 5829 4892 5432 5242 5883 5071 5621 5448 5412 5553 5618 5835 5565 5582 5484 5663 5703 5622 5420 5130 5650 5136 5800 5548 5732 5523 5610 5416 5396 6072 5259 5148 5585 5518 5377 5319 5994 5425 5598 6026 5865 5530 5135 5476 5419 5933 5814 5200 5643 5801 5809 5817 5743 5374 5970 5222 5442 5811 5395 5885 5446 5898 5443 5643 5403 5823 5530 5611 5771 5927 5429 5177 5564 5567 5808 5553 6295 5695 5395 5551 5188 5588 5868 5280 5601 5705 5576 5951 5622 5518 5958 5415 5623 5389 5416 5662 5028 4934 5675 5061 5801 5558 5282 5428 5280 5632 4970 5393 5467 4845 5688 5930 5704 5332 5263 4951 5674 5320 5131 5377 5518 5753 5533 5109 5436 6112 5585 5515 5576 5602 5343 5216 5267 5285 5300 5440 5415 5387 5269 5840 6094 5787 5093 5423 5510 5315 5279 5550 5762 5476 5422 5686 5286 5033 5680 5194 5457 5420 5481 5273 5907 5479 5401 5865 5027
5164 5388 5421 5575 5434 5230 5341 5567 5088 5076 5408 5738 5125 5827 5065 5482 5403 5741 5183 5594 5501 5147 5662 5191 5256 5523 5171 5285 5361 5351 5805 5469 5098 5564 5597 5520 5521 5725 5163 5324 5866 5374 5296 5214 5166 5052 5498 5538 5383 5501 5546 5554 5632 5262 5300 5168 5802 5528 5620 5792 5410 5817 5219 5639 5486 4757 5356 5362 5195 5475 5269 4649 5447 5230 5476 5782 4851 5190 5543 5791 5445 5289 5460 5372 5237 5342 5171 5840 5255 5370 5586 5627 4764 5779 4993 5498 5259 5392 5287 5392 5289 5299 5710 5088 5194 5157 5659 5478 5598 5232 4896 5552 5389 5842 5524 5626 5550 5239 4938 5530 5785 5598 5251 5154 5235 5408 5211 5908 5625 5325 5539 5474 5521 5256 5359 5370 5869 5617 5163 5442 5559 5596 5533 5216 5317 5853 5294 5427 5420 5391 5575 5266 5962 4858 5395 5591 5757 5331 5368 5790 5632 5128 5227 5851 5127 5590 5308 5516 5575 5366 5365 5213 5325 5583 5203 5253 5335 5626 5487 5372 5383 5690 5211 5754 5403 5443 5602 4841 4886 5498 4552 5677 5650 5173 5589 5184 5534 4675 4932 5572 5070 5561 5936 5601 5329 5227 4907 5579 5066 5022 5511 5151 5687 5317 4910 5173 5841 5718 5900 5598 5511 5263 5224 5171 5321 5032 5272 5552 5166 4876 5739 5748 5470 5163 5468 5334 5199 4954 5566 5444 5336 5824 5682 5285 5091 5476 5221 5162 5449 5411 5596 5580 5223 5304 5627 5099
4634 5191 5215 5114 5083 5157 5113 4923 4758 4835 5075 5418 4915 5469 4998 4931 5133 5400 4914 5126 4884 5125 5416 5044 5096 5112 5138 5044 4759 4921 5441 5338 5024 5143 5131 5149 5311 5237 4969 5016 5360 4920 4857 4952 5094 4973 5084 5196 5312 4961 5032 5031 5099 5006 5094 4833 5596 4871 5487 5090 4967 5436 4909 4943 5183 4474 4737 5221 4946 4939 4793 4525 5038 5187 5324 5317 4757 4700 5218 5489 4864 4945 5040 4794 4883 5244 5023 5579 4914 5126 5428 5511 4479 5205 4873 5192 4872 4932 4800 5293 5105 4892 5207 5225 5270 5122 4940 4969 5316 5099 4730 5321 4896 5287 5199 5225 4992 5128 4783 5066 5427 4915 4786 5298 5021 4828 5089 5416 5121 5105 4988 5233 5154 4420 4884 4584 5294 5068 4826 4945 5137 5353 5320 4968 5176 5560 5074 4968 5286 4993 5451 5101 5384 4728 5177 5153 5271 4794 5212 5371 5427 4952 4655 4940 5075 5219 4955 5595 4881 5149 4885 4484 5182 5366 4645 4992 5194 5375 5219 5101 5322 5254 5002 5243 5043 5244 5221 4460 4714 4959 4482 5328 5446 5141 5080 4965 5312 4560 5109 5199 4712 5126 5344 5410 4652 4630 4407 5264 4834 4469 4988 4994 5418 4936 4702 4984 5212 5179 5083 5045 5042 4918 4550 4977 4938 4318 4943 5221 4922 4719 5141 5369 5182 4618 5101 5140 4815 4771 5314 5017 4905 5005 5307 4931 4735 4977 4888 5026 5143 5095 5173 5283 4776 4932 5441 4594
4744 5234 4982 5068 5018 5043 5179 4993 4610 4852 5014 5243 4992 5469 4974 4971 5175 5306 5079 4910 5099 5172 5209 4824 5007 5157 4825 5149 4783 4998 5338 5217 4877 5227 5003 4972 5086 5292 4828 4894 5387 4943 5019 4811 5021 4760 4809 5421 5225 4864 5265 5017 5078 4733 4888 4692 5249 4707 5230 5202 5023 5417 4791 4747 5032 4510 4704 5039 4931 5349 4892 4457 4968 4984 5306 5373 4779 4809 4983 5352 4920 4711 4941 5014 4871 5145 4790 5275 4896 5173 5453 5266 4672 5147 4775 5074 4621 5127 5103 5167 4931 4991 5110 5186 4960 4995 5210 5276 5127 5128 4669 5180 4837 5116 5077 5208 4981 5118 5028 5084 5409 4914 4838 5256 4910 5087 5008 5320 5116 5004 5185 5395 5263 4652 4855 4821 5341 5489 5017 4931 5329 5491 5301 5097 5190 5219 4898 5227 5344 4823 5338 4974 5671 4705 5033 4990 5368 5058 5124 5269 5287 5207 4909 4893 4844 5101 5196 5591 4962 5013 4968 4689 5122 5260 5003 5156 5138 5032 5277 5126 5032 5517 4742 5247 4781 4778 5182 4491 4568 5065 4645 5095 5426 4942 5140 4888 5163 4504 5065 5161 4646 5250 5186 5296 4718 4786 4580 5103 4939 4663 4965 5122 5065 4896 4720 4783 5329 5258 5101 5304 5111 4761 4626 5012 4926 4666 4864 5037 5008 4532 5365 5345 5280 4719 5183 5140 4974 4973 5079 4961 5005 4941 5212 4839 4649 5219 4910 4884 4892 5033 4741 5366 5141 5057 5414 4588
4448 4755 4997 4920 4714 4760 4685 5027 4476 4707 5372 5314 4976 5254 4876 4978 5106 5483 4839 5081 5004 5225 5108 4854 4754 5008 4913 4919 4780 4910 5407 5113 4612 5126 4945 5256 5219 5101 5062 5140 5251 4916 4928 4931 5142 4816 4841 5029 5019 5191 4971 4987 5067 4924 4669 4823 5231 4736 5041 5240 4851 5108 4843 4752 5228 4413 4879 4751 4639 4886 4893 4140 5239 5012 4887 5312 4361 4983 4922 5390 4678 4862 5126 4754 4784 4829 4957 5356 4841 4960 5223 5110 4511 4979 4567 5080 4762 4983 4763 5034 4629 4677 4983 4911 5193 4848 4947 4793 5310 4883 4694 5152 4833 5184 4953 5228 4803 4751 4828 5000 5115 4860 4717 5007 4999 4968 4726 5446 4966 4929 4865 5123 5033 4455 4851 4814 5134 5428 4760 4886 5045 5084 5253 4798 5050 5500 4772 5076 5123 5000 4916 4893 5469 4588 4788 4881 5309 4850 4994 5207 5385 4859 4397 5204 4917 5300 4799 5242 5003 5022 4883 4785 4926 5156 4664 4974 4751 5078 5009 5084 5086 5163 4816 5131 4718 4989 4970 4356 4608 4833 4292 5311 5144 4793 5194 4647 5164 4323 4894 4857 4585 4973 5207 5288 4475 4763 4349 5020 5031 4589 5072 4892 5112 4984 4569 4646 5313 5106 5134 4981 4996 4880 4490 4880 4923 4210 4686 5216 5031 4413 5091 5233 5205 4797 4940 4732 4568 4863 4879 4705 4886 5070 5214 5124 4745 5001 4847 4759 4868 4916 4747 5099 4946 4812 5192 4530
4913 5294 5075 5306 5293 5075 5034 5267 4796 5090 5194 5092 5130 5388 4835 5091 5450 5278 5321 5064 5056 5350 5249 4857 4974 4970 5191 5203 5237 5117 5412 5312 4798 5093 5107 5151 5325 5478 4885 4976 5592 5146 4978 5074 4854 4978 4917 5146 5135 5200 5343 4974 5092 5058 5194 5023 5429 4851 5489 5503 5229 5586 4738 4961 5099 4735 5002 5052 4922 5235 4927 4185 5110 5007 5374 5429 4644 5034 5010 5255 5148 5226 5127 5158 4695 5109 5102 5207 4861 4876 5178 5436 4686 5304 4493 5050 5052 4871 4890 4994 4926 5076 5121 4919 4974 4947 5133 5083 5662 5080 4952 5141 4995 5210 5233 5605 5166 5116 5114 4982 5248 5118 4802 4972 4927 4807 5015 5410 4998 4959 5242 5235 5366 5047 5148 4993 5505 5478 4907 4885 5096 5435 5432 5082 5007 5461 5121 5130 5497 5074 5443 5242 5496 4620 4902 5143 5566 5130 5324 5446 5552 4971 4766 4813 5237 5015 5083 5809 5191 4843 5161 4852 5129 5307 4691 5255 5112 5354 5128 5137 5135 5261 4736 5341 5029 5009 5264 4839 4817 5158 4442 5276 5351 4865 5476 4945 5105 4328 4988 4653 4686 4989 5409 5190 4743 4817 4705 5479 5107 4835 5063 5140 5101 4985 4482 5059 5197 5241 5593 5048 5227 4886 4843 4768 5025 4686 4880 5355 5215 4488 5191 5674 5258 4682 5334 4975 4848 4793 5423 5057 4918 4912 5289 4806 4634 5119 4660 5036 4957 4823 5442 5188 4880 4900 5187 4691
4823 5577 5393 5605 5510 5201 5552 5457 5077 5196 5301 5706 5235 5839 5265 5361 5561 5892 5683 5336 5373 5746 5422 5295 5292 5326 5205 5607 5106 5451 5964 5856 5166 5708 5508 5597 5704 5517 5173 5393 5605 5295 5237 5202 5497 5173 5361 5530 5104 5538 5507 5537 5420 5144 5439 5378 5813 5245 5562 5553 5481 5845 5264 5123 5468 5040 5274 5566 5298 5312 5365 4624 5614 5340 5616 5893 4840 5001 5318 5681 5253 5285 5890 5459 4917 5622 5324 5674 5539 5487 5735 5839 4997 5266 5102 5445 5270 5247 5221 5541 5409 5462 5515 5525 5542 5393 5352 5362 5431 5559 5081 5624 5099 5828 5436 5721 5662 5337 4954 5297 5681 5219 4872 5449 5366 5159 5320 6117 5337 5439 5621 5537 5402 4921 5593 5295 5755 5802 5149 5480 5318 5761 5689 5543 5283 5848 5180 5353 5835 5439 5824 5265 5743 5052 5506 5443 5626 5405 5400 5423 5611 5220 5065 5330 5634 5510 5583 6046 5631 5264 5499 5232 5512 5882 4769 5404 5490 5789 5586 5374 5297 5624 5441 5533 4984 5161 5658 4885 5175 5226 4623 5843 5444 5468 5129 5251 5581 4832 5450 5326 5065 5390 5579 5548 5340 5050 5208 5817 5180 5092 5218 5362 5604 5359 5238 5320 5883 5631 5874 5369 5452 5271 4977 5218 5281 4954 4845 5373 5282 5120 5569 5906 5707 5067 5697 5723 5349 5100 5586 5548 5184 5371 5529 5305 5289 5525 5339 5358 5279 5474 5444 5928 5295 5110 5622 5036
4978 5617 5331 5601 5427 5033 5361 5276 4965 4898 5040 5521 5247 5609 5141 5455 5263 5444 5342 5470 5328 5156 5263 5202 5030 5333 5039 5309 5093 5302 5846 5498 5118 5457 5419 5170 5364 5949 5162 5336 5465 4980 5017 5283 5072 4961 5093 5197 5314 5204 5278 5537 5422 5413 5174 5132 5519 4995 5677 5411 5733 5536 5054 5158 5481 4972 4803 5436 5235 5089 5046 4531 5400 5389 5511 5747 4949 5046 5280 5344 5253 5142 5236 5082 5114 5243 5019 5707 5129 5122 5599 5526 4898 5316 4817 5504 5078 5238 5428 5075 5052 5096 5570 5098 5184 5468 5256 5232 5284 5366 5075 5204 4908 5456 5533 5400 5139 5220 5054 5314 5542 5270 4997 5115 4994 5169 5166 5759 5336 5233 5404 5655 5268 5048 5539 5127 5635 5568 5121 5261 5451 5790 5855 5301 5107 5640 5049 5188 5507 5283 5753 5169 5699 4765 5286 5507 5594 5023 5217 5599 5808 5173 4835 5181 5182 5413 5424 5800 5182 5059 5056 4989 5438 5789 5070 5175 5206 5421 5273 5491 5290 5669 4887 5687 5041 5098 5557 4952 4994 5284 4817 5553 5525 5088 5532 5194 5409 4626 5247 5492 4779 5384 5471 5542 5191 5289 4815 5573 5152 4868 5157 5219 5074 5080 5148 4926 5684 5564 5420 5293 5194 5106 4804 5185 5200 4701 5036 5315 5207 4820 5743 5623 5353 5078 5607 5418 5178 4939 5453 5077 5047 5349 5574 5172 5159 5530 4912 5080 5255 5270 5361 5675 5446 5334 5510 4974
5229 5479 5383 5658 5574 5007 5612 5376 5192 5045 5167 5649 5193 5753 5380 5336 5552 5530 5369 5449 5064 5536 5689 5231 5210 5675 5226 5750 5409 5308 6047 5822 5181 5394 5435 5694 5436 5775 5320 5502 5741 5249 5336 5234 5432 5343 5353 5545 5405 5304 5723 5636 5224 5143 5280 5316 5885 5125 5704 5605 5719 6007 5120 5405 5516 5077 5052 5776 5464 5369 5364 4811 5769 5491 5840 5831 4992 5174 5544 5543 5462 5387 5321 5129 5184 5324 5182 5642 5231 5421 5712 5791 4991 5696 4936 5500 5379 5499 5331 5605 5561 5636 5744 5462 5334 5292 5466 5285 5303 5234 4739 5795 5150 5686 5628 5793 5278 5564 5238 5462 5753 5051 5060 5283 5279 5166 5330 5910 5527 5282 5719 5596 5602 5159 5563 5383 5876 5570 5176 5384 5758 5859 5915 5520 5367 5845 5293 5242 5834 5653 6014 5311 5580 5137 5532 5359 5801 5174 5475 5812 5782 5217 5230 5450 5433 5230 5822 6062 5678 5359 5529 5318 5487 5793 5091 5268 5495 5519 5767 5395 5602 5533 5156 5752 5162 5223 5462 4856 4977 5324 5060 5526 5660 5279 5558 5193 5620 4969 5380 5382 4954 5523 5442 6246 5403 5333 4893 5604 5333 4962 5447 5200 5343 5344 5110 5551 6165 5513 5553 5378 5372 5385 5037 5182 5499 5013 4960 5493 5497 4978 5685 5776 5604 5293 5773 5415 5429 5347 5793 5312 5612 5586 5549 5243 5072 5508 5521 5219 5582 5309 5332 5702 5488 5505 5804 5077
4886 5207 5117 5189 5510 5354 5131 5258 4857 4912 5319 5539 5177 5491 4959 5121 5357 5690 5513 5536 5270 5763 5433 5159 5260 5333 5208 5343 4927 5182 5747 5509 4892 5396 5420 5385 5402 5333 4983 5621 5689 5398 5040 5062 5192 5184 5233 5428 5427 5550 5213 5282 4983 5008 5026 5005 5752 4861 5495 5395 5267 5583 5147 5029 5147 5021 5136 5652 5189 5032 5016 4418 5187 5213 5420 5488 4768 5062 5395 5456 5178 5127 5570 5279 5027 5172 5380 5810 4922 5383 5335 5777 4772 5130 4852 5489 5302 5241 5031 5150 5294 5299 5520 5141 5259 5324 5371 5152 5310 5218 4902 5257 4969 5451 5030 5714 5251 5236 4969 5507 5490 5127 4830 5154 5264 5116 5165 5601 4998 5397 5442 5239 5525 4960 5261 4806 5636 5593 5073 5412 5292 5568 5739 5366 5382 5501 5176 5288 5540 5657 5593 5387 5743 4523 5220 5259 5609 5143 5297 5311 5708 5131 4820 5385 5382 5669 5501 5543 5704 5006 5202 4954 5165 5567 5037 5268 5182 5444 5487 5266 5453 5468 5034 5611 5175 5245 5516 4749 4869 5083 4863 5711 5572 5063 5146 4982 5182 4775 5310 5295 4806 5246 5638 5668 5022 5003 4836 5299 5091 4896 5078 5328 5489 5309 4934 5382 5765 5269 5514 5084 5074 4973 4633 5196 5280 4647 4961 5350 4899 4676 5229 5647 5348 5019 5398 5249 5197 5051 5564 5350 5115 5124 5319 5252 4914 5140 4936 5030 4973 5329 5230 5771 5278 5263 5581 4975
4422 4613 4594 4768 4704 4749 4456 4528 4508 4498 5018 4593 4313 5170 4435 4605 4622 5078 4538 4619 4625 4804 4668 4654 4517 4963 4587 4567 4658 4388 5155 4942 4405 4801 4914 4917 4683 4830 4582 4596 4926 4408 4639 4533 4790 4312 4787 4477 4517 4793 4928 4714 4774 4559 4593 4637 4904 4577 4904 4956 5030 5072 4377 4570 4674 4466 4650 4875 4259 4694 4727 4251 4947 4470 5031 5004 4442 4450 4694 4858 4624 4512 4628 4611 4380 4595 4515 4971 4495 4572 4637 4947 4237 4617 4338 4842 4393 4369 4505 4687 4615 4254 4893 4405 4636 4830 4817 4381 5023 4773 4246 4617 4475 4787 4703 5040 4753 4438 4381 4751 4771 4385 4464 4501 4728 4481 4584 5040 4418 4639 4669 4936 4920 4179 4713 4632 4928 4782 4235 4646 4592 4981 4931 4558 4684 5027 4657 4670 4691 4681 4946 4405 5116 4075 4313 4805 4783 4411 4668 4899 4990 4450 4142 4837 4453 4945 4510 5043 4851 4785 4929 4748 4826 4804 4525 4729 4627 4937 4799 4777 4620 5028 4614 5100 4503 4712 4779 4441 4139 4841 4061 4969 5137 4771 4362 4285 4840 4158 4453 4665 4368 5006 4880 4834 4509 4426 4352 4768 4460 4096 4650 4584 4682 4566 4354 4553 4899 4801 4769 4651 4674 4466 4435 4641 4671 4139 4369 4820 4605 4244 4509 4874 4696 4469 4937 4631 4572 4488 4754 4540 4696 4706 4594 4581 4437 4630 4220 4411 4619 4519 4771 4864 4509 4623 4648 4243
4819 5343 5282 5480 5343 5357 5172 5338 5125 5198 5432 5461 5272 5900 5125 5344 5521 5689 5483 5487 5250 5585 5581 5196 4860 5672 5115 5557 5046 5164 5610 5513 4954 5389 5251 5563 5372 5375 5274 5428 5697 5297 5184 5244 5178 5026 5079 5509 5285 5411 5548 5424 5376 5159 5376 5220 5725 5181 5438 5558 5428 5441 5210 5144 5425 4824 5182 5287 5165 5402 5384 4541 5359 5149 5495 5447 4854 4946 5368 5505 5063 5062 5453 4896 5179 5437 5185 5645 5569 5322 5307 5825 4930 5305 4840 5269 5102 5422 5166 5322 5211 5258 5624 5359 5203 5355 5452 5336 5427 5418 5061 5545 5179 5519 5301 5783 5401 5297 5101 5252 5466 5075 4855 5278 5396 5071 5412 5727 5495 5494 5280 5352 5490 4763 5449 5278 5522 5661 4969 5484 5361 5613 5663 5454 5373 5964 5254 5405 5559 5449 5573 5126 5762 4794 5445 5177 5519 5103 5441 5696 5575 5283 4885 5322 5307 5669 5330 5889 5228 5144 5256 5120 5145 5814 4849 5235 5505 5569 5556 5401 5560 5496 5352 5412 5096 5315 5349 4879 4955 5107 4810 5494 5550 5418 5383 5204 5357 4704 5240 5415 4723 5484 5681 5486 5122 4964 5032 5462 5024 4783 5277 5272 5226 5102 4939 5115 5793 5335 5417 5243 5206 5184 5046 5367 5392 4933 5064 5208 5216 4824 5583 5735 5558 5168 5341 5347 5236 5343 5456 5145 5188 5306 5497 5185 4802 5393 5189 4999 5093 5344 5366 5740 5163 5216 5540 4798
4855 5015 5110 5237 5665 5295 5130 5235 5197 4736 5295 5271 4947 5635 4905 5157 5114 5234 5461 5221 4976 5481 5085 4997 5018 5295 4976 5158 5052 5263 5811 5138 4711 5258 5163 5103 5254 5346 4869 5235 5475 5095 4874 4706 4683 4969 5001 5371 5149 5045 5121 5420 5122 5074 4908 5003 5564 5101 5190 5266 5100 5648 4780 5025 5278 4707 5052 5328 4832 4769 4851 4180 5165 5130 5468 5206 4767 5048 5243 5337 5071 5062 5250 5144 5003 5016 4964 5484 5202 5163 5400 5361 4574 5280 4560 5237 5122 4899 4907 4926 5047 5232 5640 5272 5202 4941 5059 5378 4914 5062 4874 5198 4749 5173 5099 5328 5320 4914 4962 5209 5238 5082 4918 5139 4951 4897 5230 5494 5115 5178 5485 5161 5344 4719 5112 5136 5417 5370 4966 5213 5325 5292 5787 5206 4984 5536 4897 4965 5415 5122 5590 4943 5664 4513 5058 5134 5509 4911 5220 5652 5458 5141 4765 5193 4980 5473 5011 5562 5072 4522 4950 4735 5090 5479 4847 5117 5144 5429 5189 5087 5122 5596 4942 5464 4806 4815 5378 4486 4596 5088 4840 5221 5275 5057 5148 5002 5155 4440 5239 5111 4849 5306 5418 5277 5097 4985 4526 5130 4929 4640 5061 5203 5139 5082 4743 5051 5264 5135 5334 5317 4910 4999 4750 4790 5196 4478 4965 5128 5134 4526 5265 5640 5314 4923 5118 5270 5158 4937 5523 5221 4881 5286 5493 4994 4945 5181 4961 5004 5101 5196 5048 5595 5114 4874 5246 4722
5011 5453 5295 5519 5328 5045 5359 5273 4631 4959 5303 5269 5299 5565 4898 5316 5344 5565 5199 5226 5199 5408 5541 5232 5069 5348 5126 5116 5236 4866 5691 5521 4993 5583 5379 5350 5415 5543 5092 5129 5393 4926 5100 4919 5226 4947 5387 5355 5119 5158 5413 5219 5250 4974 5034 5061 5396 5009 5376 5438 5267 5699 4709 5097 5564 4490 5195 5424 5097 5279 5073 4690 5282 5090 5447 5567 5105 4918 5223 5631 4988 5078 5465 5289 4963 5328 5016 5458 5175 5200 5514 5407 5087 5294 4852 5280 5277 5150 4910 5343 5251 5177 5441 5281 5260 5100 5483 5262 5416 5487 4860 5468 4944 5655 5284 5575 5312 5328 5003 5253 5300 5203 4727 5194 5019 5106 5184 5487 5219 5268 5327 5356 5495 4849 5249 5085 5606 5535 5156 5197 5359 5761 5564 5161 5166 5607 5028 5340 5427 5294 5551 5427 5875 4595 5017 5415 5343 5368 5370 5547 5412 5061 4622 5212 5032 5552 5516 5671 5074 5014 5317 5039 5478 5541 5044 5276 5082 5341 4993 5108 5341 5647 4921 5604 4857 5159 5850 4799 5141 5203 4808 5504 5524 5390 4876 5289 5344 4577 5104 5361 5016 5149 5395 5423 5274 4854 4715 5442 4994 4812 5220 5449 5241 5202 4700 5429 5842 5564 5481 5318 5111 5245 4877 5021 5152 4743 4934 5264 4814 5010 5436 5745 5387 5003 5232 5251 5095 5083 5282 5196 5121 5086 5199 5190 5110 5300 4913 4938 5121 5302 5342 5456 5126 5027 5576 4695
4897 5339 5457 5318 5270 5088 5420 5631 5211 5297 5273 5450 5241 5850 5176 5337 5547 5844 5349 5268 5518 5721 5682 5247 5305 5723 5169 5555 5191 5649 5638 5576 5002 5495 5355 5402 5340 5439 5082 5355 5652 5671 5014 5115 5356 5137 5276 5623 5421 5492 5227 5474 5238 5136 5464 5338 5930 5231 5596 5524 5422 5686 5222 5395 5412 4948 5187 5684 5416 5378 5272 4737 5321 5450 5480 5726 4933 5101 5493 5412 5145 5159 5544 5243 5070 5274 5201 5516 5371 5496 5441 5721 4984 5533 4927 5385 5247 5355 5135 5559 5223 5308 5634 5442 5356 5508 5526 5462 5122 5311 5041 5337 4879 5639 5173 5566 5482 5334 5336 5250 5794 5294 4909 5206 5317 5092 5283 5755 5368 5332 5394 5426 5536 5000 5398 5136 5740 5581 5107 5393 5462 5422 5790 5357 5542 5677 5338 5362 5659 5493 5682 5102 5650 5024 5453 5624 5543 5275 5233 5748 5564 5302 5133 5431 5507 5526 5534 5700 5420 5066 5296 5114 5583 5789 5264 5456 5515 5624 5703 5421 5331 5697 5218 5571 5208 5176 5291 4891 5080 5226 4766 5300 5732 5301 5543 5249 5530 4897 5542 5314 4949 5379 5530 5751 5069 5379 4913 5746 5297 5115 5441 5150 5341 5365 5212 5126 5800 5368 5704 5421 5151 5285 4931 5191 5399 5056 4986 5365 5273 4760 5531 5534 5414 5146 5418 5001 5182 5149 5444 5433 5385 5175 5539 5042 4966 5515 5452 5051 5275 5196 5268 5602 5251 5350 5617 5051
5264 5613 5853 5644 5739 5602 5629 5673 5704 5396 5597 5615 5405 5882 5377 5582 5519 5908 5614 5756 5380 5661 5884 5362 5538 5475 5203 5797 5410 5348 6121 5842 5073 5661 6025 5813 5847 5885 5443 5610 5956 5778 5535 5279 5402 5386 5705 5737 5491 5945 5722 5717 5697 5359 5573 5271 6041 5489 5971 5658 5801 6066 5106 5456 5385 5220 5338 5780 5645 5378 5579 4680 5716 5501 5456 5967 5194 5410 5660 5676 5291 5673 5600 5314 5159 5552 5302 6107 5421 5478 5870 5855 4955 5704 5226 5472 5478 5779 5338 5691 5460 5509 5695 5685 5504 5541 5688 5547 5793 5665 5247 5539 5407 6222 5374 5791 5357 5496 5482 5668 5738 5472 5311 5748 5444 5212 5508 5936 5334 5495 5734 5719 5506 5185 5599 5268 5979 5694 5237 5685 5863 5797 6132 5644 5718 5811 5617 5621 6043 5635 6038 5492 5922 5134 5661 5511 5775 5587 5944 6071 6077 5574 4783 5525 5423 5668 5736 6041 5665 5215 5467 5312 5704 5729 5534 5812 5790 5698 5862 5810 5662 6012 5287 6071 5437 5731 5972 5247 5505 5778 4943 5806 5597 5459 5470 5396 5550 4870 5597 5683 5107 5753 5851 5765 5519 5318 5237 5826 5494 5192 5743 5427 5898 5456 5119 5479 6207 5751 5361 5727 5655 5384 5318 5466 5679 5285 5511 5762 5513 5181 5843 5753 5465 5387 5546 5483 5470 5605 5902 5535 5389 5687 5661 5469 5256 5752 5269 5541 5592 5556 5576 5899 5714 5698 5956 5074
5209 5416 5476 5629 5867 5661 5601 5283 5255 5142 5438 5619 5064 5940 5414 5380 5669 5918 5425 5326 5389 5602 5570 5259 5313 5782 5334 5706 5288 5411 5924 5692 5115 5652 5704 5410 5429 5885 5241 5473 5875 5436 5120 5330 5491 5424 5369 5755 5553 5243 5773 5675 5496 5149 5152 5386 5871 5208 5485 5529 5542 5848 5100 5212 5566 4892 5215 5650 5455 5394 5573 4730 5538 5554 5693 5781 5115 5278 5588 5611 5253 5137 5436 5321 5074 5673 5407 5693 5593 5533 5655 5553 5033 5720 4886 5540 5494 5510 5241 5642 5401 5453 5541 5664 5442 5507 5544 5533 5472 5449 4983 5606 5175 5720 5451 5760 5501 5368 5301 5517 5790 5478 4905 5439 5538 5221 5570 5397 5498 5316 5498 5646 5636 5100 5586 5184 5844 5807 5360 5540 5705 5816 5842 5620 5545 5974 5313 5235 5923 5610 6038 5016 5976 4855 5500 5303 5672 5256 5630 5803 5654 5510 5170 5360 5561 5581 5767 5994 5367 5180 5542 5206 5696 5656 5556 5460 5651 5558 5927 5459 5505 5873 5260 5841 5027 5092 5596 4923 5130 5138 5009 5614 5957 5467 5457 5478 5445 4834 5454 5635 5023 5337 5834 5952 5449 5284 4942 5750 5048 5226 5364 5401 5534 5364 5211 5327 5950 5494 5549 5511 5579 5085 4744 5103 5582 5339 5104 5482 5466 5004 5706 5786 5665 5211 5546 5551 5661 5383 5703 5592 5469 5515 5487 5392 5008 5605 5342 5369 5332 5570 5315 5645 5437 5525 5766 4880
5064 5181 5262 5324 5363 5418 5341 5401 5016 5004 5313 5535 5174 5720 5231 5372 5424 5746 5285 5103 5076 5286 5511 5192 5304 5445 5222 5202 5339 5380 5550 5468 5121 5526 5471 5076 5469 5447 4862 5349 5307 4989 5090 5224 5297 5203 5357 5333 5365 5106 5234 5246 5139 5027 5149 5121 5824 4979 5334 5556 5375 5523 5175 5240 5330 4846 5367 5430 5254 5246 5343 4429 5362 5379 5435 5651 4496 4929 5326 5537 5455 5150 5320 5113 5073 5351 5343 5448 5054 5070 5617 5543 4811 5582 5024 4986 5157 5250 4889 5358 5214 5116 5444 5081 5180 5287 5416 5438 5512 5133 4873 5318 5096 5476 5213 5661 5228 5048 4935 5269 5607 5009 4868 5268 5146 5009 5388 5737 5405 5130 5226 5442 5654 4881 5382 5110 5550 5703 4786 5388 5388 5544 5421 5155 5273 5585 5127 4932 5271 5226 5737 5517 5615 4806 5201 5206 5536 5252 5488 5401 5470 5233 4858 5413 5172 5576 5234 5598 5243 4913 5160 4891 5284 5560 4866 5317 5080 5580 5101 5356 5127 5383 5211 5414 4930 5145 5598 4742 5066 5112 4742 5502 5688 5175 5359 5284 5475 4589 4982 5328 4851 5282 5806 5927 5194 5165 4836 5510 4969 4835 5225 5311 5233 5088 4972 5243 5359 5369 5707 5329 5229 5011 4727 5326 5461 4709 5264 5316 5247 4787 5543 5587 5611 5176 5339 5276 5172 5170 5531 5418 5085 5377 5450 4873 4883 5343 5254 4981 5110 5493 5336 5519 4950 5200 5408 4700
5249 5487 5477 5664 5489 5573 5466 5304 5416 5444 5595 5661 5287 5641 5274 5409 5577 5968 5316 5752 5457 5621 5543 5328 5376 5704 5256 5659 5392 5536 5965 5715 5096 5629 5486 5497 5599 5693 5300 5435 5813 5277 5343 5085 5539 5209 5507 5637 5437 5463 5555 5435 5466 5734 5368 5461 5813 5283 5794 5369 5591 5755 5262 5244 5615 4996 5404 5724 5481 5476 5474 4940 5520 5457 5882 5871 4961 5216 5273 5593 5506 5588 5405 5398 5092 5302 5221 5875 5414 5440 5798 5768 4893 5492 5009 5388 5527 5753 5223 5715 5379 5553 5875 5467 5484 5484 5533 5617 5442 5618 5255 5582 4899 5702 5344 5728 5675 5519 5211 5498 5814 5375 5020 5514 5302 5231 5273 6032 5568 5555 5752 5777 5556 5166 5589 5510 5881 5786 5306 5370 5525 5787 5629 5434 5414 5796 5544 5564 5771 5448 5873 5380 5859 4992 5748 5434 5903 5568 5588 5705 5728 5637 5166 5402 5390 5795 5731 6181 5438 5141 5411 5265 5209 5910 5303 5583 5371 5526 5918 5408 5789 5972 5272 5777 5307 5593 5847 4996 4847 5280 5016 5652 5918 5419 5612 5281 5474 4687 5448 5651 5185 5529 5351 5941 5448 5334 4824 5839 5334 4892 5459 5470 5537 5654 5084 5419 5734 5762 5523 5789 5601 5376 5032 5395 5182 5131 5081 5420 5384 4894 5851 5808 5578 5360 5744 5532 5558 5347 5821 5734 5388 5459 5661 5358 5181 5440 5298 5283 5409 5352 5570 5756 5433 5268 5581 5043
4457 4709 4677 5027 5179 4633 4973 4958 4697 4814 4996 5011 4716 5181 4639 4931 4747 5056 4707 4962 4870 4809 4936 4828 4776 4600 4608 4852 4985 4775 5357 5029 4774 4956 4847 4830 4801 5044 4667 4767 4981 4627 4846 4519 4629 4625 4681 4971 4628 4683 4880 4788 4768 4533 4790 4847 5328 4586 4963 5085 4881 5222 4465 4758 4986 4485 4864 4854 4678 4748 5006 4082 5233 4686 5125 5361 4550 4425 4763 5135 4832 4823 4810 4795 4481 4715 4585 4925 4744 4652 5013 4915 4468 4858 4674 4601 4603 4611 4230 4901 4876 4865 5131 4790 4704 4573 4847 4780 4769 4843 4515 4995 4602 5179 4930 4943 4879 4647 4601 4814 5437 4808 4595 4871 4617 4556 4714 5219 4833 4745 5000 5165 5003 4605 4818 4869 5158 5075 4454 4743 5040 5182 5268 4793 4659 4887 4524 4824 5169 4879 5191 4684 5190 4491 4856 4909 4884 4894 4854 4909 5139 5031 4462 4897 4629 4878 4923 5262 4930 4826 4911 4681 4705 5248 4689 4773 4950 4895 4871 4873 4789 5258 4743 5115 4456 4702 5108 4425 4570 4721 4286 4838 4890 4736 4553 4471 5170 4337 4799 4879 4594 4922 4980 5200 4654 4442 4389 4889 4796 4385 4809 4781 4765 4856 4472 4748 5159 4832 4960 4996 4613 4798 4381 4673 4771 4326 4808 4716 4773 4340 4999 5107 4939 4736 4901 4945 4894 4700 4900 4864 4698 5122 5116 4682 4742 4729 4685 4446 4840 4756 4892 5337 4855 4798 5148 4247
5027 5292 5341 5293 5334 5119 5281 5421 4944 5244 5416 5358 5537 5520 5204 4987 5458 5848 5433 5294 5330 5639 5264 5457 5267 5343 5521 5410 5095 5303 5591 5477 4928 5279 5293 5443 5499 5668 5146 5344 5458 5243 5183 5030 5305 5061 5185 5364 5549 5555 5376 4998 5351 5087 5084 5115 5646 4919 5390 5452 5312 5639 5208 5238 5377 4973 5080 5166 4880 5319 5178 4670 5423 5207 5397 5606 4836 5258 5412 5636 5038 5311 5290 5227 5191 5138 5129 5512 5204 5242 5364 5378 4839 5377 4888 5575 5044 5019 5080 5305 5299 5068 5465 5301 5255 5312 5276 5268 5473 5204 5183 5233 5059 5405 5340 5607 5158 5493 5095 5470 5512 5464 5069 5453 5276 5260 5212 5673 4822 5488 5370 5596 5481 4962 5386 5172 5553 5669 5039 5192 5554 5603 5705 5231 5145 5639 5061 5198 5330 5454 5574 5234 5559 5010 5274 5307 5828 5257 5335 5723 5574 5088 4972 5583 5468 5467 5271 5791 5449 5003 5215 5044 5289 5358 5157 5393 5034 5183 5316 5643 5422 5552 5071 5628 5339 5213 5448 4817 4939 5309 4903 5638 5574 5361 5349 5130 5391 4814 5158 5411 5015 5315 5661 5448 5323 5182 4753 5217 5108 4685 5230 5222 5276 5134 5085 5269 5706 5455 5579 5483 5227 5286 4655 4942 5321 4770 5082 5139 5095 4488 5507 5658 5279 4800 5300 5258 5162 5275 5279 5454 4955 5245 5414 5179 5281 5359 5092 4912 5117 5255 5257 5501 5425 5304 5526 5057
5404 5589 5225 5428 5463 5381 5500 5502 5317 5257 5447 5587 5341 5727 5338 5215 5468 5698 5378 5489 5221 5673 5576 5674 5485 5397 5038 5696 5423 5449 5694 5719 5346 5572 5401 5472 5529 5570 5373 5327 5618 5430 5256 4894 5622 5352 5310 5610 5434 5298 5234 5308 5420 4999 5404 5264 5786 5349 5614 5518 5486 5685 5221 5367 5485 5108 5219 5465 5254 5690 5496 4722 5409 5582 5647 5706 4963 5017 5381 5763 5235 5341 5472 5361 4996 5394 5311 5722 5165 5345 5373 5640 4880 5465 5117 5407 5110 5415 5155 5514 5170 5401 5446 5505 5453 5409 5444 5277 5811 5590 5241 5920 5206 5676 5449 5790 5252 5377 5239 5415 5528 5275 5181 5597 5102 5177 5110 6052 5307 5212 5582 5444 5682 4885 5263 5258 5441 5765 5159 5305 5656 5739 5850 5336 5184 5564 5294 5222 5840 5463 5917 5525 5813 4800 5577 5641 5449 5389 5452 5763 5596 5422 4993 5279 5277 5517 5305 5882 5137 5203 5454 5005 5477 5725 4987 5260 5672 5939 5340 5499 5504 5712 5237 5721 5193 5336 5728 4945 4922 5470 4868 5810 5621 5339 5563 5276 5875 4514 5426 5372 4962 5505 5529 5779 5073 4917 4701 5457 5188 4966 5427 5301 5650 5212 5050 5421 5617 5500 5256 5618 5392 5502 5101 5398 5431 4810 5122 5336 5344 4748 5493 5837 5340 5155 5489 5311 5480 5435 5603 5334 5132 5514 5441 5033 5245 5323 5148 5121 5523 5328 5316 5602 5337 5343 5906 4774
4770 5020 4942 4916 5124 4834 5127 4986 4922 4575 4791 5170 4791 5340 4954 5120 4887 5401 5068 5187 5067 5122 5030 4868 4946 4885 4810 5012 5046 4774 5511 5259 4810 5052 4949 4996 5171 5112 5065 5022 5278 4678 4816 4758 4871 4705 4842 5111 5000 4979 5142 4874 4831 5001 5060 5072 5220 4895 5371 5150 5256 5208 4842 4851 5060 4361 4725 5046 4866 4920 4793 4326 4964 5068 5147 5086 4619 4919 4775 5301 4978 5077 5050 5006 4815 5009 4921 5237 5021 5036 5166 5348 4619 5098 4608 4936 4730 4781 4936 5054 4704 4976 5089 4817 4809 4754 4962 4920 5189 4958 4591 5382 4558 5228 5098 5113 4836 4998 4941 5200 5338 5002 4780 5123 4879 4861 4679 5323 5158 4954 5275 5087 5081 4504 5186 4911 5140 5417 4943 5048 5226 5315 5360 5228 4959 5237 4768 4761 5477 5262 5362 4807 5509 4437 5127 5007 5083 5112 5172 5281 5282 4974 4412 4864 4999 4929 4994 5375 5113 4584 4963 4803 4888 5248 4745 4981 4990 5378 4971 5033 5051 5106 4750 5294 4691 4769 5366 4389 4510 4875 4497 5006 4908 4833 4916 4682 5224 4448 4981 4783 4441 4973 5158 5231 4861 4694 4602 5295 5058 4579 5060 4943 4920 4898 4632 5005 5319 5291 5094 4955 4893 5012 4611 4799 4903 4375 4605 4949 4914 4509 5257 5304 5097 4889 5123 5233 4769 4782 5173 5111 4850 5067 5261 4943 4517 4942 4704 4666 4890 5177 4999 5319 4675 4970 5201 4719
5015 5314 5164 5114 5337 5001 5173 5257 4755 5130 5441 5601 5050 5650 4997 5041 5216 5534 5271 5071 5075 5233 5335 5228 5185 5184 4959 5450 4965 5304 5518 5580 4811 5327 5160 5319 5102 5432 5169 5179 5598 5150 5112 4851 5272 4984 5091 5346 5154 5205 5002 5000 5053 4903 5052 5049 5388 4805 5126 5361 5209 5649 5000 5090 5139 4829 5043 5038 4930 5275 5066 4506 5397 5256 5485 5358 4542 4842 5264 5426 5129 5243 5155 4931 5052 4910 5143 5338 4949 5056 5287 5211 4926 5385 4887 5129 4906 5434 4929 5345 5475 5113 5429 5262 4924 5506 5082 5219 5431 5149 4983 5183 4890 5452 5243 5540 5261 5175 5221 5166 5565 4878 4618 5110 5196 4917 4855 5565 5076 5257 5308 5261 5350 4799 5146 5039 5476 5555 4852 5408 5225 5568 5672 5243 5101 5348 4926 4986 5525 5324 5673 5070 5434 4799 5169 5200 5490 5068 5129 5459 5356 4905 4703 5269 5187 5231 5339 5832 5326 4983 5313 4949 5533 5260 4784 5048 5313 5144 5373 5290 5030 5402 5099 5555 4662 5165 5357 4519 4832 5267 4703 5471 5469 5101 5205 5109 5193 4664 5108 5312 4724 5212 5419 5752 4935 5004 4577 5374 4869 4689 5078 4965 5079 5126 4651 5124 5626 5186 5009 5249 4952 5158 4456 4955 5417 4597 4973 5171 5157 4778 5168 5460 5389 5062 5312 5363 5174 5061 4923 5186 5068 5083 5099 5086 5106 5201 5112 4943 5083 4949 5140 5553 5266 5137 5489 4884
4910 5390 4945 5668 5742 5317 5454 5399 5007 5067 5286 5586 5303 5806 5108 5339 5572 5853 5605 5286 5406 5526 5527 5138 5253 5428 5125 5336 5342 5037 5843 5946 5223 5493 5521 5468 5480 5542 5048 5435 5614 5431 5189 5179 5134 5172 5245 5514 5367 5397 5510 5665 5102 4994 5228 5397 5773 5074 5445 5427 5487 5961 4909 5234 5507 4938 5235 5556 5408 5114 5472 4492 5359 5326 5586 5801 5019 5437 5547 5544 5333 5417 5525 5440 5218 5323 5194 5585 5146 5345 5689 5598 5045 5333 4724 5417 5300 5325 4936 5415 5673 5248 5526 5102 5379 5346 5441 5353 5637 5357 4912 5360 5201 5721 5534 5673 5301 5411 5108 5601 5606 5422 5213 5138 5123 5166 5162 5657 5319 5507 5937 5650 5414 5068 5373 5208 5700 5732 4962 5369 5495 5893 5916 5341 5401 5693 5133 5478 5578 5377 5370 5244 5784 4820 5367 5392 5429 5102 5390 5510 5787 5136 4814 5604 5392 5716 5710 5793 5445 5322 5433 5040 5446 5780 5213 5430 5367 5545 5392 5503 5343 5856 5369 5718 5133 5361 5663 4961 4957 5233 4894 5493 5440 5435 5218 5107 5573 4858 5266 5480 4856 5517 5794 5611 5221 4738 4946 5536 5196 4877 5398 5320 5558 5304 5000 5461 5683 5518 5371 5632 5265 5288 4874 5220 5035 4715 5009 5396 5103 4944 5549 5727 5550 5144 5340 5291 5246 5090 5648 5316 5214 5288 5537 5446 5178 5377 5031 5062 5113 5250 5506 5634 5516 5381 5756 5048
4256 4981 4671 5008 4957 4865 4634 4773 4608 4531 4766 5015 4606 5112 4508 4915 5062 5038 4972 4962 4556 4810 5018 4691 4584 5096 4617 4861 4398 4896 4998 5091 4536 4859 4641 5017 4976 4890 4706 4800 5242 4679 4519 4624 4697 4576 4791 4940 4630 4730 4905 4945 4737 4685 4813 4641 5183 4881 5035 5046 4926 5016 4555 4593 4715 4446 4641 5041 4554 4800 4783 4087 4679 4685 5142 5217 4364 4559 4898 5130 4887 4792 4889 4628 4683 4600 4788 5255 4682 4898 4738 5012 4325 4978 4236 4736 4430 4863 4402 4658 4656 4822 5055 4842 4781 4694 5067 4672 4892 4781 4446 5039 4486 5049 4592 5104 4868 4627 4699 4670 4947 4659 4568 4577 4765 4751 4879 5185 4784 4806 4954 4818 4932 4383 4946 4659 5091 4956 4545 4649 4790 5113 4991 4881 5074 5141 4814 4531 5037 4697 5208 4673 5092 4555 4726 4855 5063 4609 4704 5232 5208 4540 4359 4716 4738 5083 5013 5086 4902 4544 4897 4598 4800 5156 4461 4741 5184 4912 4967 4838 4917 5105 4821 4957 4585 4813 5164 4340 4514 4784 4325 4902 5101 4676 4867 4679 4907 4173 4936 4990 4412 4916 4943 5283 4663 4556 4375 5073 4594 4316 4654 4701 4742 4712 4289 4683 4949 4891 4968 4804 4681 4563 4238 4671 4682 4527 4586 4610 4669 4269 4905 5172 4994 4676 4741 4581 4447 4643 4978 4717 4698 4905 5071 4661 4688 4693 4668 4537 4822 4748 4799 5035 4807 4713 5007 4420
4839 5194 5308 5065 5197 4947 5162 5364 4731 4650 5104 5321 5181 5442 4845 5141 5164 5489 5177 5258 5287 5337 5110 5033 5167 5105 4863 5140 5091 4941 5646 5312 4973 5358 5125 4976 5274 5395 4884 5155 5262 5205 5047 4978 5046 5018 5004 5422 5457 5116 5150 5170 4976 4842 4948 5013 5424 5081 5227 5175 4971 5701 5000 4989 5167 4746 5062 5225 4986 5169 5148 4253 5281 5155 5110 5411 4584 4947 5202 5360 5168 5019 5398 5079 4775 5033 4994 5553 4828 5253 5442 5435 4456 5352 4708 5373 5127 5061 5149 5071 5009 5221 5427 5158 5015 5040 5129 4942 5350 4995 4851 5113 4836 5464 5307 5181 5206 4971 4827 5192 5489 4969 4791 5226 5109 4914 5006 5720 4933 5140 5408 5177 5193 4731 5498 4679 5517 5389 5044 5187 5471 5579 5332 5107 4859 5594 5043 4861 5290 5346 5287 5027 5499 4417 5177 5241 5354 5031 5214 5155 5467 4948 4818 5212 5011 5218 5097 5423 5212 4856 5061 4932 5170 5504 4916 5081 5032 5472 5520 5261 5057 5466 4870 5614 5198 5309 5174 4793 4894 5095 4655 5328 5754 5135 5178 4879 5286 4342 5169 5015 4781 5288 5573 5424 4869 5014 4836 5373 4666 4546 5043 4899 5144 4954 4833 4912 5612 5530 5437 5120 5157 5023 4749 4999 4960 4904 4706 5159 4852 4542 5342 5629 5320 4728 5369 5232 5019 5026 5356 5303 4798 5310 5362 4964 4951 5299 4798 4724 5281 5322 5235 5395 5190 5202 5512 4824
4799 5085 4948 5125 4969 4777 4777 5153 4733 4670 5119 5020 4866 5501 4655 5044 5102 5207 5083 5156 4731 5108 5104 5180 4778 5025 4669 5070 4782 4878 5433 5140 4839 5015 4916 4879 5130 5185 4945 4881 5508 4920 4937 4815 5087 4726 4554 5083 5073 4911 5130 5130 4797 4584 4833 4991 5237 4674 5054 5257 5073 5409 4602 4798 5034 4807 5055 4844 4728 4984 5295 4227 5063 4910 5347 5401 4665 4666 5101 5193 4640 4630 4957 4560 4924 4999 4785 5165 4888 4925 5263 5227 4471 5172 4527 5116 4923 5035 5025 4993 4690 5110 5277 5114 5084 5038 4968 5131 5061 5020 4776 5213 4601 5231 5095 5337 4971 5079 4907 4620 5079 4959 4389 5134 4906 4905 4984 5330 4678 5209 5085 5185 5240 4588 4871 4697 5138 5214 4494 5114 5134 5342 5096 4838 4914 5465 4642 4902 5125 5164 5208 4935 5281 4504 4932 4741 5303 4763 4703 5291 5259 4760 4557 5152 4984 4977 5198 5488 4962 4760 4884 4717 5006 5354 4789 4871 5196 5369 5186 5083 4973 5381 4805 4972 4685 4970 5266 4388 4480 5031 4705 5266 5082 5023 4867 4837 5090 4429 4976 4890 4615 4963 5155 5269 4793 4859 4529 5110 4572 4681 4823 4955 5226 4982 4710 4919 5269 5173 5050 4915 4931 4913 4541 4565 5019 4735 4747 4776 4640 4646 5345 5339 5095 4848 5226 4915 5064 4967 5200 5057 5012 4977 4950 4924 4812 4998 4679 4824 5030 4934 4921 5357 5171 4959 5156 4582
5045 5597 5655 5921 5530 5581 5586 5717 5443 5530 5768 5840 5434 6127 5319 5780 5492 5962 5574 5743 5692 5992 5583 5731 5662 5900 5543 5717 5441 5585 6220 5838 5263 5733 5451 5604 5657 5729 5408 5819 5757 5565 5440 5399 5634 5322 5530 5836 5696 5794 5571 5746 5490 5351 5578 5289 5959 5447 5959 5786 5541 5928 5563 5301 5659 5025 5533 5748 5267 5465 5731 4924 5671 5488 5474 5814 5167 5499 5717 5763 5386 5369 5756 5336 5132 5491 5620 5874 5731 5780 5709 5880 5225 5798 5155 5666 5529 5517 5299 5632 5290 5797 5877 5596 5721 5488 5513 5859 5787 5685 5474 5668 5349 5994 5452 5954 5617 5633 5561 5803 5734 5601 5200 5877 5455 5468 5545 6074 5710 5687 5669 5600 5910 5072 5829 5463 5890 5916 5492 5611 5751 6023 5930 5685 5673 5986 5277 5373 5880 5726 5957 5503 6053 5095 5558 5554 5848 5348 5746 6088 5862 5502 5241 5893 5685 5805 5586 6053 5644 5130 5516 5215 5593 5980 5355 5734 5534 6045 5822 5712 5506 5885 5491 5670 5330 5735 5941 5171 5014 5560 5156 5871 5951 5722 5743 5539 5526 4978 5823 5618 5146 5663 5697 5771 5450 5377 5103 5680 5512 5335 5653 5625 5670 5617 5096 5449 5775 5958 5848 5618 5518 5320 5025 5299 5673 5313 5358 5585 5292 4955 5731 6060 5757 5348 5630 5552 5397 5387 5681 5559 5702 5360 5689 5679 5323 5753 5357 5550 5454 5713 5606 5863 5546 5588 5973 5418
4940 5098 5177 5349 5155 5058 5151 5421 5071 4889 5246 5444 5240 5377 4872 5140 5309 5741 4933 5196 5017 5287 5427 5095 5047 5630 5146 5205 5122 5051 5360 5337 5178 5311 5244 5311 5208 5379 5077 5074 5420 5176 5115 5094 5265 5057 5170 5482 5350 5393 5245 5067 5030 5148 5078 5041 5623 4973 5430 5457 4995 5745 4994 5212 5318 4742 5018 5227 5095 5650 5323 4504 5441 5052 5493 5559 4895 5151 5178 5275 5047 4964 5421 5234 4922 5283 5194 5283 4892 5220 5422 5351 4788 5439 5040 5351 5177 5000 5102 5345 5135 5224 5414 5335 5282 5204 5333 5085 5547 5196 5083 5377 4795 5428 5314 5401 5365 5355 4865 5331 5419 5110 4765 5191 4994 4984 5173 5640 5074 5395 5239 5488 5519 4779 5060 5132 5413 5240 4928 5140 5345 5512 5167 5222 5205 5581 5108 5166 5508 5174 5430 5292 5605 4882 5195 5215 5844 5128 5817 5539 5246 5458 4723 5456 5209 5400 5131 5938 4896 5171 5332 4850 5330 5576 5224 5328 5279 5225 5399 5095 5122 5484 5160 5285 5068 5305 5434 4590 4968 5106 4615 5416 5503 5038 5285 5090 5491 4579 5050 5286 4951 5386 5445 5178 4829 5025 4805 5554 5083 4742 5292 5263 5307 5125 4729 5216 5524 5413 5383 5305 5029 5069 4718 5116 5057 4745 4844 5061 5071 4816 5672 5530 5343 4906 5391 5144 5185 4883 5427 5431 4883 5230 5318 4936 4963 5399 4901 5035 5197 5130 5160 5439 5251 5097 5759 4888
4752 4968 4944 5200 5123 4967 4889 4933 4678 4771 5004 5203 4823 5335 4810 4725 5056 4960 4858 5117 5154 5185 5086 4915 4714 5005 5075 4988 4589 4831 5118 5254 4683 4943 5090 4937 5084 4907 4928 5007 5608 5010 4674 4717 4738 4892 4945 5059 5104 4968 5064 5040 4958 4727 4822 5082 5309 4899 5092 5060 4884 5396 4703 4782 4980 4443 4850 5020 4953 4988 4646 4393 4947 4699 5151 5324 4457 4845 4395 5429 5071 4917 4846 5101 4487 5052 4789 5104 4886 4847 5109 5375 4815 5053 4647 5289 4960 4753 4881 4862 4873 4975 4910 5058 4955 4883 5069 4842 5027 4969 4512 5234 4529 5001 5063 5368 5024 4803 4777 4840 5199 5034 4548 5107 5010 4770 4600 5442 4911 4788 5353 4875 5085 4572 5035 4797 5180 5356 4839 4978 5231 5372 5208 5128 4984 5339 4722 4796 5336 4967 5339 4932 5545 4166 4889 5121 5217 4919 4918 5460 5108 4701 4714 5034 4827 5175 5095 5345 5098 4716 5078 4488 5024 5132 4505 4808 4815 5344 4995 4945 4958 5327 4805 5131 4566 4793 5407 4531 4518 4942 4620 5387 5251 4989 4799 4683 5032 4312 4837 4741 4760 4982 5045 5154 4770 4836 4645 4858 4704 4786 4742 4932 5075 5041 4454 4800 5500 5095 5022 4994 4700 5076 4387 4651 4827 4406 4727 5187 4894 4520 5015 5240 5000 4620 4979 4873 5039 4959 5074 5066 4771 4878 5139 4967 4765 4995 4809 5029 4880 5075 5035 5240 5063 4675 5138 4569
4572 4959 5078 5127 5185 4841 4917 5030 4568 4942 5066 5263 4938 5577 4918 5162 5050 5408 5292 5032 4846 5394 5153 5090 4986 5472 4719 5015 4804 4925 5516 5272 5019 5114 5292 5058 5349 5350 4930 5114 4944 5031 4753 4827 4966 4827 4955 5082 4925 4902 4874 5060 4809 5030 4823 4641 5362 4774 5145 5092 5013 5237 4957 4873 5052 4724 4858 5235 4892 5014 4963 4115 5048 5226 5269 5307 4484 4784 5100 5189 4663 4754 5228 5109 4754 5384 5117 5297 5004 5164 5048 5391 4700 5069 4871 5180 4938 5175 4769 5070 4866 4989 5213 5050 5066 5099 5036 5369 5151 5224 4735 5270 4983 5349 5007 5325 5071 5001 4758 5112 5030 4848 4786 5005 5002 4855 4942 5248 4930 5157 5062 5071 5318 4550 5162 5006 5297 5195 4835 5299 5219 5252 5343 5099 5190 5423 5078 4909 5384 4953 5368 5013 5414 4766 4963 4954 5338 4898 5366 5152 5603 4997 4603 5087 4948 5248 5102 5373 4939 4876 5285 4789 5096 5299 4698 4897 5151 5299 5087 5010 4985 5137 5014 5210 4616 5052 5570 4528 4740 4995 4521 5203 5410 5230 4708 4931 5134 4402 4875 5095 4587 5101 5123 5467 4900 4681 4556 5260 4728 4438 4773 5133 5006 5137 4762 4960 5397 4969 5220 5006 4925 4704 4570 4968 4991 4450 4677 4924 4955 4410 5091 5552 5155 4830 5116 5118 4874 4928 5136 5040 4949 5011 5228 4817 4719 5078 4663 4856 4933 4921 4871 5231 4866 5018 5344 4487
4861 5289 5173 5451 5301 5076 5219 5272 4815 4897 5366 4990 5043 5408 5128 4975 5225 5302 5264 5325 5028 5113 5278 5037 4931 5353 5061 5123 5141 5315 5710 5669 5049 5066 5146 5438 5363 5358 4964 5271 5444 5068 4917 4993 5063 4721 5031 5246 5083 5251 5078 5014 5077 4870 5061 4827 5523 4831 5050 5460 5343 5577 4965 4982 5078 4780 4740 5278 5158 5064 5151 4419 5240 5073 5125 5569 4644 5006 5215 5398 4989 5244 5300 5191 4979 5071 4865 5565 5008 5015 5278 5412 4839 5268 4721 5178 4973 5125 4821 4958 4881 4910 5220 5164 4945 5151 5162 4990 5212 4951 4894 5357 5063 5521 5033 5342 5398 5184 5077 5184 5346 5488 4737 5037 4991 4877 4889 5417 5101 5230 5244 5306 5302 4635 5342 4836 5437 5423 4912 5312 5064 5587 5645 5282 5105 5394 5047 5102 5421 5255 5300 5131 5695 4582 5161 5371 5454 4857 5209 5351 5457 5003 4675 5020 5139 5426 5142 5677 5104 5061 5106 5098 5306 5589 4881 5140 5024 5169 5389 5362 5125 5636 4933 5638 4970 5125 5310 4685 4966 5199 4538 5291 5655 5022 5144 4809 5301 4429 5190 5181 4905 5206 5395 5272 5103 4721 4807 5325 4605 4471 5198 4753 5256 5116 5030 5072 5701 5192 5245 5154 5324 4976 4618 4869 5255 4649 5001 5150 5082 4647 5295 5584 5507 5102 5081 5301 4986 4727 5204 4736 5175 5109 5134 4989 4733 5251 4875 4784 5043 5196 5222 5406 5189 5293 5131 4782
5044 5397 5207 5443 5512 5288 5329 5201 5150 5042 5393 5506 5186 5838 5117 5114 5408 5470 5583 5285 5230 5604 5505 5211 5164 5431 5379 5620 5307 4907 5727 5463 5137 5170 5311 5344 5240 5547 5212 5460 5753 5323 5149 4940 5068 5150 5343 5254 5437 5067 5501 5521 5455 5031 5408 5106 5677 4901 5332 5306 5325 5786 4981 5164 5169 5123 5445 5341 5496 5216 5385 4619 5434 5354 5683 5713 4897 5054 5380 5432 5278 5370 5294 5236 5117 5360 5154 5491 5122 5157 5375 5821 4793 5282 4977 5725 5248 5180 4837 5269 5269 5240 5534 5259 5213 5403 5325 5182 5431 5173 4873 5372 5129 5594 5693 5818 5361 5419 4897 5385 5322 5383 4748 5099 5285 5171 5411 5643 5349 5194 5598 5354 5556 4679 5267 5099 5457 5585 5143 5437 5323 5896 5669 5354 5323 5603 5170 5218 5642 5540 5894 5307 5640 4662 5333 5116 5664 5028 5277 5450 5713 5252 4870 5337 5295 5502 5568 5728 5355 5213 5319 5182 5384 5628 5103 5383 5267 5547 5535 5510 5506 5630 5048 5605 5031 5216 5309 4639 4835 5214 4903 5436 5505 5103 5158 5111 5422 4617 5464 5239 4804 5361 5858 5493 5175 5113 4836 5565 5094 4897 5534 5346 5335 5221 4994 5096 5834 5345 5470 5306 5072 5182 4778 5167 5306 4813 4748 5190 5204 4608 5233 5748 5577 5141 5407 5475 5227 5300 5561 5318 5357 5469 5490 5136 5143 5487 5094 5203 5269 5235 5161 5594 5229 5311 5609 4838
4780 4919 4599 4905 4758 4719 4918 4687 4618 4363 4842 5000 4859 5141 4614 4746 4722 5197 5041 4866 4710 5306 5078 4660 4764 5186 4618 4963 4880 4793 5289 5186 4754 5100 5012 4862 4933 5075 4829 4792 5172 4988 4514 4905 4911 4682 4891 4791 5077 4767 4822 4932 4715 4785 4945 4724 5305 4578 5126 4722 5089 5405 4400 4548 4945 4671 4906 4931 4710 4799 5241 4241 4818 4869 5146 4942 4484 4772 4901 4961 4729 4789 4904 4603 4695 5008 4741 5192 4596 4865 5135 5104 4550 4952 4832 4942 4932 4747 4671 4815 4712 4680 5149 5022 4948 4884 5068 5079 4984 5024 4515 4941 4628 5266 5023 5293 4644 4870 4586 4938 4915 4688 4301 4790 4886 4809 4987 5081 4911 5103 4860 5190 5086 4651 4997 4683 5096 4935 4693 4927 4832 4899 5335 4784 4740 5423 4860 5026 5105 4733 5498 4841 5296 4480 4840 4606 5188 4934 4987 5015 5025 4877 4532 4979 5133 5074 4980 5368 4777 4734 4628 4558 4867 5106 4772 4760 5025 5192 5160 4942 5166 5370 4599 5014 4863 4755 5207 4475 4385 4681 4574 5152 5534 5117 4617 4871 4996 4419 4822 4944 4525 5031 5210 5293 4762 4730 4481 4957 4416 4435 4794 5032 4917 4690 4603 4837 5129 4969 5015 4980 4938 4756 4386 4846 4926 4385 4523 5098 4686 4383 5055 5407 5179 4857 5081 4922 4965 4886 5053 5076 4644 4978 5026 4626 4559 4915 4549 4955 4875 4720 4859 5071 4924 4797 5221 4588
5121 5572 5537 5690 5625 5611 5505 5648 5261 5341 5693 5670 5625 5927 5339 5286 5695 5869 5403 5580 5436 5626 5426 5223 5413 5610 5234 5640 5514 5452 5769 5843 5229 5962 5575 5440 5545 5687 5501 5651 5828 5335 5471 5347 5363 5215 5423 5547 5568 5440 5603 5426 5548 5141 5321 5402 5867 5040 5486 5585 5484 6009 5253 5359 5473 4957 5406 5797 5213 5419 5607 4577 5549 5615 5572 5712 4903 5194 5346 5939 5396 5489 5117 5436 5122 5552 5221 5843 5546 5541 5609 5688 4945 5470 5186 5557 5401 5378 5343 5698 5345 5686 5521 5538 5397 5517 5425 5395 5621 5230 5213 5788 5388 5791 5439 5980 5633 5401 5015 5582 5675 5233 5096 5576 5343 5257 5115 6013 5412 5515 5619 5794 5689 5032 5449 5345 5763 5854 5474 5643 5622 5830 5904 5667 5436 5745 5267 5500 5840 5500 5845 5242 5882 4833 5665 5593 5598 5742 5451 5677 5735 5289 5251 5589 5346 5574 5550 5839 5776 5073 5389 5155 5686 5731 5295 5460 5479 5566 5515 5433 5632 6094 5106 5864 5186 5421 5677 5038 5000 5621 4854 5602 5833 5426 5234 5173 5529 4916 5634 5459 5368 5314 5917 5650 5262 5372 5250 5849 5438 4925 5535 5457 5622 5424 5212 5367 5937 5729 5731 5567 5547 5468 5132 5476 5480 5091 5287 5610 5366 4843 5736 5842 5540 5259 5652 5528 5468 5316 5672 5340 5148 5506 5649 5463 5245 5747 5382 5252 5478 5478 5519 5601 5383 5468 5647 5008
4745 5102 4915 5121 5164 4708 5075 4872 4808 4598 5185 5136 4994 5462 4790 5004 5020 4919 5202 4933 4890 5304 4962 5028 5062 5055 4960 5100 5152 5137 5579 5326 4644 4821 5126 5036 4929 5059 4807 5151 5270 4973 5034 4717 4675 4612 4774 5152 4897 4785 5043 4853 4918 4807 5181 4695 5493 4619 5066 5325 5249 5514 4714 4957 5051 4892 5020 4865 4976 4918 5092 4003 4943 4872 5007 5512 4562 4611 4982 5178 4877 4927 5017 5157 4830 4818 4684 5126 4758 4914 5217 5375 4634 5070 4532 5165 4706 4723 4824 4828 4779 4833 5032 5023 4829 4972 5096 5005 5165 4819 4898 5292 4736 4962 4819 5464 5012 4916 4809 5100 5066 4791 4679 4788 5123 4811 4854 5524 4845 5105 5373 5167 5471 4813 4991 5193 5267 5321 4709 5064 4863 5377 5253 5009 5030 5432 4805 4770 5430 5088 5305 4906 5539 4373 4933 5174 5246 5109 4974 5201 5635 4847 4762 5058 5055 5372 4885 5608 4904 4696 4925 4748 5375 5529 5036 5125 4821 5264 5252 5151 5211 5439 4908 5273 4817 4818 5266 4359 4613 4851 4617 5154 5078 4808 5044 4697 5428 4561 4870 4696 4443 5052 5423 5267 4821 4869 4556 5310 4902 4480 5097 4670 5015 4785 4654 4880 5090 4839 5219 4892 4759 4857 4514 4859 5109 4354 4949 5012 4934 4480 4900 5397 4992 4631 4907 4900 4920 4925 4986 5002 4930 4949 5058 4874 4776 5067 4774 4742 4955 4796 4856 5376 5089 5278 5268 4609
4954 4971 5135 4934 5282 5170 5323 5301 4839 5135 5016 5279 5102 5512 4948 4885 5037 5501 5218 5312 4927 5455 5204 5175 5114 5292 4824 5007 4992 5066 5518 5565 4915 5085 5263 5222 5325 5284 5064 5378 5430 4978 5018 4836 5151 4929 4937 5395 5295 5197 5111 5089 5018 5055 4936 5000 5158 4917 5336 5112 5397 5258 4944 4842 5140 4792 5027 5179 4890 5075 4907 4355 4896 5016 5074 5641 4736 4736 4904 5241 4863 5146 5330 5121 4746 4730 4923 5171 4920 5179 5187 5293 4808 5216 5004 5183 4818 5059 5132 5085 4780 5065 5485 5024 4854 5098 5148 5127 5183 5093 4866 5231 4757 5507 4895 5404 5338 5185 4989 5169 5637 5200 4776 5012 5228 5004 4879 5588 5113 5252 5354 5269 5056 4489 5255 4930 5234 5322 5108 4977 5227 5678 5358 5038 5036 5255 4979 5063 5530 5539 5305 5082 5609 4429 5278 5076 5348 4986 5219 5472 5411 5087 4758 5293 5179 5130 5070 5458 5085 4895 5016 4736 5440 5450 4696 5318 5187 5035 5340 5313 5289 5272 4963 5553 4883 5136 5440 4650 4824 5029 4736 5053 5427 5092 5338 4726 5127 4452 5245 5271 4637 5166 5255 5364 5086 5016 4707 5163 4937 4739 5211 5046 5217 5347 4568 4906 5465 5064 5224 5228 4860 4861 4601 4865 4843 4586 4806 4798 5176 4772 5210 5221 5101 4990 4851 5179 4874 4881 5233 5068 4947 5038 5089 4988 4850 4997 4980 5077 4994 5018 4980 5305 5141 4951 5457 4790
4557 4823 4577 4813 4957 4671 4554 4571 4722 4629 4700 4902 4487 5070 4618 4759 4756 4875 4867 4643 4637 4836 4908 4722 4941 4865 4559 5002 4742 4653 5128 4851 4473 4727 4918 4667 4778 5296 4333 4859 4908 4790 4552 4293 4774 4291 4751 4861 4576 5003 4961 5053 4849 4535 5045 4362 5028 4493 5063 4984 4931 5158 4517 4513 5058 4173 4662 4865 4813 4779 4874 4046 4966 4814 5041 5032 4617 4379 4642 5037 4703 4697 4869 4589 4334 4890 4583 4758 4445 4547 4701 5256 4370 4872 4383 4761 4534 4581 4458 4710 4649 4661 4853 4571 4466 4739 4621 4750 4714 4805 4314 4859 4681 5029 4880 4866 4615 4703 4586 4757 5230 4678 4515 4648 4390 4669 4749 4956 4395 4651 4825 4756 4917 4375 4820 4513 4975 4989 4451 4717 4825 5242 4774 4800 4795 4864 4588 4536 4964 4907 4992 4799 5066 4428 4831 4867 5233 4494 4746 4920 5115 4618 4566 4738 4923 4941 4777 5221 4714 4696 4533 4449 4650 4908 4477 4560 4551 5091 5071 4926 4847 5021 4750 5129 4628 4415 4945 4410 4493 4713 4182 4763 5192 4571 4863 4727 4789 4187 4503 4769 4219 4847 4973 4963 4735 4476 4153 4851 4406 4533 4700 4347 4851 4637 4654 4487 4981 4894 4947 4614 4691 4526 4281 4528 4907 4232 4412 4568 4674 4234 4796 5045 4854 4468 4959 4706 4626 4683 4826 4913 4708 4830 5051 4474 4404 4760 4590 4715 4672 4495 4812 4848 4632 4554 5043 4306
4402 4510 4597 4626 4831 4454 4811 4927 4358 4407 4620 4839 4799 5154 4258 4591 4789 5084 4845 4606 4633 4782 4593 4541 4645 4951 4643 4784 4437 4545 5207 4928 4511 4734 4691 4603 4612 4796 4646 4690 5018 4570 4331 4519 4444 4435 4600 4869 4582 4613 4840 4725 4818 4540 4612 4476 5285 4536 4740 4826 4682 4842 4134 4179 4904 4386 4446 4893 4423 4810 4537 4034 4730 4693 4854 5077 4405 4270 4528 4902 4638 4421 4800 4595 4436 4520 4583 5200 4757 4809 4702 4939 4056 4896 4340 4665 4445 4645 4342 4693 4499 4716 4749 4864 4750 4353 4818 4479 4877 4695 4467 4808 4240 4849 4950 4996 4417 4676 4553 4718 4800 4592 4351 4743 4662 4697 4410 5005 4601 4602 4717 4610 4765 4196 4716 4574 4866 4914 4328 4637 4686 4951 4834 4698 4595 5095 4555 4652 4739 4739 5088 4541 5098 4079 4417 4630 5038 4323 4635 5144 5046 4653 4490 4581 4734 4791 4501 5143 4496 4390 4854 4550 4696 4948 4428 4288 4743 4775 4997 4553 4805 4986 4633 4731 4540 4505 4867 4220 4302 4581 4192 4906 4905 4550 4796 4412 4810 4486 4529 4571 4258 4832 5038 5006 4524 4531 4355 4871 4356 4186 4575 4456 4888 4873 4410 4873 5078 4581 4874 4745 4662 4269 4105 4540 4616 4348 4405 4644 4597 4208 4614 4963 4813 4404 4667 4431 4541 4465 4881 4569 4502 4868 4989 4375 4351 4688 4395 4489 4784 4810 4503 5140 4662 4751 4766 4001
5154 5304 5443 5644 5616 5302 5301 5414 5033 5251 5504 5696 5412 5878 5296 5424 5721 5682 5336 5380 5493 5603 5653 5450 5405 5661 5430 5575 5265 5692 6149 5858 5092 5689 5525 5247 5781 5592 5370 5650 5655 5165 5210 5283 5085 5281 5371 5732 5489 5552 5511 5562 5565 5292 5495 5215 6120 5184 5736 5803 5519 6007 4983 5150 5574 4972 5288 5488 5292 5327 5570 4655 5579 5379 5706 5975 4962 5238 5382 5815 5265 5481 5400 5447 5135 5422 5423 5815 5451 5309 5696 5650 5045 5893 5153 5252 5431 5517 5143 5551 5339 5496 5619 5490 5660 5487 5468 5447 5470 5310 5162 5415 5120 5931 5597 5932 5577 5442 5292 5469 5736 5436 5109 5434 5453 5160 5231 5638 5504 5572 5621 5552 5639 5054 5560 5301 5841 5621 4994 5586 5433 5836 5671 5233 5528 5787 5086 5412 5685 5488 5936 5142 6075 5155 5475 5528 5721 5619 5589 5879 5947 5208 4950 5503 5350 5715 5683 6056 5490 5164 5430 5119 5603 6045 5101 5523 5364 5374 5415 5378 5548 5814 5243 5463 4974 5497 5762 4941 5100 5524 4729 5587 5751 5582 5204 5522 5625 5027 5398 5525 5084 5219 5613 5670 5402 5426 4868 5892 5273 5001 5401 5303 5700 5635 4971 5431 5713 5477 5796 5335 5360 5347 4702 5278 5276 5238 5172 5543 5429 5059 5684 5816 5670 5014 5616 5379 5294 5444 5638 5558 5404 5442 5622 5283 5170 5472 5484 5294 5164 5207 5547 5803 5550 5339 5621 4947
5058 5551 5476 5458 5378 5228 5323 5268 5075 4993 5362 5582 5039 5393 5341 5306 5547 5810 5403 5164 5225 5663 5416 5277 5205 5275 5283 5345 5262 5193 6169 5524 5280 5467 5520 5505 5732 5614 5047 5206 5723 5344 5105 5106 5542 5000 5439 5714 5302 5296 5675 5266 5131 5187 5082 5351 5869 5178 5358 5455 5484 5711 5080 4974 5448 4813 5409 5457 5404 5272 5188 4692 5424 5404 5362 5706 4930 5083 5659 5351 5419 5302 5499 5315 5300 5014 5270 5654 5346 5457 5670 5617 4808 5365 5117 5332 5270 5223 5192 5553 5186 5508 5532 5540 5415 5316 5488 5326 5426 5497 4938 5558 5155 5711 5359 5604 5400 5306 5301 5520 5668 5243 5123 5392 5121 5277 5324 5390 5248 5352 5466 5355 5286 4884 5343 5153 5605 5644 5389 5391 5306 5782 5524 5412 5404 5912 5319 5404 5637 5441 5722 5233 5717 4743 5485 5489 5637 5004 5359 5562 5436 5167 4973 5440 5393 5398 5361 5767 5287 5153 5505 5453 5516 5644 5062 5486 5411 5907 5491 5021 5645 5795 4989 5585 5084 5428 5639 4603 5001 5214 4815 5510 5586 5368 5291 5092 5314 4729 5685 5555 4962 5281 5564 5794 5253 5102 4886 5578 4993 5289 5221 5117 5466 5261 5102 5495 5885 5622 5645 5455 5397 5335 4911 5438 5470 5094 4771 5417 5146 5024 5576 5821 5414 5005 5420 5353 5273 4833 5571 5396 5330 5265 5332 5380 5128 5351 5016 5385 5235 5458 5373 5835 5301 5460 5672 4925
4940 5042 5290 5404 5200 5087 5031 5317 4916 5102 5385 5255 5198 5463 4926 5236 5417 5546 5256 5291 4968 5529 5392 5085 4992 5270 4924 5573 4885 5352 5411 5273 5026 5268 5152 5231 5582 5286 5029 5424 5590 5262 5160 5084 5408 5078 5008 5258 5131 5478 5347 5132 4965 5270 5083 4911 5716 4982 5413 5494 5287 5478 5040 5120 5307 4853 4808 5331 5308 5114 4953 4641 5254 5217 5367 5567 4900 5129 5500 5404 5057 5315 5348 5052 4971 5084 5088 5613 5118 4826 5426 5681 4795 5305 4845 5424 5280 5323 4772 5335 5227 5101 5581 5058 5158 5251 5261 5414 5195 5199 4577 5434 5144 5716 5235 5456 5137 5225 5155 5133 5731 5246 4911 5244 5040 4993 5099 5695 5120 5248 5326 5378 5333 4744 5250 5034 5340 5352 4789 5226 5442 5329 5414 5245 5140 5576 5005 5258 5408 5074 5431 5191 5315 4840 5341 5287 5544 4952 5268 5681 5479 5170 4933 5183 5396 5256 5024 5678 5314 5048 5010 4828 5225 5436 5022 5096 5380 5263 5504 5192 5158 5504 5097 5530 5093 5097 5362 4583 4565 5186 4722 5562 5417 5145 5413 4939 5497 4704 5132 5204 4758 5052 5396 5665 5051 4847 4636 5438 4845 4706 5461 4891 5130 5172 5071 5157 5793 5019 5259 5309 5228 5168 4997 5153 5198 4620 4929 5086 5234 4791 5286 5477 5323 5045 5214 5179 5195 4858 5495 5372 5099 5253 5299 5046 4780 5069 5017 5126 5109 5117 5029 5640 5348 5238 5501 4754
4981 5095 4926 5114 5237 4988 5024 5110 4992 4705 5121 5340 4875 5543 4681 5281 4951 5457 5069 5038 5212 5260 5325 4854 5127 5416 4615 5130 4960 5331 5648 5495 4957 5313 5123 5340 5309 5252 4895 5126 5295 5055 4932 4789 5035 4776 4819 5427 5075 5302 4954 5045 4971 5075 4907 4797 5480 4828 5363 5456 5284 5665 4850 4770 5147 4739 5233 5292 4790 5216 4999 4402 4993 5008 5345 5287 4694 4996 5293 5413 5112 5111 5258 4865 5011 5095 4962 5249 5125 5196 5174 5272 4682 5285 4846 5156 4898 4797 4961 4955 4665 5048 5444 4971 5125 5231 5242 5286 5170 4940 4774 5272 4822 5410 5164 5483 5109 5394 5092 5203 5453 4721 4762 4742 4736 4978 5027 5397 5169 5121 5169 5244 5270 4779 5247 5111 5339 5492 4841 5054 5111 5391 5293 5062 5188 5414 5014 4933 5581 5309 5232 5191 5409 4426 5023 5075 5275 4929 5142 5383 5347 4980 4830 5362 5042 5261 4989 5862 5252 4608 4951 4856 5278 5283 4916 5087 5124 5182 5270 5048 5123 5521 5122 5326 4969 5006 5492 4576 4760 4830 4524 5482 5479 5092 5419 4965 5170 4683 4842 5156 4849 5084 5205 5253 5001 4822 4818 5503 4831 4691 5077 4931 5128 4910 4703 4968 5033 5172 5063 5277 4987 5055 4666 5082 5022 4591 4877 5078 5178 4764 5261 5292 5247 4927 5204 5136 4951 4850 5338 5136 4971 5133 5327 4765 4792 4804 5085 4903 5041 4823 5390 5277 5001 4975 5405 4724
4975 5234 5151 5240 5363 5228 5306 5401 5248 5055 5396 5476 5066 5721 4991 5345 5240 5702 5123 5316 5430 5508 5345 5302 5250 5434 5210 5581 5095 5294 5870 5481 4839 5276 5537 5092 5417 5148 5316 5223 5697 5406 5137 4924 5196 4990 5373 5453 5272 5557 5321 5479 5292 5063 5347 5427 5698 5142 5636 5667 5209 5620 4859 5217 5515 4939 5231 5465 5210 5203 5032 4593 5388 5478 5394 5768 4893 5050 5225 5601 5138 5397 5399 5177 5073 5435 5215 5723 5426 5175 5590 5575 4871 5175 4992 5360 5272 5179 5091 5301 5194 4760 5649 5410 5349 5176 5346 5384 4931 5409 4740 5104 4892 5635 5321 5402 5398 5477 5241 5291 5802 5253 4965 5249 5073 4878 5057 5640 5426 5344 5431 5396 5427 4954 5444 5128 5688 5583 4816 5499 5242 5519 5858 5447 5166 5445 5243 5278 5397 5116 5636 5121 5665 4724 5270 5452 5378 5359 5275 5780 5402 5457 4970 5652 4973 5530 5349 5906 5143 4811 5108 4946 5444 5696 5072 5255 5386 5270 5424 5366 5304 5635 5315 5701 5005 5102 5353 4525 4971 5259 5154 5338 5448 5389 4854 5011 5489 4720 5238 5190 4995 5315 5655 5624 5194 5179 4576 5456 4885 4847 5177 5099 5423 5182 5041 5108 5818 5250 5141 5708 5101 5272 4748 5089 5260 4643 5298 5259 5090 5062 5735 5423 5279 5165 5289 5168 5229 5238 5243 5447 5141 5331 5829 5223 5009 5306 5471 5145 5331 5198 5392 5401 5321 5179 5645 4846
4699 5040 5028 5169 5342 4753 5105 4901 4846 4818 4877 5189 5047 5308 4865 4966 5035 5278 5133 5166 4948 4996 5045 4930 4804 5265 5046 5251 4812 5126 5598 5178 4867 4969 5072 5149 5149 5359 4855 4999 5113 4898 4879 4726 4781 4986 4863 5274 5136 4977 5150 5112 5262 4932 4705 4776 5582 4850 5291 4986 5225 5288 4563 4962 5107 4473 5000 5128 4962 5239 5076 4297 5099 5096 5262 5376 4587 4687 5091 5075 5007 4712 4818 4964 4832 5121 4862 5433 4747 4987 5157 5108 4780 5093 4566 5165 4898 4877 4934 4997 4969 5169 5391 4850 4903 5003 5072 5097 5065 5065 4681 4792 4907 5412 5216 5158 4863 4899 4650 5046 5145 4868 4716 4756 4870 4913 4989 5194 4819 5009 5159 5226 4901 4867 4809 4860 5063 5396 4969 4902 5364 5576 5428 4944 4857 5390 4965 5174 5456 5033 5470 5085 5516 4572 4858 4931 5353 5000 5203 5101 5662 5133 4594 5171 4952 5261 5120 5407 5215 5064 4952 4977 5088 5404 5011 5031 4886 5222 5203 5058 5347 5263 5078 5342 4718 4955 5184 4577 4703 4747 4471 5220 5264 4796 5240 4812 5070 4217 5005 5107 4689 5126 5293 5233 4927 5086 4550 5440 4993 4541 4868 4961 5077 4781 4620 4791 5379 4995 5309 4994 4859 4668 4550 4900 5172 4396 4764 4947 5012 4332 5303 5335 5151 4872 5159 5154 4915 4981 5144 5091 4977 5163 5387 5026 4846 5130 4691 4996 4883 4990 5177 5211 5066 5020 5293 4656
5103 5505 5343 5451 5488 5351 5214 5559 5187 5136 5181 5701 5226 5610 5379 5158 5378 5553 5424 5544 5122 5545 5525 5297 5176 5402 5213 5717 5372 5043 5794 5482 5124 5653 5580 5465 5537 5773 5271 5471 5599 5139 5019 5286 5395 5231 5083 5485 5362 5530 5437 5607 5444 5176 5409 5151 5686 5007 5546 5589 5587 5881 5110 5013 5293 4875 5199 5374 4806 5373 5102 4684 5484 5176 5315 5510 5141 5160 5251 5963 5091 5175 5457 5189 5134 5365 5127 5815 5059 5232 5470 5639 4880 5647 5062 5490 5121 5205 5125 5501 5191 5168 5414 5205 5334 5305 5385 5369 5476 5334 4965 5577 5297 5572 5307 5758 5116 5335 5141 5177 5605 5366 4801 5348 5137 5107 5113 5686 5422 5481 5372 5642 5647 4909 5371 4972 5701 5663 5348 5277 5712 5876 5702 5445 5645 5843 5098 5276 5515 5597 5741 5266 5852 4857 5367 5314 5792 5452 5568 5661 5642 5062 4998 5352 5533 5635 5506 5685 5248 5229 5294 5244 5405 5712 5270 5338 5392 5797 5464 5442 5406 5377 5102 5629 5258 5159 5676 4937 5074 5330 4926 5435 5701 4998 5325 5199 5412 4935 5316 5344 4906 5455 5512 5649 5148 5038 4753 5625 5145 5055 5411 5306 5650 5062 5142 5347 5753 5758 5503 5386 5389 5323 4920 5154 5510 4814 4947 5398 5278 4928 5482 5671 5533 5165 5302 5403 5189 4990 5632 5141 5194 5383 5596 5036 4984 5349 5150 4997 5318 5311 5183 5539 5131 5155 5689 5092
4871 4899 4799 5210 5217 5046 5067 4937 5050 4601 5116 5309 5122 5421 4837 5101 4938 5272 5069 5061 4724 5464 5176 4895 4724 5314 4895 5389 5110 5357 5595 5251 4946 5089 5019 5195 5216 5283 4715 5143 5372 4951 5142 4957 5025 4869 4871 5212 4820 5126 5359 5088 5166 4832 4983 5094 5553 5166 5383 5607 5188 5415 4664 4876 5126 4634 4745 5007 4812 5058 5051 4437 5078 4939 5322 5453 4966 5114 5103 5251 4881 5163 5200 4817 5003 5123 5188 5385 5010 4828 5287 5422 4665 5038 4635 4994 4820 5156 4865 5180 4997 4669 5301 4946 5051 4906 5074 4984 4924 4987 4551 5169 5115 5275 5370 5247 4833 4849 4854 5066 5087 4959 4666 4755 4904 4867 4827 5407 5191 5011 5101 5230 5158 4539 4800 4690 5505 5119 4522 5048 5036 5463 5414 5139 4880 5465 4480 5021 5384 5013 5472 4992 5667 4700 4999 4958 5279 4879 5376 5102 5230 5097 4901 5082 4785 5157 5071 5622 5075 5031 4969 4729 4995 5306 4756 5060 4848 5341 5378 4969 4939 5298 4904 5445 4910 4836 5060 4441 4710 5133 4648 5138 5394 5012 5051 4567 5046 4389 4807 4945 4502 5057 5335 5220 4840 4890 4457 5320 4842 4670 5182 4976 5099 4736 4606 5040 5581 5104 5198 5168 5150 4693 4670 4969 5114 4315 4876 4995 5051 4421 5297 5417 5310 4788 5126 5104 5150 4815 5061 4854 4893 4930 5530 4803 4954 5159 4933 4999 4858 5179 5127 5361 4915 5136 5605 4618
5240 5226 5283 5191 5291 5007 5189 5261 4877 4990 5267 5000 4915 5458 4887 5230 5050 5583 5006 5265 5318 5473 5220 5157 5045 5190 5101 5113 5225 4741 5430 5214 4831 5168 5535 4944 5148 5205 5031 4957 5663 5109 5119 4757 4985 4810 5119 5298 5336 5152 5320 5318 5029 4838 5315 5131 5331 5137 5353 5144 4967 5658 4965 5250 5246 4660 5024 5002 5150 5094 5116 4496 5119 4779 5177 5393 4868 4820 5112 5396 4909 4745 5175 5020 4912 5132 4933 5444 5194 4918 5294 5241 4601 5227 4525 5480 5052 5283 5010 5305 4810 5262 5231 5312 5028 5036 5363 5147 5413 5360 4898 5464 4870 5502 5133 5419 5087 5250 4967 5069 5563 5118 4949 5274 5084 4948 5057 5305 5166 5246 5403 5366 5365 4547 5105 5068 5578 5335 4851 5373 5519 5423 5598 5252 5153 5335 5063 5050 5398 5329 5524 5017 5710 4494 5203 5122 5550 5080 5198 5323 5496 4999 4663 5190 5064 5280 5379 5490 5049 4969 5301 4795 5013 5624 4954 4957 5152 5230 5247 5307 5116 5403 5115 5464 4909 5336 5200 4521 4808 5222 4790 5182 5336 4997 4971 4908 5110 4788 5255 5018 4675 5419 5463 5303 5228 4871 4587 5014 4985 4807 5107 5153 5286 5122 4861 5153 5495 5271 5267 4954 4978 5077 4974 4842 5070 4707 4668 5122 4810 4941 5285 5654 5342 4853 5188 4983 5013 4831 5100 5286 5167 5150 5044 5040 4795 5186 4964 4962 4842 5080 5055 5417 5077 5188 5467 4752
5048 5714 5103 5457 5516 5442 5431 5424 5115 5233 5309 5397 5223 5786 5171 5469 5522 5623 5341 5456 5000 5410 5701 5081 5066 5607 5282 5766 4980 5396 5818 5680 5233 5483 5412 5281 5538 5520 5125 5423 5617 5175 5268 5159 5476 5303 5353 5448 5510 5176 5600 5432 5269 5154 5361 5342 5783 5354 5708 5827 5547 5789 5092 5211 5251 5000 5158 5423 5300 5533 5384 4682 5540 5443 5561 5793 4918 5149 5727 5412 5284 5366 5438 5124 5170 5401 5193 5773 5401 5547 5500 5700 5008 5596 5104 5420 5078 5376 5012 5379 5378 5388 5704 5402 5467 5565 5336 5353 5286 5379 5303 5234 4888 5787 5417 5460 5519 5561 5237 5569 5479 5183 4994 5487 5170 5113 5298 5640 5320 5119 5451 5287 5763 4917 5615 5347 5741 5712 5057 5425 5507 5644 5687 5333 5366 5674 5088 5118 5562 5404 6250 5350 6020 5145 5501 5405 5889 5336 5297 5595 5494 5406 5164 5215 5308 5564 5514 6028 5281 5236 5495 5283 5394 5661 5123 5355 5510 5504 5533 5586 5406 5637 5241 5586 5118 5180 5561 4714 5043 5308 4998 5559 5646 5519 5495 5195 5770 4757 5482 5451 4881 5673 5770 5598 5335 5195 4761 5685 5254 4812 5257 5435 5435 5410 5299 5565 5855 5475 5527 5546 5565 4928 5014 5280 5130 5084 5097 5351 5275 5120 5985 5804 5828 4979 5730 5553 5295 5188 5556 5336 5436 5397 5464 5219 4971 5439 5174 4967 5414 5531 5353 5675 5378 5228 5892 4977
4871 5425 5278 5416 5354 4946 5218 5337 5005 4933 5379 5556 5171 5661 5281 5064 5599 5389 5394 5304 5137 5200 5366 5081 5083 5242 5155 5408 5204 5118 5726 5458 4753 5530 5215 5290 5165 5255 5103 5162 5470 5214 5124 4972 5109 5130 5237 5609 5197 5099 5279 5255 5234 5034 5236 5092 5719 5011 5439 5467 5139 5623 4894 5183 5030 4601 5046 4994 5435 4986 5237 4500 5570 5321 5403 5425 4734 4860 5333 5842 5251 5188 5284 4982 5118 5285 5123 5577 5019 5141 5257 5616 4780 5463 4753 5345 5013 5191 4965 5073 5285 5344 5459 5361 5177 5091 5360 5153 5283 4969 4817 5452 5032 5498 5447 5555 5373 5314 5097 5223 5449 5244 4950 5295 5251 4909 4975 5684 5182 5303 5339 5294 5433 4820 5389 5150 5491 5311 5076 5286 5503 5767 5633 5638 5259 5711 5038 5213 5409 5467 5556 5232 5750 4798 5207 5332 5342 5110 5079 5720 5807 4938 4650 5037 5032 5423 5318 5629 5281 5171 5229 5029 5274 5542 4755 5290 5143 5394 5171 5430 5014 5608 4962 5184 5065 5238 5322 4804 4843 5407 4625 5480 5523 5165 5349 5059 5633 4606 5228 5161 4881 5270 5539 5486 4889 5071 4900 5494 5039 4913 5097 5075 5467 5209 4904 5168 5774 5401 5633 5389 5116 5454 4818 4992 5167 4829 4908 5387 5258 4722 5194 5558 5604 5008 5306 5143 5071 5053 5425 5295 4885 5411 5407 5007 5157 5581 4974 5005 5020 5153 5386 5564 5213 5166 5421 4825
4769 5160 5211 5118 5328 5290 5144 5171 5095 5033 5272 5314 5044 5514 5087 4901 5264 5947 5307 5289 5094 5263 5520 5135 5256 5477 5113 5601 5310 5215 5692 5257 4906 5466 5183 5254 5252 5780 5323 5342 5311 5165 4955 4939 5070 4838 5365 5452 5506 5376 5397 5173 5554 5191 4988 5236 5419 4776 5576 5056 5381 5563 4759 5004 5303 4750 4982 5273 4732 5240 5130 4475 5267 5264 5387 5587 4942 5060 5359 5676 4814 5233 5229 5228 4808 5202 5101 5486 5054 5074 5306 5634 4658 5378 5110 5146 5043 5271 5170 5381 4901 5198 5437 5492 5042 5145 5094 5443 5516 5325 4915 5349 4820 5451 5546 5517 5223 5284 4802 5220 5622 5229 4930 5104 5130 5202 5168 5322 4969 5221 5383 5307 5188 4894 5154 5148 5465 5449 4745 5306 5376 5525 5628 5186 5178 5578 5247 5206 5670 5461 5489 5083 5680 4702 5290 5441 5705 4977 5335 5706 5493 5279 4754 5465 5222 5116 5552 6047 5291 4872 5195 4994 5288 5366 4979 5150 5296 5401 5598 5254 5310 5510 4891 5671 5052 5303 5597 4640 4670 5367 4784 5530 5589 5306 5187 5094 5211 4651 5302 5260 4952 5381 5138 5413 5036 5071 4650 5324 5128 4835 5157 5066 5445 5071 4992 5093 5802 5452 5299 5216 5054 5229 4827 4954 5232 4697 4899 5113 5188 4707 5477 5742 5473 5044 5362 5184 5148 5130 5307 5473 4995 4822 5445 5084 4934 5502 4950 4821 5276 5071 5155 5427 5373 5227 5302 4770
5001 5319 4901 5529 5588 5274 5214 5075 5123 4906 5126 5511 5306 5733 5176 5020 5384 5412 5384 5119 4952 5548 5512 5164 5045 5419 5205 5530 5096 5135 5730 5646 5193 5085 5396 5308 5339 5527 5009 5311 5550 4988 5017 4853 5013 5208 5271 5415 5131 5047 5552 5281 5389 4973 5144 5247 5599 5098 5557 5206 5461 5891 4802 4868 5381 4911 4980 5338 5023 5297 5135 4462 5497 5379 5673 5700 4892 4886 5219 5428 5310 5181 5327 5166 5085 5354 5066 5445 5328 5037 5395 5405 4880 5367 4936 5498 5191 4974 4947 5167 4970 5160 5527 5250 5329 5496 5094 5300 5248 5289 4931 5374 4889 5726 5425 5560 5277 5390 5005 5316 5459 5285 4719 4912 5119 4960 5198 5484 4886 5257 5301 5476 5344 4848 4972 5042 5402 5481 5236 5261 5542 5791 5813 5255 5173 5723 5138 5096 5873 5351 5561 5376 5811 4454 5327 5494 5695 4917 5252 5475 5448 5150 4929 5388 5174 5272 5225 5967 5128 5181 5412 4962 5532 5567 4778 5006 5137 5688 5387 5194 5496 5394 5119 5743 4979 4946 5819 4513 4878 5282 4799 5507 5728 5305 5382 4836 5551 4564 5185 5260 4852 5212 5558 5634 4953 5055 4798 5451 5059 4791 5018 5363 5515 5159 4855 5147 5717 5327 5423 5289 5098 5011 4780 5012 4966 4382 4876 5079 5312 4914 5527 5706 5208 4962 5443 5376 5371 5105 5519 5069 5264 5415 5402 4921 5076 5323 5193 5186 5294 5136 5362 5606 5287 5032 5530 4772
4770 4987 5326 5246 5108 5242 4981 5233 4775 4783 5063 5084 4886 5643 4798 4969 5303 5598 5474 5213 4903 5363 5304 5189 4869 5019 5017 4999 5071 4945 5505 5520 4829 5258 5141 5071 5243 5258 4929 5182 5283 4906 5109 4925 5127 4667 5081 5079 5261 5127 5258 5439 5114 4820 4969 5127 5255 4510 5626 5131 5176 5509 4776 4946 5091 4855 4894 5258 5006 4875 5050 4321 5088 4930 5466 5475 4573 4610 4982 5331 4814 5009 5078 5149 5080 4912 4734 5432 5096 5194 5352 5277 4464 5149 4831 5106 5070 5053 4900 5309 4972 5024 5257 5173 5186 5137 5108 5197 5160 5106 4713 5247 4984 5243 5314 5547 5127 5192 4690 5206 5418 4923 4839 4956 4904 4873 5151 5432 5194 5087 5145 5114 5204 4518 5175 4791 5208 5126 4912 5302 5153 5293 5523 4860 5074 5410 5043 5212 5303 5063 5430 5196 5313 4430 5144 5143 5145 5102 4926 5365 5451 4734 4634 5107 5219 5161 5307 5246 5162 4741 4975 4809 5086 5464 4888 4887 4973 5079 5207 5074 4997 5306 4819 5376 4963 5082 5270 4440 5022 4999 4733 5191 5346 4928 4998 4983 5184 4547 5165 5127 4684 5046 5494 5446 5054 4546 4752 5351 4773 4797 4870 5424 5174 5138 4734 4995 5247 5422 5329 5183 5107 4798 4722 4934 5027 4533 4655 5084 4978 4699 5465 5474 5140 4842 5104 5079 4945 4933 5431 4921 4878 4996 5193 4950 4874 4948 4844 4842 4732 5056 5024 5503 4821 5064 5381 4646
5029 5533 5304 5568 5566 5293 5433 5519 4912 5305 5305 5446 5073 5832 5285 5616 5492 5703 5507 5389 5100 5609 5655 5610 5168 5578 5099 5583 5478 5399 5735 5779 5001 5529 5483 5460 5589 5699 4933 5295 5504 5322 5485 5257 5173 5178 5477 5377 5360 5471 5308 5300 5297 5231 5241 5300 5763 5177 5706 5613 5487 5646 5218 5237 5515 4947 4884 5230 5356 5391 5116 4392 5732 5390 5308 6011 4942 5268 5237 5456 5334 5516 5520 5473 5113 5405 5211 5724 4980 5432 5610 5683 4943 5289 4855 5392 5351 5266 5274 5179 5401 5164 5591 5308 5455 5285 5341 5503 5439 5551 5114 5504 5267 5879 5373 5636 5357 5128 5220 5672 5831 5526 5031 5302 5475 4926 5225 5892 5145 5630 5580 5483 5649 5077 5629 5398 5665 5742 4937 5460 5584 5711 5731 5412 4946 5839 5320 5533 5546 5338 5589 5321 5669 4784 5163 5396 5695 5447 5423 5584 5882 5308 5092 5420 5541 5574 5371 5958 5540 5210 5267 5083 5524 5847 4926 5454 5395 5555 5513 5477 5332 5684 5243 5617 5134 5215 5806 5110 4925 5517 4892 5356 5785 5221 5394 5132 5506 4556 5174 5335 4984 5542 5695 5582 5133 5030 4629 5726 5348 4785 5275 5353 5690 5316 5157 5265 5848 5601 5516 5671 5384 5233 4897 5110 5322 5092 5286 5256 5262 4915 5600 5816 5945 5117 5503 5555 5413 5285 5296 5585 5288 5241 5485 5086 5044 5647 5039 5379 5418 5419 5397 5686 5313 5214 5903 4907
4929 5400 5260 5748 5331 5343 5416 5174 4977 5192 5551 5515 5091 5617 5254 5518 5455 5779 5269 5596 5287 5735 5658 5434 5175 5492 5372 5539 5282 5359 5858 5634 5296 5488 5373 5192 5104 5720 5275 5430 5611 5189 5248 5386 5360 5043 5358 5379 5683 5481 5387 5286 5597 5271 5221 5271 5795 4994 5488 5439 5531 5588 5205 5262 5356 4782 5467 5472 5297 5236 5478 4666 5570 5325 5537 5668 4887 5275 5448 5785 5191 5181 5177 5344 4847 5409 5248 5701 5067 5375 5782 5896 5072 5531 5190 5316 5337 5246 5321 5286 5414 5304 5761 5306 5359 5411 5104 5503 5486 5243 5279 5494 4910 5663 5553 5431 5247 5193 5047 5358 5643 5202 5039 5358 5238 5241 5234 5726 5220 5301 5717 5572 5627 4831 5319 5353 5697 5856 4970 5370 5536 5902 5656 5504 5342 5973 5138 5405 5825 5348 5636 5335 5861 4831 5540 5603 5776 5177 5420 5712 5653 5482 5077 5333 5599 5931 5616 5985 5474 4920 5273 5323 5211 5646 5131 5594 5339 5477 5652 5486 5588 5622 5356 5544 5137 5384 5797 4864 4770 5049 4899 5483 5717 5471 5333 5348 5535 4817 5365 5371 5018 5346 5460 5590 5246 5099 4682 5619 4992 5058 5491 5297 5570 5306 5031 5316 5774 5607 5802 5504 5357 5273 4972 5168 5354 4757 4911 5503 5230 5042 5617 5841 5629 5357 5476 5215 5571 5158 5568 5487 5100 5399 5606 5497 5022 5590 4977 5198 5265 5454 5134 5474 5318 5274 5810 4951
4883 5342 5286 5505 5476 5233 5489 5512 4779 5020 5217 5282 5265 5869 5168 5127 5431 5698 5546 5173 5291 5452 5522 5074 5089 5562 5111 5169 5275 5123 5644 5809 5257 5139 5155 5344 5242 5337 5227 5312 5428 5232 5182 5151 5147 5035 5125 5522 5266 5100 5482 5538 5404 4852 5260 4911 5607 4870 5535 5267 5424 5669 4948 5079 5330 4962 4754 5527 4950 5292 5311 4448 5175 5309 5515 5673 5012 4927 5155 5405 4920 5272 5365 5068 4944 5306 5210 5532 5085 5318 5344 5587 4917 5462 4845 5334 5017 5030 5072 5224 5218 5525 5616 5205 5122 5019 5465 4992 5291 5299 4894 5479 4989 5519 5547 5663 5361 5143 4708 5403 5588 5215 4808 5276 5402 5089 5067 5794 5152 5518 5549 5460 5261 4916 5439 5228 5703 5462 5009 5133 5315 5669 5510 5126 5240 5648 5147 5345 5723 5546 5556 5176 5632 4553 5392 5466 5418 5170 5266 5429 5688 5024 5080 5430 5201 5353 5277 5685 5277 5067 5401 5274 5461 5763 5047 5065 5197 5462 5463 5322 5158 5612 5116 5546 4984 5103 5642 4797 5118 5234 4539 5640 5663 5269 5068 4873 5527 4581 5324 5114 4909 5382 5488 5421 4907 4870 4932 5481 5225 4729 5294 5089 5429 5375 4868 5191 5744 5365 5428 5402 5205 5246 4835 4999 4938 4865 4927 5287 5260 4889 5291 5688 5411 5084 5473 5196 4869 5082 5371 5270 5099 5345 5362 5143 5019 5284 4841 4909 5239 5112 5348 5483 5124 5193 5445 4902
4783 5065 5024 5180 5405 5008 5172 4981 5115 4846 5178 5454 5021 5437 4832 5170 5096 5605 5146 5170 5140 5221 5369 5017 4720 5105 4937 5083 5042 5160 5590 5246 4816 5059 5366 5181 5059 5321 4934 5234 5429 5119 4910 5027 4863 4849 4993 5360 5233 5079 5005 5264 5248 5158 5027 4972 5733 4914 5242 5346 5443 5447 4681 4928 5455 4726 4763 5072 4910 5057 5017 4384 5292 5137 5318 5506 4750 4782 4787 5423 4862 5087 5143 5175 5018 5109 5070 5538 4886 5291 5166 5485 4705 5150 4729 5101 4653 4960 5038 5126 5204 4860 5496 4909 4867 4973 5037 5262 5017 5246 4789 5053 4880 5263 5314 5342 5065 5090 4979 5159 5470 5140 4903 4847 5164 5198 4769 5504 5220 5228 5454 5216 5047 5137 5185 4986 5396 5353 4782 4890 5215 5503 5385 5159 4907 5521 5027 5196 5113 5214 5500 4859 5832 4581 5007 5172 5447 4908 4965 5369 5229 5020 4789 5123 5089 5212 5309 5414 5165 4923 5093 4967 5059 5374 4909 5284 5213 5188 5154 5324 5173 5438 4884 5440 4939 4853 5017 4590 4754 5092 4551 5235 5357 5083 5024 4785 5143 4481 5109 5021 4505 5434 5276 5230 4780 4672 4330 5209 4971 4693 5212 5011 5126 5205 4457 4991 5410 5053 5159 5151 5042 4880 4487 4921 5160 4640 4920 5078 5041 4690 5089 5546 5319 4851 5159 5050 5042 4870 5234 5007 4960 5115 5439 5079 4921 5014 4941 5137 5169 4872 5147 5581 5023 4951 5403 4710
4621 5023 4713 4652 4929 4901 4804 4477 4737 4344 4846 5083 4620 4897 4609 4594 4875 5214 4701 4896 4796 5152 4813 4568 4542 4885 4624 4860 4819 4452 5279 4944 4408 4873 5003 4845 4539 4869 4446 4674 4969 4591 4757 4220 4823 4676 4942 5238 5077 4572 4768 4709 4834 4476 4388 4816 5154 4633 4755 4868 4588 5014 4569 4635 4781 4350 4554 4946 4696 4834 4546 4288 4830 4752 4946 4817 4345 4475 4706 5184 4688 4634 4594 4900 4641 4803 4691 4983 4690 4942 5069 4960 4336 4762 4519 5008 4798 4823 4744 4695 4609 4759 5084 4900 4695 4729 4810 4644 4766 4734 4683 4871 4453 4955 4985 5046 4924 4808 4431 5165 4896 4505 4342 4857 4477 4689 4550 5071 4699 4691 4880 5061 4846 4240 4745 4486 5077 5051 4686 4593 4956 5065 5128 4936 4771 5196 4798 4869 5058 4993 5024 4607 5500 4022 4812 4965 5082 4886 4684 5015 4953 5119 4445 4853 4677 5092 4909 5021 4959 4795 4931 4757 4573 5033 4537 4706 4607 4851 4915 4695 4764 5084 4526 5079 4757 5241 5005 4179 4293 4776 4302 4903 5320 4806 4984 4453 4919 4381 4862 4722 4296 4873 5089 4980 4335 4431 4356 4836 4433 4302 4845 5033 4849 4776 4345 4877 4981 4936 4977 4738 4677 4744 4258 4751 4532 4471 4370 4759 4737 4327 4842 5225 4972 4565 5084 5018 4777 4452 4833 4937 4582 4961 4840 4925 4529 4739 4458 4430 4652 4830 4654 5064 4682 4622 5148 4676
4684 5129 5290 5087 4886 4954 4963 5037 4853 4741 5185 5108 4892 5511 4810 4962 5219 5227 4935 4978 4919 5209 5015 4989 5038 4992 4991 5054 4893 4888 5224 5322 4698 5344 5183 5088 5120 4998 4775 4954 5333 4965 4832 4900 4927 4451 5049 5069 4975 5149 5205 5283 4958 4719 5236 4989 5368 4863 5124 5348 5034 5458 4701 4838 5250 4581 4769 5094 4855 5132 5208 4377 5181 4937 5202 5626 4741 4814 4826 5371 5296 5103 5013 5062 4709 5082 4720 5308 5073 4927 5163 5247 4769 5205 4662 5109 4818 4773 4785 5253 4869 4775 5144 5126 4912 5000 5014 4858 5279 5056 4543 5162 5046 5428 4905 5311 4891 4840 4748 5145 5250 4769 4762 5056 4795 4808 4706 5757 4889 4933 5138 4961 5140 4415 5072 4621 5280 5214 4697 5193 5167 5258 5485 5317 5020 5242 4729 4947 5225 4802 5156 4856 5351 4567 4973 4892 4910 4893 4860 5291 5465 4859 4585 5148 5099 5074 4898 5375 5141 5024 4808 4820 5182 5302 4583 5124 5128 5397 5270 4919 5142 5307 4913 5330 4661 4758 4996 4606 4715 5079 4628 5246 5450 4997 5093 4729 5034 4502 5103 4933 4635 4942 5384 5217 4737 4885 4618 5220 4755 4742 4949 4894 5086 4815 4408 4932 5237 5163 5279 5068 5073 5024 4566 5048 5065 4484 4952 5315 4975 4694 4997 5211 5041 4657 5120 4907 5030 4946 5147 5021 4941 5233 5252 4946 4938 5336 5023 5098 4894 5212 5175 5490 4848 4832 5134 4484
4702 4973 4843 4766 4876 4930 4949 4960 4687 4534 4890 4904 4941 5287 4612 4677 5070 5351 5022 4651 4850 5214 4974 4822 4762 4874 4745 5093 4918 4884 5303 4969 4894 4965 4927 4935 4885 5088 4534 4870 5180 4725 4666 4685 4807 4514 4744 5151 5053 4961 4911 4934 4836 4655 4778 4884 5239 4519 4962 4895 4983 5007 4609 4862 4856 4749 4750 5069 4903 5057 4746 4158 4978 4835 5327 5124 4380 4798 4928 4911 4828 4882 4892 4918 4574 4928 4754 4875 4598 4902 5146 5300 4524 5022 4702 5001 4839 4545 4782 4787 4702 4679 4863 4886 4714 4999 4651 4716 5021 4693 4603 5066 4711 5022 5010 4940 4716 4691 4616 4906 5102 4584 4673 4656 4611 4650 4842 5139 4622 4774 5016 4892 4914 4269 4933 4579 5088 5100 4920 5112 5057 5042 5033 4904 4743 4940 4777 5040 5053 4918 5055 4982 5251 4356 5068 5120 4989 4877 4710 4948 4955 4638 4630 4909 5009 5163 4823 5324 4975 4713 4738 4596 4967 5093 4755 4852 4657 5138 5094 4864 4704 5144 4679 5055 4734 4661 4926 4516 4383 4909 4378 4932 5186 4812 4835 4491 5062 4250 4967 4946 4573 4664 5236 5064 4627 4774 4243 5125 4772 4478 4918 4786 5158 4822 4746 4817 5127 5045 5137 5006 4849 4558 4282 4880 4872 4312 4367 5135 4948 4145 5002 5131 4932 4705 4830 4735 4932 4754 5097 4760 4487 4826 4868 4574 4713 4947 4649 4582 4796 4984 4842 5171 4706 4946 5300 4402
5002 5081 5152 5360 5180 4849 5012 5328 4833 4888 5428 5338 4985 5587 4940 5156 5193 5556 5375 5009 4905 5392 5475 5162 5035 5192 5025 5107 5103 5112 5836 5502 5010 5368 5202 5369 5182 5399 5028 5227 5306 4986 4950 5005 5225 4853 5142 5412 5042 5040 5535 5000 5198 4879 4985 5046 5763 5236 5205 5323 5156 5595 4651 5020 5418 4667 4942 5074 5232 5233 5212 4432 5388 5127 5473 5588 4640 4947 5197 5425 5123 5154 5233 5201 5074 5047 4758 5700 4931 5148 5253 5473 4724 5367 4731 5023 5003 5095 5083 5175 5244 5280 5345 5277 5205 5041 4938 5077 5263 5187 4816 5524 4980 5564 5275 5435 5233 5106 5136 5159 5518 4857 4598 5056 5133 4821 4908 5581 5023 5142 5262 5513 5061 4699 5171 5016 5486 5466 4929 5341 5213 5548 5466 5137 5046 5678 4957 5109 5565 5021 5134 4988 5547 4660 5106 5157 5483 5027 5334 5525 5549 4977 4708 4897 5312 5318 5044 5559 5117 5067 5135 4948 5419 5576 5051 5218 5134 5391 5545 4958 5297 5733 4936 5677 5001 4988 5335 4637 4759 5159 4508 5157 5371 5079 5092 4829 5074 4503 4978 5094 4755 5053 5377 5413 5085 4857 4664 5327 4976 4831 5219 5223 5341 5188 4686 5105 5559 5112 5244 5259 5309 5257 4767 5085 5087 4759 4940 5058 5251 4868 5359 5327 5248 4889 5103 5143 5031 5071 5233 5192 4928 5280 5298 5047 4781 5126 5086 5155 4974 5197 5038 5522 5150 5047 5556 4565
4845 5206 5379 5041 5120 5064 4882 5135 4819 4688 5197 5342 5042 5549 5062 5151 5265 5399 5147 5174 5126 5257 5092 5144 4891 5172 5257 5190 4963 4980 5537 5412 4934 5092 5150 5229 5063 5156 5044 5054 5297 5159 4923 5047 4883 4905 5150 5236 5185 5368 5181 5060 5084 5176 4897 5380 5363 4803 5185 5266 5063 5273 4770 4972 5089 4599 4860 5070 5026 5126 4916 4459 5184 5126 5287 5347 4926 5022 4985 5429 5124 5067 5010 5203 4899 5196 4931 5677 4989 5157 5450 5278 4990 5418 4883 5326 4905 4999 4881 5204 5133 4926 5125 5127 5103 4993 5423 5015 5165 5115 4592 5240 5000 5437 5458 5490 4733 4891 4550 5130 5307 4969 4806 5067 5196 4768 4908 5488 4810 5171 5299 5140 5279 4368 4881 4926 5521 5343 4858 5244 5242 5541 5344 5275 5024 5474 4820 5423 5223 5120 5420 5245 5304 4506 5145 5034 5283 5074 5120 5357 5567 4875 4818 5312 5055 5336 5164 5667 5252 4907 4928 4815 5343 5356 4704 5227 5004 5315 5200 5147 5009 5253 5121 5321 4854 5039 5026 4454 4933 5226 4542 5324 5516 5012 4902 5100 5305 4794 4995 5272 4674 5192 5576 5363 4774 5098 4738 5309 4946 4800 4921 5266 5105 5154 4741 5051 5611 5213 5353 5231 4941 4996 4465 4987 5071 4438 4929 5236 5194 4515 5339 5361 5375 4771 4954 5044 4879 4870 5244 5156 4981 5154 5349 4667 4905 5296 4770 4734 5050 5197 5102 5345 4997 5184 5432 4884
4937 5640 5667 5435 5240 5377 5373 5319 5159 5314 5606 5417 4896 6005 5042 5301 5381 5657 5143 5385 5292 5459 5318 5358 5352 5643 5343 5201 5519 5339 5787 5584 5167 5729 5438 5461 5309 5317 5100 5344 5648 5252 5277 5251 5239 4924 5413 5393 5298 5296 5390 5377 5477 5189 5210 5237 5752 5251 5667 5475 5478 5649 5012 5454 5430 4998 5403 5450 5099 5310 5508 4723 5505 5229 5594 5650 4596 4956 5282 5688 5249 5309 5256 5169 5024 5456 5104 5755 5441 5490 5442 5910 4956 5646 5318 5434 5387 5319 5417 5398 5157 5224 5737 5377 5358 5225 5430 5346 5577 5359 4945 5596 5138 5808 5403 5670 5443 5243 4957 5414 5524 5148 4965 5366 5290 4893 5040 5963 5300 5169 5619 5260 5453 4705 5412 5288 5602 5409 4995 5349 5309 5592 5862 5389 5272 6091 5413 5314 5712 5430 5429 5183 5902 4925 5242 5212 5445 5196 5355 5525 5755 5314 4864 5446 5358 5745 5286 5956 5483 5343 5481 5339 5377 5636 5064 5342 5329 5672 5618 5648 5481 5716 5300 5499 5131 5645 5444 4839 4947 5472 4782 5644 5865 5441 5445 5005 5412 4795 5436 5294 5045 5382 5606 5684 5260 5117 4823 5593 5046 4885 5221 5269 5663 5397 4732 5200 5705 5536 5811 5404 5511 4954 5107 5509 5368 4696 5161 5814 5424 4850 5625 5821 5794 5055 5457 5479 5359 5189 5374 5291 5300 5465 5311 5396 5001 5262 5231 5136 5145 5528 5504 5628 5117 5286 5530 4873
4651 5181 4943 5054 5252 4893 4688 5067 5011 4690 5206 5394 4813 5518 4720 4872 5155 5296 4818 4953 5145 5326 5257 4670 4653 5140 4796 4922 4698 4641 5490 5092 4600 5076 5344 5273 4895 5116 5059 5030 5113 5288 5036 4859 4846 4835 5243 5229 4930 5229 5113 5144 5112 4978 5064 4773 5771 4762 4981 5191 5081 5509 4726 5071 5065 4509 5002 5281 5153 5068 4794 4310 5170 4764 5486 5261 4485 4842 5119 5028 4858 5082 4873 4758 4720 5012 4927 5142 4944 5115 5161 5345 4375 5113 4792 5123 4812 4867 5060 5142 4858 4667 5470 5026 5208 4977 5121 4915 5256 5033 4602 5263 4885 5513 5430 5282 5176 5110 4714 5061 5329 4886 4492 5278 4739 4604 4770 5401 4939 4887 4991 5228 5092 4642 5070 4899 5233 5018 4590 4999 5174 5335 5231 5177 5121 5554 4907 4820 5388 5072 5255 5154 5372 4453 5210 4954 5260 4783 5279 5489 5089 5048 4444 5083 4816 5287 5243 5715 5060 4822 5128 4822 4894 5377 4513 5149 5125 5057 5201 4995 5016 5477 4886 5384 4737 5331 5341 4445 4498 5187 4446 5310 5239 5123 5206 4753 5141 4481 5071 5102 4707 5151 5141 5247 4948 4646 4430 5128 4634 4513 5055 4688 4965 5070 4726 4988 5402 5002 5190 5045 4986 5102 4742 4976 4717 4682 4615 5057 4888 4517 5266 5392 4948 4752 5017 4968 4912 4771 5147 5058 4914 5206 5182 5179 4698 5345 4975 4838 4986 4757 5082 5310 4897 4913 5244 4535
5105 5307 5295 5563 5569 5306 5298 5291 5054 5012 5532 5444 5364 5728 5182 4922 5248 5493 5406 5215 5303 5689 5327 5191 5286 5448 5352 5623 5153 5209 5761 5464 4947 5455 5312 5553 5683 5307 5029 5397 5431 5377 4995 5047 5200 5110 5003 5350 5473 5349 5321 5294 5257 5131 5123 5014 5812 5050 5345 5449 5240 5713 4988 5098 5346 4806 5227 5295 4923 5363 5186 4610 5246 5226 5584 5538 4855 5161 5289 5441 5136 5296 5403 5136 4870 5179 5280 5441 5187 5199 5431 5653 4869 5384 4882 5077 5103 5282 5102 5319 5143 5253 5531 5271 5398 5483 5330 5457 5285 5349 4933 5575 4917 5292 5361 5321 5394 5270 5020 5512 5336 5331 4841 5343 5308 5144 5233 5616 5139 5410 5319 5265 5584 4758 5231 5194 5462 5584 5052 5215 5253 5643 5674 5177 5289 5548 5022 5073 5779 5286 5779 5534 5727 4767 5390 5258 5579 5205 5394 5662 5557 5103 5030 5180 5227 5660 5287 5798 5174 4963 5107 4920 5547 5514 5113 5280 5104 5458 5443 5351 5316 5725 5098 5435 4966 5238 5446 5007 5014 5205 4801 5468 5678 5329 5432 4829 5530 4904 5431 5067 4854 5388 5286 5592 5110 5007 4570 5288 5201 4939 5355 5202 5368 5150 5158 5091 5562 5391 5469 5238 5119 4939 4764 5192 5135 4831 5088 5415 5203 4644 5474 5650 5492 5095 5085 5435 5205 5249 5443 5504 5143 5284 5368 5213 5185 5437 5137 4961 5249 5486 5180 5516 5215 5423 5453 4829
4538 5241 5099 5236 4995 4847 4839 4906 4810 4886 5013 5039 4757 5374 4804 4911 5055 5474 5235 5020 5056 5102 5251 4918 5069 5269 4822 4969 5216 4954 5422 5467 4869 5092 5340 5548 5108 5118 4709 4949 5259 5083 5004 4911 5076 4996 4879 5479 4978 5228 4973 4989 5004 4901 5013 4835 5393 4821 5262 5241 5274 5221 4753 5004 4968 4806 5134 5246 4960 4641 5013 4258 5183 4815 5328 5352 4650 5017 4986 5080 5019 4973 5113 5081 4933 5294 5006 5642 4977 5065 4994 5398 4660 5251 4575 5264 4972 5194 5006 5271 4963 4902 5322 4999 5045 4985 5081 4886 5333 5101 4697 5243 4927 5432 5053 5284 5063 5123 4806 5224 5480 5137 4619 4919 4999 4860 4871 5456 4962 5153 5155 5005 5208 4623 5075 4831 5437 5247 4806 5060 5230 5519 5290 5117 5142 5511 5155 5047 5094 5300 5326 4985 5164 4373 4873 5060 5212 4847 4942 5241 5447 4828 4787 5132 5128 5527 5150 5514 5093 4847 5157 4882 5051 5473 4732 5104 4943 5403 5202 4934 5259 5572 4953 5187 4751 5035 5325 4766 4546 5022 4358 5325 5265 4843 5159 5026 5212 4524 5008 5245 4523 5153 5165 5329 5010 4814 4602 5238 4881 4832 5215 5077 5242 5134 4566 5178 5477 5343 5334 4971 5115 4974 4729 4986 5031 4546 4674 5243 4870 4759 5145 5633 5284 4980 5186 4898 4865 4938 5305 5115 5043 4862 5078 4912 4870 5053 4926 4795 5003 5087 5247 5388 5214 5100 5321 4823
5300 5469 5495 5595 5735 5635 5446 5543 5386 5292 5510 5646 5268 5796 5256 5221 5517 5839 5753 5550 5460 5795 5648 5491 5423 5523 5175 5682 5554 5641 5887 5641 5217 5535 5635 5407 5540 5651 5337 5765 5727 5345 5289 5252 5175 5055 5575 5625 5663 5494 5706 5350 5476 5303 5447 5409 5922 5159 5731 5690 5417 5929 5333 5206 5423 4976 5243 5443 5273 5407 5321 4837 5669 5397 5757 5901 5073 5300 5448 5638 5181 5430 5422 5505 5028 5647 5311 5588 5473 5513 5695 5811 5028 5584 4869 5573 5393 5499 5318 5419 5368 5321 5452 5452 5454 5472 5754 5426 5706 5459 5064 5628 5080 5690 5667 5828 5339 5430 5500 5579 5691 5104 5100 5411 5209 5169 5250 5951 5455 5514 5656 5494 5562 4949 5283 5400 5865 5885 5243 5507 5473 5988 6084 5444 5535 5778 5260 5242 5854 5569 5719 5325 5759 4860 5364 5619 5727 5596 5732 5649 5777 5522 5082 5409 5519 5779 5599 6237 5375 5180 5499 5399 5668 5691 5282 5572 5604 5554 5648 5398 5589 5797 5276 5736 5249 5269 5718 5028 5192 5318 5196 5672 5833 5535 5671 5287 5485 4607 5272 5542 4939 5559 6076 5637 5306 5220 5090 5803 5089 4932 5536 5702 5480 5299 4825 5094 6007 5463 5484 5545 5240 5370 4909 5337 5503 4855 5194 5541 5456 4970 5697 5791 5677 5281 5635 5535 5619 5254 5693 5432 4992 5464 5367 5368 5238 5676 5153 5160 5312 5359 5574 5769 5467 5355 5898 4774
4814 5084 5175 5032 5348 5212 4833 5165 5112 4721 5019 5247 4727 5330 4920 4665 5081 5514 5225 5259 4833 4935 5268 5063 5071 5360 5291 5371 5219 5237 5619 5178 4908 5262 5072 5157 5351 5434 4864 4933 5355 5071 4999 4868 5002 4952 5144 5256 5435 5125 5148 5024 5078 4899 5135 5127 5563 4934 5488 5310 5009 5356 4934 5060 5254 4595 4921 5388 4924 4926 5230 4431 5260 4813 5345 5672 4782 4720 5102 5542 5044 5253 5139 5032 4974 4895 4929 5606 5030 5016 5293 5382 4504 5161 4753 5360 4823 5176 5135 5198 4976 5256 5448 5221 4868 5182 5242 5089 5081 5096 4815 5299 4774 5079 5378 5523 5229 5057 4865 5198 5487 4845 4831 5062 4724 4961 5152 5444 5010 5214 5268 5234 5375 4661 5091 5027 5418 5185 4695 5074 5187 5397 5356 4991 5150 5581 4919 4922 5301 5126 5634 4930 5501 4678 4889 5081 5670 5008 5224 5334 5624 5137 4770 5085 4869 5156 5044 5328 5233 4859 5296 4955 5055 5468 5179 5052 5093 5301 5291 5217 5234 5409 4763 5544 5039 4912 5232 4499 4611 4669 4771 5460 5635 4991 5068 5029 5480 4313 5123 5338 4703 5384 5376 5638 5046 4818 4657 5431 4658 4635 4966 4959 5121 5159 4864 5083 5444 5209 5120 5364 5141 5069 4843 5075 5372 4685 4826 5040 4957 4664 5114 5643 5256 4922 5198 5111 4922 4712 5245 5126 4891 5143 5326 5038 4790 5152 5010 4993 5118 5033 4996 5367 4916 5129 5334 4620
4923 5003 5331 5330 5304 4998 5165 5163 4779 4927 5190 5409 5045 5444 4892 5343 5285 5512 5284 5350 4900 5387 5456 5026 4945 5162 4939 5231 5004 5152 5617 5320 4834 5355 5132 5466 5293 5693 5361 5316 5217 5013 5014 5148 4907 4815 5086 5305 5271 5209 5416 5184 5185 4942 5126 4952 5539 4875 5475 5005 5014 5655 4954 5184 5323 4747 4903 5423 5008 5243 5094 4466 5417 5181 5209 5430 4632 5065 5382 5544 5052 5120 5250 5279 4917 5465 4922 5810 5375 5181 5515 5485 4875 5188 4923 5405 5141 5023 5037 5207 5139 5288 5475 5184 5302 5131 5106 5313 5365 5140 5108 5381 5158 5700 5462 5557 4993 4958 5050 5194 5527 5189 4842 5000 5103 5063 5126 5351 5435 5127 5450 5669 5012 4786 5104 4937 5531 5352 4874 5207 5399 5552 5410 5209 5162 5586 5015 4982 5531 5256 5382 5027 5813 4924 5393 5416 5271 4980 5302 5478 5761 4937 4617 5148 5287 5352 5274 5590 5309 5175 4843 5017 5504 5596 5044 5196 5354 5074 5353 5192 5124 5591 5092 5703 5144 5201 5453 4620 4731 5397 4718 5200 5437 5355 5147 5024 5215 4566 5196 5321 4894 5370 5238 5358 4813 4770 4584 5262 4927 4854 5214 5366 5385 5083 4810 5117 5906 5358 5322 5208 5310 4968 4729 4877 4851 4598 4900 5320 4998 4665 5440 5366 5295 5011 5207 5222 5124 5079 5639 5101 4826 5305 5554 5169 4984 5596 4751 5172 5344 4970 5019 5596 5314 5215 5352 4759
4897 5241 5077 5400 5351 5312 5248 4950 4815 4845 5087 5051 4890 5461 5264 5025 5097 5509 5177 4996 5033 5314 5209 5002 4731 5397 4993 5405 5245 4916 5696 5315 4785 5055 5219 4875 5000 5308 4948 5193 5364 4921 4834 4752 5109 4767 5029 5269 5246 5066 5105 5074 5138 4845 5190 5052 5584 4923 5353 5230 5168 5747 4640 4742 5082 4640 4610 5016 5087 5063 5040 4549 5265 4971 5333 5340 4782 4875 5124 5361 5083 5110 5065 5195 4861 5150 5089 5423 4772 5027 5568 5257 4815 5296 4735 4924 4932 5276 4792 5130 5121 5023 5293 4885 5175 5150 5117 5062 5105 5034 4719 5042 4622 5369 5121 5272 5000 5079 4914 5151 5342 5014 4542 4940 5025 5005 5066 5458 4934 5134 5274 5430 5000 4524 5275 4789 5429 5567 4852 5207 5025 5286 5459 5063 5010 5515 5203 5194 5268 4865 5481 5047 5687 4705 4939 5332 5392 5001 5234 5626 5217 5014 4833 5285 4872 5223 5163 5542 5314 4549 5257 4983 5200 5333 4748 5163 5038 5169 5206 5046 4946 5584 4939 5444 4954 5199 5150 4471 4704 4977 4860 5006 5346 5333 4899 4939 5239 4586 5299 4808 4520 4877 5169 5199 5034 4769 4442 5323 4852 4585 5368 5441 5285 5128 4655 4905 5506 5328 5213 5004 5052 5080 4703 4977 4945 4644 4863 5106 5169 4780 5266 5566 5249 4844 5175 5145 5199 4740 5307 4988 4871 5140 5217 5200 4727 5291 4529 4977 4688 5085 5089 5314 4979 5047 5338 4594
4798 5229 4980 5604 5351 5359 5161 5140 5235 4833 5217 5292 5157 5689 5147 5051 5100 5447 5290 5277 5148 5475 5357 5015 5042 5226 5108 5589 5167 5012 5628 5515 5066 5320 5302 5173 5479 5328 4801 5341 5373 5237 5017 5059 5215 5115 4810 5251 5067 5417 5108 5168 4955 4915 5150 5141 5814 4981 5294 5329 5303 5985 4931 5211 5352 4856 4971 5353 4924 5002 5140 4504 5245 5111 5485 5574 4837 5144 5310 5497 5033 5299 5048 5022 5050 5112 5002 5515 5113 5117 5265 5451 4976 5263 4744 5404 5149 5123 5007 5089 5096 5266 5224 5181 5091 5141 5349 5287 5117 5031 4652 5245 5070 5466 5406 5559 5155 5347 5203 5263 5459 4951 4780 5079 4974 4918 5033 5626 5088 5312 5366 5366 5418 4947 5531 5236 5624 5546 4954 5286 5380 5532 5811 5437 5297 5478 4960 5312 5658 5256 5542 5253 5647 4653 5055 5149 5482 5239 5388 5362 5517 5179 4864 5252 5204 5399 5215 5715 5233 5021 5111 4953 5208 5253 5020 4952 5151 5397 5326 5384 5081 5587 5067 5586 5220 4913 5512 4651 4889 5043 4847 5443 5449 5170 5152 4892 5439 4488 5153 5197 4492 5286 5368 5611 4856 4707 4627 5449 4933 4802 5314 5078 5075 5090 4889 5158 5491 5290 5183 5304 5192 5039 4822 5157 5130 4728 5118 5375 5154 4641 5425 5564 5728 4920 5114 5248 5037 5010 5238 5142 5082 5382 5401 5039 4691 5313 5112 5145 5200 5166 5147 5477 5064 4984 5669 4650
5156 5312 5593 5256 5130 5131 5199 5255 5210 5100 5046 5430 4991 5582 4955 5249 5419 5711 5389 5442 5302 5476 5360 5213 5164 5271 5203 5299 5055 5098 5596 5605 4935 5385 5592 5312 5407 5389 5013 5307 5582 4974 5438 4916 5229 4975 5013 5488 5115 5428 5149 5069 5111 5070 5124 5098 5580 5046 5475 5582 5268 5649 5108 5264 5567 4816 5071 5349 5248 5281 5140 4706 5317 5168 5231 5487 4816 4950 5158 5574 5141 5177 5345 5321 5042 5152 4956 5337 5202 5372 5525 5525 4584 5150 4793 5406 5039 5233 5273 5322 5164 5312 5167 5401 5181 5119 5286 5191 5389 5238 4899 5550 5076 5535 5224 5546 5309 5117 5175 5418 5348 5096 4797 5329 5160 5328 5284 5676 5324 5031 5394 5361 5408 4677 5566 5092 5704 5394 4862 5483 5240 5409 5365 5221 5069 5407 5001 5146 5284 5244 5535 5179 5731 4591 5088 5249 5725 5244 5446 5552 5359 5241 4693 5307 5355 5560 5421 5563 5556 5058 5279 5082 5319 5436 5184 5359 5009 5340 5283 5344 5261 5670 5058 5231 5051 5098 5459 4778 4739 5322 4502 5358 5498 5111 5195 4970 5335 4610 5185 5223 4913 5319 5592 5487 5103 4868 4820 5386 5048 4927 5303 5318 4966 5186 4952 4982 5608 5338 5475 5230 5281 5118 4751 5330 5143 4832 4977 5074 4906 4757 5108 5537 5559 4977 5366 5217 5127 5026 5293 5421 5094 5104 5351 5350 4920 5388 4880 5260 5355 5386 5059 5868 4978 5134 5242 4909
4610 5118 4787 5070 4863 4702 4918 4782 4924 4781 4647 5025 4581 5058 4510 4807 4780 5085 4640 4866 4810 5082 5069 4751 4549 4950 4782 4979 4793 4657 5219 5055 4682 4954 4961 4705 4892 5168 4631 4677 4978 4880 4683 4632 4586 4612 4728 4679 4847 4685 4751 4919 4936 4711 4966 4747 5039 4501 5028 5208 5123 5132 4740 5023 5046 4332 4667 5051 4655 4956 4741 4359 4850 4835 4881 5489 4520 4565 4813 5171 4870 4793 4853 4657 4439 4836 4617 4908 4763 4876 4847 5170 4322 4786 4494 5162 4676 4723 4684 4804 4742 4515 4975 4802 4785 4815 5006 4798 4830 5047 4726 5074 4562 5021 4768 4877 4888 4886 4530 4838 4992 4494 4527 4797 4783 4599 4870 5302 4946 4855 4918 4945 5182 4792 4871 5088 5024 5155 4698 4778 4929 5186 5257 4945 4693 5095 4979 4856 5370 4752 5222 5116 5293 4314 4732 4973 5299 4793 4932 4926 5103 5128 4654 4760 4590 4970 4943 5292 4857 4801 4755 4675 4847 5213 4924 4877 4901 5066 4937 4907 5030 5211 4601 5030 4622 4653 5208 4483 4488 4889 4255 4956 5132 4798 4841 4506 4992 4175 4767 4719 4527 4901 4944 4878 4932 4457 4260 5120 4570 4450 4885 4636 4695 4431 4574 4787 5146 4661 5081 4813 4688 4367 4451 4795 4649 4273 4814 4749 4770 4212 5152 5173 4988 4626 4879 4779 4721 4905 4737 4949 4826 4802 4838 4853 4587 5067 4718 4587 4841 4760 5034 4986 4940 4815 5198 4353
4582 5188 4810 5206 4965 4943 5105 5223 4740 4685 5296 5249 4970 5290 4721 5105 4886 5477 5048 4729 5105 5008 5038 4919 4809 5054 4913 5150 4950 4949 5452 5230 4843 5131 5022 4838 5297 5151 4939 4851 5053 5122 4579 5025 4933 4776 4934 5045 5026 5002 5153 5167 4826 4834 5081 4961 5545 4725 4934 5321 5083 5359 4807 4718 5258 4670 4822 5104 4726 5118 4873 4210 5112 4993 5226 5280 4573 4694 5025 5054 4923 4860 5122 4712 4740 5014 4635 5417 4904 4860 5285 5005 4688 4914 4763 4734 4630 4965 4778 4997 4829 4810 5223 4879 5055 4931 4997 5014 4945 5144 4655 5049 4667 5276 5002 5442 4980 4934 4799 5030 5236 4949 4508 4993 4775 4915 4871 5502 4829 5167 5129 5063 5024 4570 5100 4683 5152 5455 4799 4893 4859 5307 5248 4873 4950 5356 4899 4982 5074 4758 5261 5100 5532 4525 4988 5147 5344 5007 5053 5185 5306 4733 4749 5183 5022 5278 4876 5442 5017 4664 5138 4821 5228 5288 4620 5077 4959 5311 5002 5103 5031 5396 4977 5282 4681 4716 4972 4700 4736 4850 4558 5020 4925 4976 4939 4798 5184 4547 4879 4758 4380 4993 5207 5369 4641 4851 4513 5205 4939 4617 4928 4811 4978 4969 4654 4788 5097 4877 5072 5176 5007 4856 4418 4856 4954 4541 4781 4941 4859 4361 5177 5184 5071 4875 5071 4960 4797 4881 4859 5039 4709 5210 5444 4762 4688 4983 4919 4693 4812 5027 4902 4926 4969 4940 5245 4707
4893 5251 5383 5456 5441 4952 5158 5123 5061 4695 5249 5401 5289 5678 4892 5274 5103 5395 5044 5089 5280 5416 4952 5225 5202 5004 5121 5078 4949 4870 5594 5244 4753 5193 5293 5202 5284 5326 5058 5203 5356 5263 4868 4947 4913 4866 4904 5194 5306 5244 5238 5144 5116 5032 5142 5205 5580 4991 5327 5329 5064 5410 4752 5112 5234 4852 4916 5143 5105 5012 4777 4277 5220 5012 5385 5678 4971 4762 5024 5423 5143 5014 5300 5167 4822 5023 4866 5547 5128 5120 5341 5282 4745 5217 4682 5344 4991 5031 5047 5019 4851 4998 5507 5048 5151 5059 5103 5131 4926 5061 4786 5134 5203 5541 5398 5221 5025 5286 4943 5278 5426 5270 5045 5173 5059 5046 5196 5630 4977 5262 5324 5232 5303 4803 5207 4844 5344 5501 4677 5312 5286 5465 5516 5319 4968 5575 5130 5139 5414 5298 5406 5076 5508 4438 5187 5438 5406 4969 5140 5481 5581 4979 4612 5106 5118 5262 5352 5529 5171 5047 5191 4968 5161 5524 4791 5320 5078 5239 4990 5371 5108 5367 4953 5401 4781 5266 5156 4703 4903 5267 4802 5252 5342 5043 4803 4884 5444 4514 5244 4964 4883 5270 5339 5599 5159 4905 4607 5291 4828 4705 4888 5055 5113 4901 4805 5048 5629 5177 5544 5150 4778 5249 4916 4886 5128 4846 4989 5038 5139 4721 5540 5572 5096 4899 5074 5230 5146 4992 5134 5255 4758 5283 5530 5112 4893 5334 4904 4897 5030 5359 5354 5455 4907 5264 5550 4728
5011 5424 4949 5390 5463 5268 5279 5139 5189 4976 5323 5342 5202 5547 5075 5185 5487 5565 5276 5271 5339 5400 5593 5066 5209 5278 4955 5415 5147 5185 5691 5614 4917 5416 5427 5043 5199 5394 4892 5193 5764 5299 4950 5077 5063 5238 4897 5414 5229 5469 5286 5382 5332 5048 5079 5170 5574 5126 5475 5165 5403 5785 4890 4981 5222 4690 5118 5341 5031 5072 5229 4477 5267 5326 5362 5480 4895 5128 5400 5524 5192 5090 5091 4887 5026 5319 5083 5710 5044 5059 5448 5444 4908 5388 4997 5329 5322 5039 5083 5244 5066 5302 5431 5321 5115 5152 5078 5442 5122 5122 4835 5168 5147 5493 5165 5619 5386 5020 5219 5233 5587 5103 4780 5142 5076 4957 5188 5648 5474 5473 5136 5321 5348 5336 5119 4947 5707 5765 4880 5259 5190 5619 5688 5300 5342 5621 5272 5465 5464 5296 5611 5126 5760 4622 5258 5305 5716 5140 5247 5336 5597 5052 5076 5408 5131 5442 5426 5880 5256 5036 5163 5040 5274 5417 4850 5050 5403 5418 5598 5162 5319 5640 5127 5495 4834 5140 5468 4815 4731 5232 4837 5455 5574 5356 5379 4959 5319 4567 5256 5158 4983 5390 5266 5558 5003 4994 4934 5594 4941 5021 5235 5134 5344 5172 5064 5103 5677 5476 5327 5496 5179 5127 4891 5111 5108 4976 5109 5490 5280 4653 5538 5437 5643 5019 5215 5307 5165 5128 5619 5227 4926 5368 5365 4977 4965 5423 5137 4959 5246 4961 5433 5303 5129 5034 5246 5042
4792 5188 4950 5011 5214 4883 5181 5260 4902 5017 5006 5372 5002 5500 4860 5063 5203 5182 5196 5049 5117 5031 5115 4824 4925 4921 4701 5262 4878 5092 5549 5172 4745 5167 5282 4924 5113 5311 4672 4935 5239 4790 5064 4799 4929 4778 4828 5224 5024 5194 5343 4959 5148 4777 4889 4929 5466 4894 5240 5225 5134 5452 4842 5015 4846 4478 4947 4902 4848 5117 5091 4389 5284 4859 5219 5355 4546 4821 5109 5385 4735 4981 5093 5013 4749 5057 4990 5251 5231 5077 5206 5222 4612 5165 4705 4866 4821 4725 5075 5215 4976 5126 5187 5113 4776 4883 5031 4996 4933 4907 4819 5226 4714 5351 5199 5160 5065 4840 4987 4855 5270 4790 4561 5012 5024 4779 4948 5416 4768 4993 5293 5189 5451 4715 5168 5084 5308 5357 4608 5046 5225 5091 5261 5161 5073 5592 4915 4932 5007 5226 5565 4827 5446 4680 5114 5035 5546 5127 5274 5174 5303 4978 4933 4973 5233 5146 4990 5653 5231 4975 4960 5156 4759 5243 4631 4743 5106 5044 5252 5007 5041 5280 4963 5273 4821 4775 5133 4636 4682 5037 4437 5245 5291 5054 5112 4885 5213 4282 4971 4971 4786 5161 5239 5014 5029 4815 4523 5470 5033 4472 5183 4788 5024 5184 4732 5232 5476 5220 5273 5055 5063 4783 4642 4908 5232 4767 5012 5112 5249 4622 5347 5273 5260 4733 5368 5292 4920 4786 5178 5276 4940 5177 5135 4730 4837 4982 4707 5003 5087 4841 5259 5194 4804 5046 5250 4736
4672 5316 5125 5302 5150 4928 5015 5219 5053 5162 5210 5142 5089 5555 4850 5254 5220 5661 5118 4965 4877 5327 5334 4981 5078 5251 4902 5452 5220 5054 5584 5386 5064 5413 5316 5327 5246 5403 4996 5114 5248 5125 5208 4694 5063 4944 5487 5237 5240 5118 5413 5187 5211 4739 4983 4812 5559 4812 5185 5165 5189 5659 5095 5037 5077 4455 4927 5297 5183 5359 5136 4505 5536 5330 5513 5537 4687 4804 5514 5283 4971 5078 5054 5159 4919 5454 5113 5382 5116 4864 5329 5949 4432 4907 4923 5121 4917 5313 5143 5319 5062 5076 5242 5094 4961 5219 5084 5160 5450 5017 4680 5488 4985 5649 5412 5537 5158 5160 4958 5030 5563 4618 4741 5281 4894 4993 5100 5394 5084 5061 5426 5391 5037 4636 5272 4897 5195 5227 4859 5345 5194 5476 5388 5053 5146 5638 4946 4880 5646 5126 5505 5324 5352 4849 5379 5234 5381 4740 5481 5230 5407 5308 4823 5020 5096 5191 5437 5633 5415 5206 5199 4792 5343 5428 4742 5228 5168 5471 5338 5332 5254 5651 4981 5289 4836 5102 5128 4444 4498 5384 4548 5222 5529 5297 5151 4911 5070 4785 5007 5282 4810 5077 5292 5325 5002 4846 4591 5295 5080 4670 5176 4885 5409 5070 5004 5195 5370 5307 5210 5084 5123 5067 4805 5165 4984 4727 4849 5137 5094 4961 5446 5553 5335 4981 5314 5227 5104 5094 5303 5303 5066 5132 5367 5118 5060 5352 5079 5232 4984 5047 5187 5520 5181 5459 5578 4692
4880 5036 5255 5347 5273 5219 5233 5335 4835 5033 5302 5462 5186 5500 5112 5034 5172 5499 5128 5191 5123 5529 5225 5102 4975 5266 5232 5386 5008 5083 5594 5496 4678 5410 5268 5149 5348 5327 5296 5185 5342 5202 5121 4913 5404 4927 5000 5471 5431 5404 5255 5155 5218 5134 5101 5051 6012 4537 5412 5399 5206 5643 5070 4990 5140 4729 4939 5173 4797 4979 5050 4500 5405 5175 5331 5387 4637 4827 5036 5390 4771 5058 5112 4970 5122 5062 4985 5507 5152 5220 5504 5616 4830 5376 4902 5186 4959 5093 5065 5439 5305 5219 5258 5383 5113 5019 5257 5181 5265 5061 4640 5426 4984 5280 5308 5430 5298 5049 4952 5071 5574 5085 4866 5367 5455 5098 4858 5578 5092 5288 5230 5280 5445 4921 5420 5099 5538 5522 4829 5054 5341 5321 5478 5437 5304 5776 5056 5250 5350 5385 5369 5147 5441 4804 5220 4938 5577 5289 5098 5493 5673 5081 4670 5085 5375 5409 5278 5564 5458 4985 5160 5211 5247 5277 4786 5067 5260 5390 5368 5056 5464 5510 5076 5489 4986 5297 5346 4504 4763 4921 4951 5064 5448 5279 5136 4841 5139 4780 5198 5199 4790 5209 5317 5417 5075 5159 4779 5569 4865 4839 5246 5022 5118 5214 4873 5168 5930 5262 5243 5350 5128 5135 4700 4800 5424 4852 4925 5280 5015 4836 5562 5423 5156 4944 5191 5045 4971 5118 5217 5231 4714 5124 5290 5186 4715 5303 5034 4905 5308 5148 5100 5387 5235 5112 5456 4859
4265 4236 4705 4753 4789 4579 4638 4659 4625 4561 4621 5100 4376 4778 4607 4798 4845 5261 4773 4501 4680 4663 4660 4504 4587 4604 4588 4960 4584 4549 5116 5040 4491 4702 4673 4897 4862 4733 4444 4594 4609 4333 4536 4240 4510 4484 4495 5036 4783 4888 4321 4589 4591 4508 4581 4652 5160 4379 4866 4859 4518 4906 4523 4526 4603 4193 4301 4659 4459 4360 4375 4033 4765 4556 5062 4877 4156 4326 4575 4661 4631 4330 4670 4741 4409 4655 4649 4881 4417 4769 4785 4911 4208 4755 4439 4555 4401 4710 4550 4693 4681 4782 4722 4677 4558 4520 4292 4346 4622 4362 4306 4616 4314 4737 4750 4624 4579 4854 4533 4921 5050 4648 4426 4746 4680 4312 4504 4882 4710 4712 4721 4660 4908 4027 4835 4680 5081 4979 4107 4723 4914 5015 4821 4480 4503 4899 4717 4430 4804 4775 5046 4473 4740 4280 4441 4709 5027 4554 4612 4994 4877 4562 4338 4508 4498 4866 4766 5005 4708 4465 4913 4606 4626 4859 4409 4547 4640 4720 4630 4551 4585 4655 4549 4978 4207 4493 4948 4140 4096 4337 4169 4624 4848 4609 4666 4518 4821 4098 4342 4825 3980 4725 4773 5063 4528 4178 4256 4887 4467 3924 4673 4647 4530 4530 4490 4601 5054 4801 4952 4709 4473 4664 4083 4321 4645 4309 4360 4229 4554 4209 4905 5083 5125 4369 4938 4642 4491 4524 4934 4755 4436 4575 4963 4323 4543 4648 4565 4315 4577 4832 4715 4792 4562 4631 5138 4116
5185 5530 5545 5480 5785 5319 5670 5894 5223 5282 5526 5741 5523 5889 5293 5474 5635 6068 5648 5750 5280 5715 5575 5429 5390 5736 5534 5787 5352 5320 5984 5524 5325 5600 5680 5428 5667 5961 5217 5363 5822 5383 5427 5297 5569 5438 5297 5842 5645 5455 5569 5349 5514 5506 5446 5341 6088 5160 5768 5573 5554 5786 5425 5608 5352 5152 5516 5768 5294 5593 5267 4808 5491 5803 6001 5793 5051 5422 5692 5476 5636 5369 5380 5275 5331 5709 5211 5855 5453 5521 5884 5627 4870 5544 5202 5697 5423 5532 5263 5534 5383 5412 5923 5605 5388 5556 5594 5513 5762 5574 5124 5713 5307 5908 5725 6043 5436 5544 5059 5533 5756 5551 5083 5578 5359 5297 5478 5963 5586 5364 5611 5857 5641 5114 5575 5237 5813 5969 5417 5113 5707 5810 5949 5322 5667 5894 5324 5488 5909 5685 6164 5705 5789 4873 5407 5545 5854 5354 5541 5706 5715 5647 5094 5485 5472 5437 5669 5726 5409 5317 5469 5233 5388 5803 5504 5486 5511 5850 5641 5520 5543 5862 5405 5748 5205 5429 5620 4954 5290 5454 5088 5642 5806 5527 5628 5473 5633 4852 5685 5675 5312 5740 5730 5742 5277 5248 5171 5743 5212 5017 5549 5746 5353 5611 5266 5545 5883 5490 5674 5713 5568 5445 5181 5464 5608 4952 5168 5619 5341 4892 5694 5689 5769 5204 5537 5432 5278 5420 5845 5692 5452 5472 5916 5649 5312 5706 5275 5256 5473 5542 5627 5713 5310 5402 5878 5139
5437 5735 5588 5702 5667 5235 5500 5613 5285 5514 5459 5675 5400 5873 5455 5657 5875 5773 5752 5495 5398 5972 5887 5494 5459 5736 5511 5364 5469 5400 6162 5761 5404 5721 5865 5706 5575 5671 5373 5523 6035 5622 5212 5573 5394 5411 5663 5820 5496 5573 5655 5770 5360 5403 5654 5411 6125 5339 5830 5842 5830 5948 5404 5648 5790 5104 5290 5630 5798 5440 5387 4777 5694 5537 5477 5989 5040 5573 5727 5895 5455 5689 5859 5465 5176 5477 5681 5797 5507 5618 5771 5974 5245 5846 5331 5803 5574 5455 5393 5355 5305 5596 5783 5715 5709 5663 5764 5559 5583 5677 5206 5844 5504 6213 5390 5789 5711 5631 5417 5739 5984 5513 5073 5616 5569 5050 5648 6130 5464 5692 5600 5610 5649 5239 5891 5422 5886 6039 5376 5817 5881 5631 5992 5740 5509 6133 5483 5688 5838 5783 5984 5422 6077 5206 5733 5784 5919 5634 5526 6040 6005 5640 5218 5647 5828 5802 5525 6114 5447 5509 5241 5357 5749 6073 5149 5661 5720 5834 5706 5708 5772 5924 5403 5913 5302 5331 5963 5164 5282 5512 5119 5690 6151 5651 5853 5300 5767 4880 5722 5552 5209 5728 5922 5900 5589 5276 4842 5686 5486 5105 5407 5603 5711 5561 5158 5725 6115 5799 6095 5503 5514 5591 5158 5556 5518 5217 5569 5769 5379 5216 6065 5973 5940 5295 5549 5613 5498 5649 5563 5492 5434 5673 5715 5618 5154 5883 5431 5558 5478 5613 5529 5914 5557 5445 6146 5231
4739 5020 5107 5306 5039 5102 5297 5009 4862 4862 5106 5198 4789 5355 4957 5080 5162 5828 4961 5168 4651 5419 5101 4872 4950 5315 5008 5306 5120 5139 5713 5410 5029 4934 5249 5255 5133 5130 5070 4934 5192 4912 4913 4768 5163 4774 5019 5355 4931 5406 5238 5267 5172 4979 4908 4763 5400 4913 5381 5045 5270 5333 4680 4865 5346 4646 4702 5179 4930 5166 4997 4288 5186 5074 5440 5309 4720 4758 5180 5215 4862 4833 4947 5017 4795 5029 4933 5438 5212 5159 5573 5288 4537 5233 4762 5165 5063 5199 4804 4998 4898 5176 5198 5043 5091 5027 5018 5223 5152 5093 4855 5201 4870 5226 5308 5568 4913 5220 5032 5129 5419 4840 4999 5082 4910 5101 4980 5321 5072 5147 5243 4899 5070 4595 5094 4879 5440 5500 4832 5134 5116 5421 5417 5269 5215 5426 4984 4890 5409 5438 5564 4877 5467 4864 4981 5155 5519 4747 5255 5260 5461 5000 4620 5339 5221 5365 5215 5444 5160 5108 5317 4831 5069 5385 4650 4889 4963 5108 5292 4968 5115 5269 5164 5161 4801 4923 5264 4469 4713 5033 4666 5434 5230 4846 5310 4746 5202 4630 5170 5265 4588 5090 5191 5522 4765 4833 4647 5441 5055 4833 4967 5168 5453 5079 4758 5114 5396 5404 5150 5008 4869 4884 4487 4827 5087 4642 4624 4914 5048 4749 5211 5588 5073 4852 5310 5152 4991 4829 5437 5222 4749 5028 5316 4881 4679 5067 4726 4989 5037 5013 5193 5566 5095 4870 5228 4524
4314 4805 4568 4755 4770 4581 4731 4677 4199 4581 4629 4884 4653 5242 4650 4621 4832 5059 4920 4515 4733 4865 4757 4787 4634 4839 4774 4790 4515 4545 4994 4946 4814 4598 4713 4923 4726 4937 4673 4534 5056 4604 4454 4497 4483 4632 4672 4805 4519 4631 4780 4635 4828 4664 4715 4605 4942 4648 4938 4817 4608 4886 4472 4489 5030 4204 4322 4954 4578 4708 5004 4018 4620 4552 4929 5244 4480 4629 4796 4895 4562 4775 4673 4724 4408 4687 4571 4902 4432 4506 4788 4745 4413 4945 4221 4872 4734 4713 4870 4698 4747 4640 4927 4847 4712 4533 4609 4796 4801 4891 4417 4842 4298 4926 4829 4951 4523 4792 4547 4772 4955 4834 4324 4820 4719 4530 4808 4788 4620 4863 4809 4967 4884 4260 4764 4650 4739 4931 4313 4536 4815 5124 5160 4921 4471 4919 4374 4679 4927 4660 4886 4676 5103 4032 4701 4485 5133 4761 5004 5218 5121 4435 4240 4652 4813 4872 4553 5275 4709 4528 4813 4357 4650 4951 4602 4945 4652 4653 4681 4741 4779 5124 4486 4941 4464 4676 4779 4269 4188 4643 4239 5090 5005 4564 4652 4380 4979 4177 5012 4788 4562 4910 4800 4840 4513 4413 4359 4975 4441 4335 4708 4520 4659 4823 4106 4483 4866 4753 4979 4832 4735 4482 4021 4746 4556 4217 4598 4566 4705 4151 4819 5081 4921 4451 4634 4536 4619 4703 4727 4805 4435 4694 4747 4711 4615 5051 4390 4590 4594 4573 4517 5111 4872 4743 5034 4271
4830 5252 5181 5322 5620 5167 5300 5365 5129 5062 5223 5567 5130 5471 5006 5331 5363 5629 5427 5332 5079 5490 5310 5238 5181 5266 4925 5463 5332 5359 5741 5333 4940 5377 5116 5311 5349 5336 5277 5151 5519 5280 5339 5021 5103 5144 5143 5389 5234 5069 5427 5269 5257 5198 5017 5260 5750 5111 5402 5477 5222 5746 5143 5004 5129 4811 5264 5298 5228 5015 5187 4490 5458 5252 5566 5501 4777 5118 5331 5389 5158 5363 5435 5253 4979 5084 5035 5539 5149 5124 5510 5400 4754 5238 4950 5243 5263 5431 5090 5148 5250 5418 5550 5219 5557 5160 5159 5135 5153 5115 5171 5140 4599 5271 5493 5542 5282 5200 4879 5475 5421 5224 5011 5565 4900 5031 4994 5700 4932 4958 5330 5462 5474 4872 5256 5218 5432 5455 4874 5416 5530 5585 5835 5107 4989 5546 5285 5212 5595 5596 5640 5059 5730 4634 5420 5466 5651 5193 5576 5824 5718 5304 4594 5247 5172 5359 5426 5722 5229 5207 5386 5192 5201 5606 5052 5355 5077 5335 5214 5334 5062 5921 4922 5532 4769 5231 5525 4887 4795 5263 4863 5489 5196 5234 5376 5036 5607 4563 5273 5258 4907 5484 5341 5278 5240 4943 4746 5417 5091 4922 5322 5318 5259 5424 4765 5323 5871 5017 5426 5233 5049 5340 5019 5190 5300 4433 4829 5021 5216 4763 5584 5651 5512 5017 5471 5309 5232 5024 5472 5371 5160 5373 5390 5328 4836 5362 4873 5257 5099 5264 5243 5379 5519 5357 5490 4719
4756 5207 5465 5394 5391 4990 5065 5203 5076 4940 5252 5506 4906 5550 4907 5086 5385 5574 5275 5244 5140 5582 5414 5269 5017 5596 5488 5361 5049 5006 5668 5602 5000 5241 5371 5350 5581 5367 5109 5398 5588 5230 5029 4849 5113 5222 5023 5273 5333 5408 5351 5244 5255 5120 5229 5214 5670 5248 5589 5333 5303 5494 5036 5341 5633 4771 4998 5439 5245 5311 5104 4627 5116 5198 5479 5638 4583 5059 5223 5598 5221 5263 5236 5125 5019 4966 5163 5465 5012 5181 5318 5545 4568 5351 4684 5364 5492 5174 4979 5279 5107 5186 5581 5510 5158 5156 5288 5281 5030 5245 4895 5588 4881 5342 5170 5563 5421 5319 4777 5467 5518 4945 4711 5117 4844 4906 5119 5714 5234 5187 5501 5299 5537 4795 5607 5095 5359 5488 5081 5346 5395 5458 5591 5354 5358 5556 5022 5040 5642 5347 5703 5049 5538 4862 5336 5315 5559 5141 5159 5572 5660 5131 4864 5325 5243 5660 5288 5613 5259 5110 5154 4901 5282 5442 5085 5252 5192 5539 5508 5173 5306 5377 5169 5637 5125 5319 5644 4436 4850 5048 4869 5345 5522 5025 5276 4805 5503 4396 5326 5180 4866 5236 5242 5768 5127 4993 4783 5611 5206 4688 4968 5034 5121 5352 4844 5152 5521 5148 5390 5208 5033 5049 4876 5149 5130 4787 5074 5200 4955 4618 5224 5587 5352 5036 5196 5256 4896 5142 5305 5342 4893 5383 5344 5212 4880 5138 5186 4804 5197 5319 5064 5515 5025 4982 5473 4854
5047 5626 5482 5741 5431 5445 5168 5361 5333 5234 5603 5610 5194 5621 5337 5402 5700 5659 5552 5488 5466 5696 5493 5420 5858 5514 5340 5604 5121 5251 6056 5456 5178 5447 5556 5691 5546 5615 5266 5715 5762 5205 5390 5277 5403 5065 5388 5686 5411 5579 5355 5261 5566 5458 5215 5298 6072 5243 5443 5641 5714 5707 5200 5303 5356 5040 5179 5711 5433 5063 5167 4864 5465 5580 5664 5932 5049 5403 5285 5675 5577 5500 5670 5489 5116 5390 5312 5813 5468 5356 5769 5911 5225 5556 5046 5598 5389 5298 5106 5468 5247 5468 5584 5733 5358 5487 5548 5219 5272 5526 4800 5346 5124 5753 5524 5767 5493 5324 5431 5677 5757 5350 5060 5388 5379 5238 5729 5812 5533 5518 5355 5425 5870 5199 5712 5471 5835 5840 5113 5513 5467 5806 5784 5678 5592 5903 5327 5299 5817 5340 5838 5185 5592 4759 5421 5426 5717 5304 5295 5617 5790 5717 5135 5500 5486 5840 5562 6062 5349 5224 5388 5338 5618 5655 5309 5455 5216 5892 5691 5434 5647 5915 5205 5648 5082 5180 5544 4912 5092 5370 5124 5709 6040 5452 5587 5291 5751 4765 5378 5593 5130 5731 5644 5841 5185 5307 5168 5814 5111 4982 5469 5271 5289 5490 5219 5118 5671 5746 5567 5777 5390 5390 4716 5340 5642 4888 5361 5501 5565 5072 5714 5615 5464 5160 5659 5434 5362 5552 5533 5568 5308 5326 5478 5402 5224 5591 5357 5198 5517 5459 5516 5805 5303 5326 5811 5030
4776 5411 5308 5478 5412 5262 5320 5331 4970 5156 5537 5404 5593 5843 5005 4945 5522 5719 5542 5404 5385 5567 5290 5310 5390 5378 5221 5475 5094 5357 5945 5687 5200 5589 5548 5529 5378 5554 5033 5791 5595 5336 5203 4941 5039 5040 5109 5576 5501 5383 5309 5249 5501 5030 5059 5033 6034 5135 5473 5489 5328 5961 5021 4872 5376 4921 5417 5347 5202 5285 5425 4689 5535 5081 5639 5763 4935 5264 5397 5526 5201 5126 5330 5064 5082 5393 5319 5592 5388 5463 5475 5681 4775 5349 5042 5367 5423 5121 4875 5499 5225 5484 5481 5484 5416 5459 5552 5265 5351 5143 5086 5433 5220 5877 5515 5552 5372 5417 5060 5323 5485 5347 4795 5341 5240 5278 5355 5836 5275 5399 5386 5558 5523 4785 5446 5216 5742 5315 5095 5531 5534 5775 5591 5411 5370 5615 4996 5421 5526 5399 5781 5267 5807 4742 5446 5121 5656 5089 5168 5472 5641 5305 4897 5354 5479 5497 5434 5902 5562 5306 5305 5201 5180 5668 5154 5189 5317 5636 5579 5583 5400 5808 5207 5609 4996 5522 5484 4965 5019 5214 4625 5621 5719 5458 5204 5385 5390 4842 5319 5401 4867 5380 5651 5476 5254 5050 4949 5602 5005 4768 5564 5308 5466 5357 4844 5206 5966 5675 5610 5377 5354 5221 4836 5152 5560 5040 5106 5361 5332 4825 5443 5871 5459 5033 5494 5438 5309 5330 5463 5383 5449 5356 5413 5178 5098 5592 5197 5338 5137 5259 5266 5524 5162 5328 5697 4834
4916 5514 5394 5511 5429 5155 5535 5477 5197 5066 5317 5648 5200 5543 5031 5431 5487 5707 5263 5205 5289 5693 5437 5063 5143 5450 5044 5558 5187 5038 5707 5887 4966 5736 5511 5339 5698 5645 5169 5403 5502 5247 5567 4900 5399 5255 5294 5524 5458 5575 5462 5550 5334 5098 5139 5181 5795 5269 5606 5460 5418 5819 5066 5246 5502 4931 5304 5534 5233 5373 5255 4540 5519 5292 5746 5621 4792 5238 5468 5346 5119 5236 5163 5139 5128 5477 5051 5658 5328 5656 5419 5655 4777 5244 5180 5265 5445 5260 5307 5420 5271 5190 5539 5481 5327 5236 5285 5165 5501 5319 4967 5450 5106 5709 5362 5460 5351 5393 5296 5485 5602 5060 4993 5418 5168 5209 5303 5750 5539 5238 5554 5581 5543 5230 5703 5260 5946 5860 5218 5373 5320 5785 5856 5272 5313 5880 5338 5287 5751 5447 5749 5142 5545 4781 5366 5302 5508 5282 5339 5782 5437 5265 4916 5358 5308 5879 5592 5831 5504 5124 5648 5441 5449 5609 5166 5409 5330 5459 5501 5594 5612 5915 5310 5675 5110 5284 5706 4899 4982 5216 4968 5348 5570 5459 5538 5004 5477 4591 5084 5322 4812 5420 5580 5594 5328 5096 4783 5582 5214 4990 5584 5257 5434 5178 5051 5359 5772 5538 5524 5471 5370 5174 5088 5254 5312 4836 4934 5719 5235 4808 5699 5535 5556 5259 5592 5188 5225 5271 5438 5252 5049 5390 5424 5483 5180 5375 5324 5190 5178 5595 5350 5677 5498 5282 5739 4907
4763 5140 5082 5200 4982 5010 5133 5118 4924 4847 5203 5406 4801 5291 4983 5021 5151 5374 5057 4974 5040 5218 5205 4789 4929 4981 4850 4953 5211 5067 5410 5306 4880 5205 5304 5185 5067 5226 4568 5072 5280 5048 5028 4717 5166 4711 5158 5289 5015 5148 5302 4977 5364 4883 4919 4976 5419 4509 5431 5229 5093 5219 5095 4845 5208 4654 4935 5069 5222 5039 5022 4430 5285 4942 5310 5484 4501 4601 4840 5264 4877 5092 5037 4927 4755 4630 5101 5195 5075 5005 5247 5193 4667 5066 4986 4829 4725 4913 4706 4895 5001 5140 5129 4897 4856 5000 4975 4961 5359 4944 4633 5364 4989 5422 5099 5368 5018 4981 4863 5068 5876 4843 4921 5078 4841 5063 4813 5601 5019 4865 5050 5080 5235 4768 5030 4932 5488 5536 4867 4969 5090 5324 5150 5219 5393 5488 4720 4945 5379 5229 5400 5040 5249 4654 4980 5189 5454 5094 5138 5048 5285 5079 5037 4809 5432 5357 5079 5218 5200 5013 4958 4684 5008 5293 4712 4876 5052 5063 5192 5077 4933 5578 4960 5483 5068 4981 5244 4593 4787 5053 4532 5387 5178 4830 5126 4881 5363 4527 4814 5308 4454 4954 5559 5364 4995 4865 4561 5380 5050 4624 5087 5037 4845 5039 4824 5323 5292 5518 5399 5008 4924 4874 4671 4914 5158 4525 4578 5307 4898 4635 5305 5458 5266 4891 5267 4938 4859 4760 5018 5015 4832 5115 4847 4906 4472 5080 4962 4834 4961 4880 4964 5307 5036 4901 5401 4484
4881 5121 4965 5436 5388 5320 5213 5119 4903 5136 5431 5530 4923 5815 5010 5358 5192 5748 5468 5448 5199 5604 5591 5122 5130 5477 4852 5095 4961 5448 5588 5569 5100 5419 5119 5256 5278 5433 5298 5583 5211 5298 4996 5181 5248 5005 5291 5253 5349 5296 5152 5295 5358 5163 4947 4923 5438 4726 5465 5378 5190 5444 5256 4944 5047 5055 4969 5330 5064 5206 4851 4366 5175 5503 5519 5513 4784 5113 5144 5402 4979 5042 5330 4967 4721 5453 5520 5298 5135 5340 5329 5334 4922 5264 4885 5202 5055 5215 5098 5044 5010 5176 5513 5104 5404 5329 5451 5152 5259 5129 4969 5272 5244 5369 5658 5622 5226 5024 5003 5232 5528 5137 4998 5513 5184 5332 4953 5716 5269 5144 5071 5258 5404 4840 5356 5034 5596 5640 4805 5328 5322 5708 5567 5232 5251 5527 4905 5253 5605 5409 5511 5182 5629 4723 5152 5266 5405 5143 5126 5210 5497 5233 4644 5377 5421 5498 5371 5621 5277 4865 5177 5130 5286 5409 4879 5081 5181 5323 5422 5329 5151 5431 5240 5544 5075 5063 5605 4904 5017 5198 4839 5500 5565 5265 5189 4886 5235 4734 5113 5273 4515 5339 5522 5450 4957 5105 4719 5208 4683 4926 5172 5418 5249 5235 4843 5156 5527 5117 5355 5242 5207 4995 4644 4959 5093 4558 4910 5254 5057 4749 5506 5747 5523 5083 5557 4939 5071 5241 5358 5013 5062 5236 5180 5060 4859 5223 4839 5005 4952 5194 5152 5477 5114 4919 5495 4849
4657 5025 4865 5308 4985 5083 4983 5091 4486 4928 5130 5302 4752 5384 4792 5036 5329 5570 5073 5192 4787 5092 5107 5184 5065 5345 4699 5057 4783 5192 5317 5296 4939 5069 5049 4907 5087 5149 5025 5063 5292 4923 4850 4713 5047 4669 5009 5052 5079 5143 5367 5036 4868 4902 5006 4625 5447 4857 5380 5107 4935 5345 4943 4607 5097 4564 4873 5129 4943 5142 5143 4469 5018 5102 5074 5501 4683 4450 4860 5228 4936 5116 5244 4927 4689 4996 4776 5333 4864 5146 4995 5284 4505 5134 4853 4981 4735 4932 4603 5073 4801 5123 5113 5112 5083 5064 5145 4987 5306 5206 4843 4955 4773 5494 4772 5751 5281 5065 4803 5121 5156 4642 4581 4995 4892 4921 5028 5664 4883 4832 4991 4850 5045 4698 5023 4887 5104 5323 4891 5152 4887 5338 5317 5035 4872 5292 4579 4837 5301 5314 5253 4885 5506 4709 5118 5073 5373 4807 4891 5111 5162 5022 4794 5093 5272 4950 4986 5207 4955 4703 5101 4741 5109 5409 4738 4842 5209 5445 5174 5210 5086 5051 4963 5233 4881 4951 5373 4466 4690 5116 4310 5326 5231 4994 5110 4875 5200 4395 4756 5149 4414 4978 5328 5166 5004 4863 4477 5215 4760 4498 4860 4902 5157 5159 4707 4958 5230 5261 5187 4903 4991 4697 4718 4953 4968 4699 4656 4703 4539 4549 5010 5512 4990 4736 5021 4946 5176 4864 5193 5166 5106 4993 5007 4751 4710 4554 4749 4769 4931 5111 4962 5136 4774 4584 5396 4759
4552 4685 4958 4852 5085 4668 4809 5007 4682 4818 5145 5015 4871 5221 4856 4908 4976 5262 5078 4991 4646 4879 5265 4678 4544 4849 4746 4715 4698 5012 5112 5314 4695 4897 4807 4997 5102 5168 4664 4981 5160 4907 4722 4961 4849 4708 4787 4947 4874 4968 4981 4813 4934 4635 4766 4709 5388 4499 5306 4880 4623 5044 4789 4846 4971 4584 4807 4817 4783 4682 4931 4229 4803 5014 5072 5303 4456 4894 4813 5008 4862 4859 5096 4858 4799 4812 4733 5238 4604 4886 5145 5000 4614 4898 4512 4972 4754 4651 4712 4900 4913 4871 5011 4855 4700 4976 4853 4664 5230 4784 4775 4892 4735 5090 4965 5265 5066 4882 4819 4790 5432 4800 4484 4846 4530 4496 4695 5276 4858 4833 5042 4927 4951 4544 4882 4710 4824 5297 4626 4545 5093 5119 5206 4822 4874 5011 4691 4898 5118 4879 5022 4895 5212 4345 4860 4999 5157 4742 4943 5291 5317 4806 4412 4807 4687 4984 4882 5338 4812 4790 4508 4417 5060 5206 4472 4934 4892 4868 5107 4773 4764 5213 4668 5257 4687 5013 5305 4311 4678 4725 4154 4954 5287 4922 4928 4669 5046 4206 4955 5014 4632 4936 5071 5019 4643 4528 4457 5205 4741 4203 4904 4756 4930 5064 4400 4598 5039 4682 4946 4858 4751 4583 4392 4629 4845 4501 4855 4818 4530 4463 4950 5086 5243 4602 4734 4626 4586 4717 5102 4982 4762 4715 4870 4772 4923 5084 4636 4859 4955 4940 4979 5116 4862 4832 5149 4556
5252 5753 5382 5577 5676 5610 5397 5483 5135 5004 5455 5880 5372 5905 5346 5644 5661 5745 5501 5442 5444 5413 5476 5317 5356 5672 5530 5602 5175 5310 5923 5737 5221 5662 5572 5546 5434 5583 5452 5310 5854 5383 5464 5056 5253 5365 5290 5727 5445 5522 5665 5323 5337 5088 5349 5480 5779 5199 5862 5766 5342 6080 5096 5259 5553 5130 5186 5549 5322 5404 5329 4651 5391 5320 5687 5760 5000 5370 5306 5402 5367 5521 5600 5530 5381 5332 5207 5824 5477 5345 5607 5629 5204 5400 5137 5515 5384 5080 5235 5493 5353 5395 5848 5710 5366 5650 5497 5247 5375 5263 5027 5435 5173 5795 5589 5731 5529 5307 5502 5614 5415 5481 4970 5439 5446 5170 5331 5785 5319 5505 5709 5725 5878 5086 5574 5444 5843 5657 5124 5586 5473 5751 5700 5610 5472 5924 5244 5271 5875 5486 5873 5376 6041 4760 5455 5431 5805 5436 5790 5886 5993 5471 4903 5566 5490 5434 5607 6265 5392 5380 5444 5484 5449 5731 5263 5634 5696 5553 5634 5438 5693 5903 5157 5801 5188 5476 5628 4880 5141 5315 4823 5563 5813 5246 5489 5299 5618 4969 5509 5374 5364 5528 5561 5711 5229 5261 5144 5923 5059 4993 5307 5121 5355 5418 5106 5473 5806 5923 5682 5516 5470 5128 4926 5341 5486 5087 5190 5580 5295 4912 5918 5825 5816 5172 5617 5643 5475 5264 5440 5460 5244 5662 5763 5477 5084 5304 5227 5259 5524 5570 5460 5671 5226 5371 5797 5149
4777 5002 5009 5080 5082 4814 4824 5280 4412 4740 4850 5110 4710 5634 4670 5005 5160 5363 5177 5141 5135 5020 5100 4981 5022 5015 4882 5251 4633 5358 5539 5353 4832 5057 5180 5158 5104 5387 4929 5358 5403 5206 5025 4741 4946 4917 4882 5291 5135 5155 5089 4917 5279 4949 4876 4556 5405 4856 5135 5217 5115 5414 4834 4716 5196 4897 5130 5117 4889 5094 4974 4224 4834 4957 5220 5419 4505 5007 5194 5176 5154 5100 4961 5032 4612 5026 4732 5413 4825 4912 5302 5413 4497 5275 4444 5176 4880 5098 4799 4936 4693 5081 5341 5094 5011 5106 5173 5216 5272 4979 4582 5067 4810 5261 4824 5276 5106 4989 4830 4979 5421 4789 4706 4814 5048 5019 5074 5519 4933 5126 5029 5151 5267 4727 5216 4908 5315 5299 4838 5029 4983 5218 5292 4897 5042 5423 4715 4801 5448 5002 5356 4856 5331 4469 4987 4822 5160 4852 4865 5393 5298 4926 4562 5052 5093 5124 5124 5480 5275 4719 5025 4661 5327 5277 4952 5166 4959 5304 5503 5131 5028 5502 4847 5380 4474 4907 5493 4537 4530 4992 4371 5224 5376 5067 5156 4809 4917 4695 4832 4860 4494 4993 5204 4999 5048 5094 4779 5483 4834 4578 5019 4880 4992 5070 4802 4652 5239 5035 5385 5033 5017 4840 4382 4741 4877 4748 4893 5150 4982 4635 5148 5413 5244 4723 5164 4905 4824 4955 5080 5220 5134 5025 5378 5115 4517 5059 4927 4905 4905 4919 4902 5440 5222 4830 5116 4651
4660 5316 5115 5322 5231 5115 4914 5005 4948 4855 5084 5207 5119 5518 5088 4867 5342 5484 5337 5096 4969 5311 5227 5192 5043 5147 4747 5007 4706 5037 5550 5381 4903 5271 5229 5077 5055 5189 5155 5174 5447 5106 4923 4934 4999 4663 5175 5197 5052 5055 5346 5202 5105 4946 5059 5081 5323 4937 5223 5117 5377 5520 4920 4773 5364 4580 5001 5289 4956 4859 5135 4543 4935 5186 5047 5538 4797 5175 5239 5576 5127 5058 5160 5016 4788 5139 4949 5122 5214 5155 5430 5322 4621 4933 4875 5561 4923 5051 5077 5258 4816 5090 5262 4978 5186 5044 5041 5125 5155 5059 4684 5248 4607 5539 4849 5313 5257 5189 4974 5162 5255 5124 4461 5096 5156 5019 5051 5466 5195 5142 5266 5005 5278 4797 5212 5001 5313 5494 4835 5220 5370 5647 5446 5052 4945 5707 5035 4977 5155 5173 5194 4982 5597 4755 5039 5220 5333 4902 5064 5191 5465 5116 4597 5045 5103 5409 5197 5579 5137 4944 4972 5049 5110 5444 4915 5147 5146 5407 5174 5499 5217 5515 5027 5330 4809 5027 5358 4638 4682 5074 4729 5225 5536 5356 5091 4850 5420 4581 5124 5270 4695 5145 5645 5678 5038 4890 4684 5158 4695 4803 5064 4839 5209 4985 4803 4974 5458 5348 5431 5056 5096 4958 4777 5015 4828 4544 4682 5004 4897 4506 5328 5701 5151 4740 4953 4963 5063 4959 5189 5255 5102 4943 5024 5217 4531 5412 4852 5020 5097 4905 4898 5456 5265 5075 5293 4663
4713 5447 5076 5462 5333 5122 5215 5090 4992 5051 5428 5383 5058 5562 4914 5097 5189 5676 5476 5144 5427 5349 5411 5218 4932 5343 5116 5198 5239 5272 5794 5464 5036 5065 5333 5254 5344 5587 5103 5117 5412 5077 5037 5082 4729 5061 5078 5410 5458 5171 5232 5502 5375 4874 4995 4976 5682 4996 5461 5668 5231 5641 5148 4945 5212 4830 5049 5354 4986 5144 5114 4268 5505 5293 5444 5627 4704 5005 5450 5780 5078 5248 5182 5111 4969 5229 5328 5771 4934 5197 5341 5511 4561 5138 4783 5483 5098 5034 5194 5085 5253 5269 5231 5178 5393 5165 5179 5331 5036 5284 4925 5372 4988 5384 5346 5595 5186 5093 4961 5343 5775 5329 4867 5071 5085 5148 5421 5464 5342 5265 5519 5378 5450 4883 5199 5244 5186 5448 4972 5217 5277 5868 5621 5207 5202 5699 5110 5095 5594 5129 5469 5158 5605 4546 5308 5380 5476 5143 5375 5507 5690 5291 4947 5266 5358 5528 5402 5841 5195 4907 5297 4872 5243 5755 4985 5318 5353 5577 5187 5495 5105 5582 4906 5422 5105 5035 5597 4774 4855 5248 4584 5402 5345 5195 4978 5025 5183 4873 5212 5218 4817 5515 5600 5535 5115 4842 4490 5468 5169 4949 5284 5148 5284 5204 4831 4900 5459 5164 5311 5224 5236 5079 4532 5210 5073 4823 5127 4941 5249 4788 5315 5672 5490 5159 5198 5144 5250 4960 5417 5545 5247 5330 5497 5097 5080 5357 4903 5269 5164 5348 5057 5338 5072 5292 5477 5021
4844 4853 5054 5246 5187 5018 4951 5282 4764 4810 5270 5324 4861 5246 4867 4910 5106 5511 5110 5210 4677 5232 5207 4952 4788 5165 4780 5027 4796 5244 5506 5506 5019 5315 5051 5360 5246 5104 4917 5100 5315 4864 4758 4826 5083 4955 5006 5146 5115 5070 5392 5052 4740 4958 4847 4978 5453 4685 5578 5144 5174 5344 5029 5087 5014 4746 4998 5322 4992 5125 4949 4347 5164 5253 5557 5279 4703 4752 5259 5160 4757 5060 5032 4969 5061 5223 4774 5481 5063 4909 5181 5208 4526 5082 4635 5275 5008 4997 4867 4971 4976 5140 5174 5192 5145 5267 5062 5056 5258 5139 4661 5231 4936 5347 5230 5335 5135 5067 4873 4966 5044 4904 4665 5140 4712 4865 5048 5404 5007 5122 5188 4891 5127 4499 5038 4828 5281 5209 4745 5089 5062 5287 5332 4961 5020 5584 4701 4837 5513 5078 5500 4979 5384 4642 5101 5150 5409 4803 5079 5043 5177 5134 4414 4845 5158 4941 5287 5422 5190 4854 4934 4905 5050 5620 5033 4941 5018 5315 5316 5117 4949 5311 4977 5404 4513 5201 5430 4123 4623 4999 4658 5381 5089 4913 4902 4883 4982 4457 5054 5193 4758 5024 5262 5353 5123 4734 4717 5340 4960 4625 4868 4909 5066 4895 5018 5072 5539 5195 5048 5334 4885 4875 4802 4766 5183 4428 4672 5130 4880 4512 5311 5268 5348 4994 5197 5090 5081 4757 5102 4963 5011 4988 5173 4906 4767 4939 4897 4802 4882 5238 4996 5296 4919 4833 5628 4761
4596 4735 4960 4867 5033 4719 4984 4758 4733 4617 4932 5117 4531 5407 4864 4766 4891 5040 4717 4641 4519 5015 5051 4569 4620 4896 4719 4988 4599 4825 5157 5080 4561 4974 4990 4778 4847 5013 4758 4743 4847 4615 4608 4716 4652 4594 4702 4839 4877 4979 4953 4867 4857 4603 4700 4652 5242 4700 5151 4946 4772 4986 4271 4726 4629 4382 4524 4840 4880 4841 4687 4251 4878 4986 5197 5012 4277 4309 4904 4929 4684 4847 4707 4885 4552 4808 4604 5393 4626 4887 4972 4856 4550 4958 4639 4726 4716 4726 4742 4656 4708 4743 4970 4995 4891 4674 4762 4766 4777 4918 4540 4948 4495 5074 4916 5067 4853 4587 4708 5104 5011 4475 4317 4841 4948 4527 4609 5230 4629 4651 4926 4836 4906 4226 4743 4629 5316 4892 4431 4784 4959 5137 5279 4771 4906 5085 4511 4621 5190 4767 5184 4698 4996 4265 4651 4874 4857 4763 4919 5402 4995 4625 4660 4968 4832 4976 4668 5163 4829 4452 4873 4641 5159 5281 4559 4856 5001 4785 4706 4755 4553 5214 4763 5008 4639 4680 4948 4402 4584 4836 4285 5002 5189 5006 4812 4585 5156 4158 5025 4934 4550 4731 5266 5165 4916 4531 4223 5038 4646 4561 4580 4811 4823 4803 4454 4783 5071 4764 4831 5028 4765 4569 4335 4893 4552 4232 4589 4953 4763 4472 5094 4935 4646 4682 4966 4525 4695 4679 4847 4824 4587 5105 4999 4587 4662 4790 4534 4637 4706 4802 4642 4976 4599 4696 5169 4509
4884 5467 5351 5570 5556 5348 5391 5247 5258 5089 5521 5225 5291 5469 5137 5278 5643 5804 5334 5312 5346 5835 5606 5318 5232 5350 5082 5283 5241 5398 5913 5679 4964 5496 5332 5290 5536 5675 5309 5484 5400 5265 5420 5116 5341 5021 5372 5381 5031 5457 5390 5339 5411 5056 5256 5122 5727 5066 5587 5583 5551 5790 5069 5202 5498 4815 4990 5592 5053 5222 5182 4439 5464 5398 5703 5807 5077 5225 5432 5488 5213 5323 5316 5424 5078 5414 5219 5537 5225 5166 5503 5545 4906 5508 4942 5522 5067 5276 5247 5377 5172 5155 5551 5312 5534 5205 5388 5159 5116 5355 4964 5434 5092 5641 5461 5858 5356 5234 5082 5382 5784 5262 5104 5403 5207 5051 5410 5655 5283 5453 5428 5544 5695 5023 5536 5242 5753 5636 5039 5170 5434 5563 5834 5430 5221 5530 5052 5457 5489 5327 5735 5122 5805 4819 5519 5483 5716 5310 5467 5584 5757 5533 4900 5227 5355 5389 5443 5676 5459 5243 5347 5269 5339 5656 5002 5330 5313 5454 5417 5226 5233 5714 5026 5709 5127 5187 5396 4939 4998 5685 4904 5530 5593 5427 5332 5099 5367 4819 5226 5249 4923 5264 5452 5457 4951 5044 4786 5648 5235 4930 5270 5369 5196 5184 4915 5302 5552 5480 5676 5346 5200 5357 4966 5051 5310 4924 4987 5118 5092 4818 5571 5711 5301 4942 5591 5300 5297 5377 5486 5510 5305 5566 5518 5031 4926 5482 5133 5062 5139 5098 5448 5635 5173 5318 5608 4869
4528 4673 4938 5022 4931 4620 4802 4917 4856 4524 4756 5259 4804 5117 4606 4695 5110 5207 4923 4752 4807 5078 4687 4687 4688 5049 4855 5069 4710 4772 5191 5025 4460 4971 4920 5107 4891 4979 4563 4759 5094 4572 4608 4471 4677 4682 4880 4931 5136 4788 4584 4948 4927 4842 4667 4828 5159 4444 4984 4886 4668 4978 4329 4480 4887 4536 4798 4696 4646 4791 4526 3968 4684 4765 5021 4865 4451 4608 4780 5202 4580 4788 4857 4631 4742 4764 4597 5069 4800 4659 4815 5042 4236 4713 4390 4861 4811 4992 4441 5062 4669 4735 5109 5034 4731 4746 4910 4860 4825 4836 4438 4760 4520 5162 4765 4925 4914 4969 4505 4892 5044 4816 4560 4898 4822 4662 4449 5047 4779 4835 5156 4854 5018 4150 4979 4815 5084 4978 4553 4864 4886 5226 5066 4835 4709 5078 4777 4918 4698 4932 4913 4848 5146 4241 4868 4664 4983 4613 4753 5094 5342 4776 4365 4647 4756 4861 4933 5293 4602 4391 4726 4594 4862 5104 4552 4878 4656 5030 4693 4713 4804 5143 4663 5112 4752 4677 5184 4227 4532 4524 4529 4966 4921 4829 4546 4586 4683 4433 4881 4920 4167 4912 4937 5178 4628 4560 4311 5027 4592 4624 4634 4928 4634 4640 4402 4418 5157 4655 5227 5019 4606 4751 4364 4649 4857 4323 4438 4554 4914 4025 5025 5037 5025 4928 4954 4748 4585 4510 4829 4913 4666 4669 5013 4739 4349 4901 4620 4792 4541 4689 4560 5228 4842 4895 4929 4401
4772 4879 4689 4929 5100 4953 4867 4877 4801 4414 5251 5432 4806 5252 4862 4649 4803 5223 4931 5095 4983 5276 4999 4816 5071 5104 4851 4984 4843 5008 5493 5206 4631 5069 5100 5107 4865 5015 4703 5284 5201 4434 4736 4745 4741 4684 4898 5047 4859 4822 4872 5088 4943 5035 4754 4751 5471 4830 5054 5079 5118 5442 4549 4724 4925 4745 4947 4960 4545 4811 4924 4275 4969 4802 4952 4936 4747 5007 4658 5141 4797 5102 4908 5033 4573 4643 4706 5264 4865 5077 5060 5293 4471 5218 4658 4901 4682 4755 4808 4856 4910 4963 5116 4782 4906 4834 5080 4826 4982 5087 4404 4834 4605 5397 4992 5092 4868 4904 4859 5160 4980 4980 4596 5000 5015 4927 4491 5221 4970 4992 5309 5124 5136 4502 4864 4827 5346 5286 4586 4811 4965 5252 5194 5048 4916 5355 4676 4826 5242 4925 5175 4867 5458 4560 4874 4817 5196 4882 4868 5293 5274 4981 4463 4940 4881 5399 4884 5450 4955 4672 4898 4918 4779 5266 4726 4850 4810 5227 5098 4872 5055 5315 4944 5239 4554 4854 5211 4391 4622 4934 4447 5123 5125 4781 4808 4541 5197 4652 4910 4870 4224 4940 5048 5308 4925 4660 4444 4940 4671 4529 4918 4857 5000 4928 4420 5015 5106 5016 5120 5105 4978 4875 4505 4752 4927 4146 4517 4801 4821 4512 5008 5254 5055 4584 5047 4949 4684 4886 5134 4906 4970 4752 5018 5113 4567 4745 4634 4662 4835 4912 4708 5105 4892 4623 5319 4617
4578 5169 4759 5251 5393 5011 5403 5319 5261 4910 5091 5336 5189 5568 5045 5083 5221 5431 5067 5338 5099 5451 5423 4830 4964 5112 5021 5254 5192 4824 5814 5528 5050 5414 5310 5153 5223 5332 5253 5280 5098 5026 4916 5149 5257 5003 5294 5300 5140 5153 5184 5254 5376 4945 5045 4972 5719 4994 5259 5224 5263 5514 4791 5131 5370 4632 4824 5326 4980 5180 5382 4591 5274 5320 5460 5423 4636 4838 5181 5368 5018 5210 5201 4883 4795 5077 4862 5461 4988 5212 5182 5399 4747 5160 5292 5008 4798 5029 4627 5128 5211 5083 5480 5229 5101 4887 5136 5031 5329 5253 4697 5272 4921 5773 4974 5208 4995 5153 4777 5141 5411 4935 4823 5220 5043 4923 5090 5540 5225 5322 5087 5290 5102 4850 5293 5092 5458 5271 4891 4924 5319 5676 5332 5234 5088 5399 4954 5354 5547 5260 5515 5414 5694 4722 5152 5122 5397 5214 5052 5344 5351 5052 4751 5070 5052 5183 5248 5567 5077 5051 5219 5002 5369 5465 4933 5033 5290 5369 5269 5187 5397 5522 5062 5726 5216 5106 5413 4750 4871 5142 4723 5279 5576 5353 5069 4930 5348 4690 5045 4983 4689 5159 5428 5503 5006 4871 4687 5074 5085 4658 5062 5174 5302 4972 4877 5119 5504 5324 5455 5278 5283 5015 4695 5135 5110 4670 4702 5187 5108 4603 5489 5660 5263 4973 5423 5272 4813 5127 5373 5106 5052 5188 5263 5019 5051 5192 5072 4950 5123 5145 5094 5294 5341 4934 5574 4640
5186 5518 5373 5452 5568 5245 5403 5585 5126 5121 5566 5605 5357 5643 5086 5361 5489 5665 5286 5581 5130 5550 5592 5393 5384 5450 5091 5678 4916 5693 5976 5569 5249 5511 5399 5601 5713 5611 5277 5189 5860 5235 5145 5276 5254 5331 5136 5443 5212 5260 5622 5583 5339 5271 5276 5133 6000 5117 5539 5992 5654 5772 5217 5013 5301 5126 5377 5301 5116 5204 5298 4409 5472 5352 5774 5713 5228 5542 5569 5662 5167 5115 5589 5267 5224 5446 5104 5800 5456 5358 5623 5676 4901 5547 5157 5555 5194 5301 5137 5118 5471 5663 5690 5322 5223 5461 5521 5247 5400 5515 5005 5371 5236 5711 5440 5520 5368 5313 5402 5423 5594 5447 4979 5494 5453 5240 5170 5841 5362 5436 5611 5446 5837 4978 5556 5327 5933 5836 4979 5611 5534 5673 5663 5372 5459 5747 5064 5080 5545 5570 5925 5405 5717 4840 5328 5357 5610 5046 5485 5632 5777 5203 4859 5270 5283 5514 5449 5940 5206 4875 5532 5196 5362 5795 5073 5572 5340 5505 5444 5646 5449 5574 5305 5621 4968 5136 5631 4862 5139 5277 4727 5833 5690 5273 5527 5124 5442 4637 5372 5458 4957 5454 5516 5663 5423 5206 4914 5570 5185 5117 5298 5222 5409 5262 5129 5202 5693 5352 5497 5504 5419 5401 4927 5031 5419 4740 5384 5428 5247 4820 5703 5702 5686 5232 5446 5325 5287 5209 5462 5312 5406 5198 5526 5259 5033 5287 5037 5419 5358 5411 5508 5734 5514 5579 5718 5007
4291 4873 4594 4959 4719 4638 4482 4841 4564 4413 4657 5029 4845 4973 4505 4671 4872 5047 4647 4773 4777 4852 4576 4676 4666 4861 4659 4838 4757 4376 4915 4766 4479 4845 4764 4852 4990 4984 4342 4652 4844 4667 4644 4379 4779 4276 4784 4734 4570 4762 4916 4573 4688 4686 4858 4540 4956 4471 4750 4967 4717 5007 4538 4498 4847 4274 4727 4957 4459 4645 4902 4225 4753 4529 4921 5196 4666 4670 4654 5029 4904 4940 4882 4392 4453 4740 4565 4669 4647 4515 5026 5029 4221 4962 4444 4851 4480 4712 4439 4800 4686 4539 5174 4793 4698 4765 4607 4728 5007 4551 4129 4696 4490 5067 4611 4934 4630 4833 4463 4934 4881 4650 4322 4539 4435 4381 4589 5122 4797 4777 4725 4672 4788 4291 4726 4593 4922 5095 4739 4750 4899 5312 4930 4910 4686 5157 4471 4752 4957 4640 4775 4752 5039 4338 4673 4421 4909 4646 4721 5027 4907 4813 4251 4724 4604 5039 4612 5196 4645 4824 4695 4548 4789 5043 4504 4877 4587 5193 4750 4714 4954 4931 4734 4860 4497 4694 4910 4238 4298 4585 4157 4960 4848 4476 4762 4602 4811 4285 4515 4926 4156 4871 5235 5033 4370 4528 4473 4925 4302 4156 4574 4524 4885 4499 4506 4687 4840 5075 4914 4779 4791 4464 4314 4679 4703 4166 4448 4588 4800 4343 5004 4994 4561 4546 4707 4651 4625 4371 4780 4864 4741 4666 5065 4577 4378 4800 4604 4503 4865 4910 4872 5052 4686 4547 4953 4250
4395 5109 5098 4914 5251 4830 5028 5221 4720 4796 5005 5006 5230 5497 4815 5041 5412 5306 5039 4801 5155 5072 4978 4853 4831 5063 5017 5288 4812 4767 5537 5340 4851 5114 4914 5038 5136 5023 4883 5184 5207 4977 5002 4560 4872 4729 5039 5293 4947 5108 4989 5171 5457 4707 4752 4820 5364 4676 5078 5047 4818 5422 4752 4855 4904 4463 4889 5114 4639 4945 4822 4198 4922 4992 5150 5364 4765 4869 5118 5370 4809 4900 4871 5048 4401 5092 4908 5055 5022 5030 5346 5431 4533 5208 4987 5004 4738 4909 4661 4933 4668 5113 5316 4942 4750 4887 5059 4982 4867 4893 4626 4951 4679 5527 4961 5108 4852 5066 4663 5107 5213 4892 4705 4879 4609 4656 4985 5255 5104 4929 5127 5256 5186 4450 5057 4826 5144 5284 4906 5162 5296 5129 5302 5095 5053 5462 5060 4938 5386 5136 5153 4995 5518 4412 5103 4957 5098 4850 5044 5354 5366 5275 4706 4956 4777 5171 4831 5670 4965 4797 4777 4752 4993 5327 4896 4879 4836 5050 5124 5060 4966 5202 5006 5077 4441 5168 5245 4349 4812 4752 4308 5038 5277 5008 5066 4773 5132 4485 5145 4720 4620 5077 5204 4998 4717 4926 4615 5386 4875 4538 5090 4885 5126 5203 4645 4791 5147 5078 5327 5003 4775 4665 4474 5023 4920 4462 4768 5031 5055 4552 5014 5609 5256 4837 4908 4875 4588 4850 5233 5101 5027 4793 5057 5128 4431 5330 4965 4883 4850 5030 5025 5331 4943 5034 4961 4635
4903 5001 4610 5067 4897 4450 4963 4725 4542 4718 5236 5093 4821 5237 4860 4816 5053 5264 4876 4901 4865 5187 5293 4860 4654 5127 4632 5104 4844 4834 5456 5216 4516 5103 5109 4784 5259 5212 4863 4800 5189 4921 4622 4861 4969 4634 4976 5131 4814 4900 5252 4780 4727 4886 5020 4830 5156 4589 5278 5030 5225 5208 4872 4656 5031 4588 4979 5197 5027 4836 4970 4290 5218 5018 5177 5310 4663 4880 5127 5022 4860 4758 5022 5007 4700 4837 4830 5080 4822 4937 5076 5234 4435 5143 4524 4817 4796 4808 4848 5017 5043 4875 5134 4798 4974 4934 4946 5059 4943 4935 4764 5074 4799 5410 5043 5326 4994 5035 5010 5007 5053 4664 4601 4669 5057 4729 4831 5156 4813 4921 5142 5454 5009 4787 4945 4983 5212 5260 4792 4761 5121 5121 5342 4811 4811 5313 4636 4985 5363 4924 5252 5082 5185 4580 5095 4933 5123 5015 5086 5156 5288 4961 4216 4969 5138 4930 4844 5399 5240 4733 4868 4901 5040 5371 4755 5040 5079 4892 5041 5044 5241 5177 4741 5058 4601 4759 5116 4381 4431 4805 4451 5186 5087 4821 5161 4437 5072 4405 4980 4675 4726 4858 5141 5343 4831 4715 4510 5339 4890 4572 4820 4843 4976 4932 4506 4851 5319 5071 5183 5035 4879 4851 4662 4871 4822 4634 4650 4889 4915 4305 5187 5224 5093 4938 5078 4806 4851 4880 4975 5013 4912 5207 5275 4803 4703 4915 4845 4821 4784 4582 4836 5332 4949 4953 5191 4493
4867 5223 5308 5267 5458 5365 4923 4924 5041 5023 5373 5081 4896 5557 5011 5145 5255 5580 5146 5153 5151 5219 5318 5061 5279 5061 4972 5352 5004 5039 5672 5391 4912 5379 5155 4986 5073 5213 4855 4984 5314 5123 4833 4720 4958 5009 5178 5368 5353 5287 5312 5198 5396 4954 4884 5044 5573 4776 5235 5357 5208 5601 4824 4948 5417 4456 5052 5113 4992 5162 4955 4401 5124 5074 5358 5356 4884 4852 5222 5614 4899 4698 4970 4850 4877 5275 5033 5319 5114 4831 5319 5246 4738 5280 4889 5111 5112 5420 5008 5342 4806 5299 5178 5060 5146 4882 4999 5212 5135 5380 4826 5111 4938 5320 5210 5326 5176 5221 5126 5291 5689 5148 4777 5322 5019 5105 5060 5258 4865 5058 5181 5255 5138 4584 4951 4976 5541 5647 4779 4966 5604 5335 5573 5073 5261 5462 5252 5032 5518 5103 5389 5181 5727 4819 5123 5296 5380 5184 5366 5451 5434 5034 4839 5065 5088 5229 5296 5403 5120 5028 5166 4878 5138 5345 4859 5081 5394 5270 5272 5033 5269 5501 4910 5437 4769 4899 5438 4526 4873 4925 4577 5231 5332 5023 5237 4986 5196 4771 5100 5201 4637 5088 5213 5364 4856 4731 4520 5307 4943 4729 5215 4954 5468 5330 5051 5239 5425 5315 5308 5228 5141 4896 4726 4746 4888 4657 4975 5184 5158 4830 5441 5477 5179 4870 5369 5043 5062 5208 5004 5152 4867 5409 5368 5069 4905 5047 4976 4918 4997 5068 5136 5333 5082 5026 5418 4457
4553 4922 4924 4997 5173 5002 4953 4868 4656 4709 4976 5246 4828 5268 4790 4697 4806 5272 4925 5019 4787 4987 4906 4683 4621 4984 4639 5018 4843 4948 5111 5196 4671 5047 5125 4905 5098 5168 4806 4970 5137 4843 4681 4860 4698 4766 4835 4918 4996 4853 4876 4848 4920 4891 4750 4880 5168 4623 5100 4670 5017 5058 4652 4762 4750 4785 4637 4979 4790 4730 4764 4187 4970 4923 4931 5241 4411 4731 4650 4945 4754 4973 4905 4946 4524 4767 4876 5066 4730 4663 5069 4843 4383 4909 4634 4925 4659 4990 4711 5112 4676 4608 5377 4902 4982 5083 4825 5050 5075 4627 4581 4970 4555 5179 4899 5152 4839 4882 4684 4768 5176 4723 4622 4800 5039 4686 4594 5217 4757 4861 4927 4870 4880 4648 4914 4516 5010 5015 4634 4929 4979 5298 5453 4796 4796 5286 4843 4699 5158 5017 5241 4607 5091 4344 4835 4652 4991 4686 5015 4805 5174 4909 4229 4999 4934 5032 4935 5429 4910 4573 4848 4536 4698 5137 4676 4724 4919 4989 5102 5042 4822 5104 4933 5198 4618 4926 5093 4631 4570 4847 4453 5027 5053 4803 4903 4643 4877 4207 4783 4976 4564 4912 4942 5326 4611 4641 4379 5141 4724 4550 4788 4735 4989 4557 4502 4908 5128 5021 4752 5056 4904 4482 4647 4686 4804 4406 4505 5013 4845 4514 4934 5182 5050 5011 4945 4938 4811 4772 5226 4933 4683 4939 5168 4788 4345 4920 4683 4754 4775 4575 4966 5232 4723 4547 4974 4446
4444 4825 5134 5162 4946 4637 4844 5101 4596 4924 5057 5037 4740 5243 4634 5020 5048 5386 5110 5137 4716 4869 4894 4692 4809 4823 4640 4845 5060 4813 5261 5096 4661 5364 5048 5017 5133 5175 4794 4828 5087 4801 4734 5066 4919 4467 4874 4944 4950 5139 4923 5102 4980 4742 4842 4834 5289 4335 4934 5097 4792 5238 4739 4910 5007 4575 4816 4860 4816 4984 4939 4030 4945 4812 4946 5309 4480 4758 4864 5132 4703 4806 5134 4754 4703 4981 4462 5001 5047 4651 5206 5184 4322 4717 4746 5050 4679 4587 4898 5023 4787 4820 4934 4916 4842 4792 4915 4819 5217 4882 4522 5208 4598 5204 5009 5405 4837 4819 4443 4510 5301 4616 4650 5126 4694 4834 4765 5333 4906 5144 5051 5187 5017 4537 5210 4796 5112 5011 4548 5024 5120 5069 4986 5122 4985 5327 4961 5278 5112 5042 5128 4632 5331 4756 4939 4846 4975 4954 5060 5111 5370 4790 4399 5114 5054 5133 5003 5149 4872 4841 4801 4944 4913 5383 4878 4569 4876 5089 5112 4902 4695 5387 4903 5203 4760 5097 5173 4388 4650 5090 4297 5313 4937 4870 4886 4771 5060 4336 4773 4876 4600 4853 5199 5118 4725 4764 4446 4947 4911 4597 4787 4703 4829 4793 4660 4892 5116 5060 5074 4929 4723 5014 4518 4844 4910 4491 4569 4971 4767 4587 5293 5377 5066 4537 5024 4982 4483 4614 5078 5033 4932 5030 5127 4813 4604 5014 4863 4738 4813 4888 4990 5115 4932 4914 5087 4415
4894 5155 5084 5376 5459 4765 5252 5345 4940 4794 5322 5399 5026 5693 5047 5217 5188 5623 4815 5358 5155 5254 5235 5023 5096 5333 5050 5203 5000 5069 5655 5410 5119 5153 5174 5315 5046 5401 5182 5103 5384 5245 5192 5047 5000 4936 4967 5297 5064 5205 5274 5188 5152 4918 5002 5146 5171 5179 5290 5195 5342 5450 4843 5108 5336 4640 4928 5241 4931 5178 5050 4207 5224 5043 5403 5712 4902 5105 5298 5402 5379 5127 4956 5080 4923 4889 4799 5363 5357 5329 5259 5150 4663 5122 4730 5374 4882 5012 5076 5074 4990 4829 5397 5273 5076 5086 5221 5115 5326 5101 5011 5287 4642 5578 5347 5568 4880 4996 4944 5227 5352 4953 4867 5191 4897 4971 4840 5749 4860 5204 5559 5379 5440 4750 5107 5386 5291 5400 4922 5102 5214 5379 5607 5241 4933 5440 4998 4812 5558 5308 5562 5082 5613 4520 5075 4978 5476 4827 5429 5582 5407 5135 4710 5364 5275 5321 5187 5586 5200 5050 5165 4916 5030 5407 4812 5314 5158 5251 5439 5263 5397 5348 5046 5394 4784 4723 5363 4609 4624 5321 4604 5531 5200 5043 5417 4829 5384 4693 5077 5311 4774 5473 5233 5248 5111 5019 4545 5376 4974 4615 5090 4826 5317 5076 4831 5230 5273 4983 5272 5411 5045 4864 4742 4963 4927 4775 4903 5105 5353 4708 5303 5354 5311 4917 5256 4925 4964 4718 5185 5205 5343 5511 5401 5099 4897 5319 5039 4836 5195 5119 5192 5295 5163 5180 5378 4951
4983 5409 5233 5563 5484 5027 5144 5166 4907 4841 5250 5258 5367 5474 5127 5313 5445 5790 5381 5191 5262 5399 5592 5285 5486 5492 5331 5398 5226 5190 5804 5393 5186 5285 5459 5454 5394 5504 5103 5189 5752 5475 4875 5103 5180 5041 5284 5474 5195 5332 5421 5176 5330 5091 5257 5171 5810 5138 5752 5482 5650 5771 4933 5096 5421 4867 5232 5535 5110 4987 5107 4638 5205 5348 5395 5760 5088 5313 5371 5578 5358 5202 5523 5345 4908 5420 5055 5436 5270 5233 5653 5712 4815 5425 5034 5239 5076 5319 5162 5180 4866 5110 5749 5227 5309 5353 5611 5503 5556 5278 4854 5386 4886 5657 5421 5604 5387 5405 5243 5190 5574 5283 4668 5123 5106 5154 5399 5626 5056 5223 5610 5466 5252 4976 5440 5179 5781 5840 5022 5474 5553 5449 5557 5248 5497 5906 5020 5045 5620 5373 5813 5218 5666 4663 5202 5490 5895 5121 5507 5587 5373 5325 4589 5299 5335 5515 5444 5619 5283 5136 5206 5218 5345 5607 4876 5453 5346 5469 5419 5496 5626 5647 4982 5319 5001 5139 5624 4720 4949 5221 4553 5907 5861 5221 5401 5191 5640 4584 5344 5383 5101 5393 5429 5468 4975 5186 4878 5761 5062 4946 5318 5344 5445 5396 5020 5221 5561 5577 5587 5088 5242 5300 4878 5145 5404 4843 5037 5393 5044 4740 5403 5749 5337 5134 5590 5342 5161 5152 5448 5343 5288 5119 5612 5388 4777 5306 5116 5100 5593 5081 5348 5219 5530 5355 5617 4986
4834 5284 5031 5063 5229 4806 5089 5133 5010 4927 4940 5177 4897 5261 5024 4857 5079 5304 5053 5028 4920 4969 5193 5062 4978 5124 4829 5446 4992 5033 5331 5249 4895 5246 5049 5203 5341 5434 4633 5161 5442 4962 5067 4760 5125 4888 4927 5078 5240 5238 5178 4678 4952 4753 5231 4821 5285 4919 5332 5234 5182 5628 4750 4918 4995 4461 5007 5240 5036 5234 5266 4396 5127 5055 5254 5694 4843 4875 5243 5384 5040 4938 5189 5089 4673 5082 4936 5330 4816 4847 5195 5422 4496 5109 4707 5221 4840 5031 4880 5042 5075 5143 5274 5094 4881 4913 4902 4981 5016 4981 4951 5377 4772 5319 5208 5473 4986 4853 4968 5002 5446 5161 4557 5164 4962 4990 4995 5391 5102 5326 5285 5350 5460 4646 5238 5014 5578 5296 4741 5005 5297 5283 5363 5281 4982 5461 4874 4986 5526 5196 5506 5015 5522 4757 5129 5206 5697 5260 5288 5399 5481 5169 4718 5236 5382 5260 5126 5559 5096 5008 4909 5082 4766 5540 4983 5064 5103 5101 5240 5202 5245 5380 5067 5222 4981 4925 5244 4548 4569 5141 4515 5174 5469 4804 5022 5140 5323 4669 5052 5023 4516 5299 5038 5198 4826 4857 4728 5214 4656 4647 5053 4764 5055 5195 4477 5243 5514 5072 5317 5047 5054 4825 4600 4756 5351 4673 4888 4955 4923 4743 5403 5508 5307 4815 5435 5102 4921 4919 5155 5302 5045 5111 5251 4974 4902 5542 4801 4992 4830 5026 5065 5459 5038 5159 5203 4557
4915 5195 5183 5160 5469 5241 5458 5029 5214 5197 5316 5410 5338 5449 5288 5192 5277 5717 5375 5204 5097 5699 5398 5185 5090 5445 5154 5266 5257 5340 5651 5452 4963 5419 5148 5413 5177 5492 4967 5194 5406 5375 5001 5136 5411 5087 5369 5404 5409 5189 5148 5181 5451 5114 5258 5372 5768 4780 5251 5473 5366 5719 5269 5216 5195 4949 5099 5271 5010 5377 5071 4756 5354 5352 5482 5486 4788 5158 5458 5374 4938 4941 5245 5292 5031 5193 5125 5504 5114 5348 5471 5647 4907 5347 4777 5458 5180 5348 5076 5353 5257 5165 5695 5385 5183 5136 5480 5122 5553 5239 5066 5483 5251 5459 5554 5570 5323 5182 4901 5480 5339 5262 4947 5188 5199 5054 5178 5554 5150 5098 5318 5538 5475 4732 5275 5257 5663 5730 5223 5160 5202 5611 5634 5371 5194 5940 5089 5257 5772 5410 5927 5011 5709 4708 5227 5263 5552 5084 5511 5544 5296 5372 4952 5396 5184 5387 5301 5773 5229 4836 5267 5045 5395 5446 5029 5380 5263 5480 5381 5150 5429 5637 5141 5707 5323 5188 5462 4510 4837 5153 5069 5405 5669 5345 5220 5369 5335 4692 5179 5413 4939 5332 5453 5630 5068 5054 4855 5360 5001 4695 5281 5263 5323 5136 4917 5208 5612 5587 5452 5297 5282 5327 4993 5164 5190 4931 4901 5377 5030 4732 5543 5859 5459 4985 5574 5217 5264 5242 5395 5372 5063 5182 5336 5232 5096 5573 5028 5077 5046 5283 5426 5606 5100 5352 5616 4699
5019 5395 5308 5350 5469 5085 5424 5245 5244 5028 5419 5519 5038 5801 5109 5192 5523 5559 5724 5249 5328 5674 5443 5444 5027 5503 4958 5368 5349 5293 5769 5747 5077 5349 5402 5456 5495 5661 5015 5313 5633 5337 5103 5001 5126 4951 5050 5341 5151 5363 5002 5135 5430 5137 5242 5197 5827 5022 5507 5462 5473 5592 5120 4957 5449 4944 4922 5386 5150 5345 5225 4554 5436 5059 5524 5641 4981 5177 5284 5368 5022 5134 5127 5491 5129 5200 5099 5613 4973 5207 5430 5482 4796 5227 5167 5417 5030 5101 5303 5480 5367 5221 5482 5247 5260 5242 5215 5177 5069 5376 5115 5378 5136 5733 5107 5528 5146 5244 5245 5432 5641 5182 4815 5197 5111 5240 5159 5629 5288 5370 5412 5638 5500 4980 5264 5100 5678 5683 4922 5420 5420 5765 5717 5270 5207 5531 5271 5517 5573 5372 5711 5471 5457 4751 5176 5156 5319 5170 5029 5627 5640 5161 4955 5141 5233 5675 5022 5787 5260 4976 5194 5123 5538 5686 5027 5050 5430 5550 5288 5229 5181 5531 4914 5649 4932 4981 5656 4706 4916 5509 4899 5360 5466 5450 5390 5041 5447 4629 5190 5308 4779 5470 5445 5678 5179 5124 4877 5543 5178 5049 5280 5316 5098 5442 4990 5251 5686 5375 5482 5502 5236 5208 5049 5289 5336 4792 5207 5255 5264 4773 5483 5502 5635 5168 5367 5356 5257 5363 5489 5266 5005 5468 5326 5135 5432 5591 5230 5182 5088 5162 5175 5726 5220 5320 5679 4902
4970 5091 5269 5347 5145 4961 5351 5174 4858 4972 5150 5317 5086 5470 4800 5079 5086 5554 5086 5243 5037 5400 5492 5230 4808 5170 4977 5091 5135 4938 5716 5578 4908 5465 5261 5337 5251 5073 4893 5083 5405 5203 5000 5157 5084 4935 5112 5055 5154 5131 5276 5208 5004 4611 5229 5133 5550 5075 5402 5107 5294 5390 4906 5286 5452 4460 5188 5241 5249 5141 5370 4652 5391 5063 5182 5595 4706 5229 5108 5140 5361 5031 5266 4937 4817 5266 4947 5570 5112 5000 5444 5446 4714 5000 4721 5452 5271 5244 4986 5209 5170 4979 5691 5206 5040 5250 5173 5162 5293 5194 4838 5419 5026 5510 5222 5369 5329 5039 4964 5306 5540 5177 4766 5102 5110 4891 5153 5784 5511 5302 5519 5279 5257 4833 5263 5076 5662 5445 5003 5032 5305 5728 5358 5070 5141 5652 5036 5128 5423 5352 5685 5116 5669 4720 5078 5249 5383 5010 5148 5345 5449 5241 4845 5098 4940 5392 5205 5544 5214 5095 5237 5157 5404 5645 5083 5185 4948 5324 5532 5209 5312 5737 5097 5306 5077 5214 5290 4845 4780 5199 4807 5308 5484 5138 5292 4954 5304 4430 5214 5224 4935 5202 5409 5628 4964 4905 4750 5261 5062 4909 5145 5001 5335 5262 4761 5364 5591 5239 5340 5278 5163 5157 4932 5041 5083 4764 4875 5425 4939 4663 5453 5576 5405 4867 5158 5162 5034 5305 5131 5388 5147 5088 5324 5249 4949 5322 5092 5228 5137 5080 4948 5355 5140 5020 5549 4621
4717 5166 5025 4967 5174 5026 5130 5102 4937 4970 5049 5017 4702 5216 4848 5043 4969 5555 5019 5130 4945 5172 5178 4957 4777 5071 4694 5093 4891 5079 5531 5067 4758 5041 5327 5113 5163 5047 4871 4923 5331 4799 4832 4867 4964 4629 4813 5155 5176 4918 5225 4978 4815 4788 4745 4875 5211 4757 4994 5288 5082 5115 5028 4846 5120 4636 4764 4924 4835 5009 5017 4304 5170 4948 5268 5213 4428 4720 5095 5167 4837 4809 5069 5130 4792 4970 4800 5320 5147 4903 5170 5301 4468 4985 4705 5183 4589 5141 4771 4926 4992 4915 5281 4819 4958 5361 5004 5084 5137 4961 4860 5230 4756 5256 4992 5332 5142 4833 4767 5071 5381 4769 4534 5024 4785 4988 4838 5340 5041 4905 5073 5060 5036 4666 5071 4789 5351 5426 4623 4998 4796 5390 4946 4832 4918 5267 4843 4785 5300 5095 5291 4852 5338 4342 5359 5153 5256 5016 4825 5219 5245 4777 4719 5014 5008 5059 4975 5378 5019 4701 5151 4922 5038 5422 4531 5088 5128 5019 5254 5156 4964 5280 4827 5212 4735 5000 4930 4755 4737 4927 4407 5196 5318 5209 5232 4781 5071 4447 4892 5059 4659 4986 5295 5259 5097 4519 4310 5019 4663 4572 5109 4899 5039 4939 4693 5090 5282 4939 5089 4993 4922 4924 4643 4771 4838 4531 4643 4956 4887 4593 5343 5365 5013 4935 5118 4986 5013 4791 5193 4965 4942 4998 5285 5055 4569 4734 4612 4755 4841 4905 4983 5266 4939 4833 5212 4660
4499 4810 4781 4968 4970 4782 4835 4891 4695 4536 5187 5076 4884 5133 4930 4860 5176 5309 5179 4807 4911 5199 5095 4896 4564 5020 4763 4990 4812 4828 5488 5245 4609 5101 4925 5345 5171 5076 4805 4931 5252 4667 4861 4589 4714 4789 4886 5363 4962 5015 4882 4994 5074 4797 4614 4766 5229 4911 5082 4978 4983 5240 4705 4644 4893 4356 4915 4920 4483 4836 4818 4097 5240 5113 4895 5173 4317 4846 5054 5382 4945 5067 4930 5025 4628 5225 5078 5389 4682 5093 5133 5315 4460 4941 4563 4893 4842 4927 5036 4968 4890 4776 5104 4909 5091 5027 4836 5080 4916 4724 4591 4812 4702 5220 5063 4963 5039 4912 4846 4954 5176 4946 4421 4888 4736 4650 4660 4923 4951 4833 5370 5143 4980 4459 5077 4964 5182 5279 4700 4928 5094 5410 5145 4972 4930 5547 4753 4768 5495 5041 5159 4739 5497 4428 4962 4881 5210 4629 5053 5303 5330 4714 4294 4852 4817 5305 5237 5276 5027 4720 4788 4609 4681 5268 4328 4934 4947 5052 5031 5051 5136 5063 4967 5200 4382 4829 5290 4247 4375 5020 4300 4981 5058 4707 4736 4662 4785 4315 4809 5027 4454 5017 5194 5099 4687 4529 4399 5284 4591 4388 4802 4977 5246 5065 4541 4871 5309 5096 5037 4841 5085 4798 4365 4729 4918 4245 4680 4824 4993 4519 4818 5311 5420 4984 5132 5100 4831 4575 5166 4955 4959 5189 5201 4919 4793 5193 4598 4947 4866 5120 4828 5315 4810 5054 5186 4641
4794 5234 4981 5449 5354 5248 5167 4708 4746 4866 5274 5268 5016 5420 4958 5120 4913 5487 5268 5162 5024 4904 5164 4940 5037 5271 4854 5148 4794 4864 5771 5531 4856 5014 5296 5112 5102 5298 5049 5128 5455 5135 4773 4887 4938 5056 5071 5273 5264 4875 5104 4996 4966 5017 5036 5125 5503 4807 5246 5151 5144 5402 5023 4721 4874 4582 4880 5302 4899 4880 4910 4324 5243 5253 5144 5323 4789 4721 4995 5271 4966 4932 4982 5060 4857 4984 4833 5448 4972 5320 5337 5282 4599 5100 4608 4983 4778 5173 4690 5193 5110 5063 5303 4980 5147 5110 5146 5173 5151 4923 4747 5325 4815 5204 5145 5543 5128 5156 5002 5064 5203 5076 4864 5182 5141 4873 4880 5423 5240 5079 5184 5194 5190 4846 5003 4996 5538 5467 4781 4961 5305 5323 5496 5195 4978 5407 4947 5130 5232 5258 5431 4906 5602 4536 4968 5113 5427 4926 5079 5268 5613 5076 4451 5065 5132 5113 5153 5376 5165 4982 5254 5048 4981 5134 4688 5014 5107 5012 5027 5201 5382 5153 4850 5226 4805 5230 5350 4528 4575 5017 4614 5186 5279 5228 4967 4697 5216 4735 4860 4835 4618 5120 5221 5329 4859 4807 4605 5401 4685 4577 4731 5081 5091 5371 4418 5281 5361 5371 5208 5442 5040 4974 4490 4822 5070 4807 4732 4939 4975 4328 5271 5363 5149 4902 5384 5255 4945 5192 5221 4964 4907 4982 5176 5130 4654 4975 4681 4913 5056 4965 4926 5348 5170 5057 5202 4799
4990 5241 5205 5469 5348 5245 5409 5230 5099 5081 5424 5663 5303 5773 5114 5323 5523 5412 5595 5495 5055 5873 5576 5327 5359 5538 5034 5529 5103 5214 5790 5752 5145 5478 5332 5342 5561 5595 5135 5589 5520 5243 5222 5007 5269 5180 5238 5448 5402 5288 5395 5282 5253 4990 5077 5211 5693 4832 5519 5395 5515 5631 5120 5030 5351 5046 5222 5330 5156 5362 5166 4592 5386 5413 5467 5725 4964 5095 5432 5773 5227 5194 5613 5258 5272 5295 5134 5547 5244 5122 5538 6059 4731 5248 4979 5492 5219 5206 4720 5440 5118 5353 5289 5193 5286 5500 5722 5346 5552 5142 5059 5558 5018 5478 5389 5489 5319 5084 5203 5293 5358 4955 5018 5411 5327 5482 5095 5868 5205 5404 5736 5436 5619 4834 5553 5307 5450 5747 5271 5358 5523 5669 5543 5478 5210 5761 5298 5230 5568 5328 5654 5394 5769 4789 5615 5301 5478 5189 5575 5745 5809 5272 5030 5268 5166 5302 5428 5892 5222 5092 5108 5195 5552 5832 5072 5399 5613 5752 5745 5164 5702 5663 5226 5686 5171 5294 5733 4838 4963 5076 4924 5613 5540 5409 5301 4898 5571 4831 5510 5271 4846 5612 5450 5633 5144 5141 4879 5709 5174 4800 5619 5261 5376 5485 5079 5158 5746 5310 5519 5419 5044 5324 4872 5296 5352 4733 5145 5480 5238 4794 5395 5878 5478 5173 5283 5191 5354 5216 5503 5356 5128 5355 5298 5299 5019 5360 4992 5152 5231 5557 5202 5888 5613 5684 5719 4718
4552 5225 4915 5176 5040 5250 5038 5172 4981 5158 5079 5186 5154 5493 4939 5281 5033 5411 5161 5080 5022 5368 5488 4818 5086 5331 4922 5311 4981 4911 5489 5469 5058 5455 5249 5264 5242 5220 4997 5223 5293 4930 5087 4961 5072 4950 4979 5301 5155 5165 4976 5350 5243 5110 4950 4992 5525 5025 5276 5223 5304 5596 4799 4817 5418 4494 5138 5330 4725 5103 4923 4550 5204 5178 5170 5273 4754 4801 5324 5328 5013 5076 5057 4982 4885 5145 5006 5341 5190 5026 5189 5122 4753 5275 4759 5054 4869 5065 4770 5288 4995 5206 5363 5110 5257 5124 5072 5232 5358 5046 4721 5255 4785 5336 5125 5426 5073 5091 4978 5343 5183 5191 4653 5126 4916 5003 4835 5286 5252 5012 5234 5117 5396 4553 5194 4858 5495 5342 5004 4812 5255 5481 5297 5239 5012 5383 4871 5047 5294 5305 5339 5008 5580 4835 5106 5022 5286 4926 5168 5344 5117 5045 4693 5267 5029 5392 5321 5453 4990 4976 5109 4947 5066 5084 4786 5094 5048 5226 5157 5277 5323 5379 4934 5276 4812 5391 5357 4757 4683 4955 4615 5238 5530 4961 5268 4962 5197 4718 5054 5235 4788 5188 5436 5511 5019 4849 4712 5211 4799 4723 5063 5066 5108 5114 4715 5060 5392 5322 5416 5076 5226 4805 4594 5096 5093 4541 4824 5111 4879 4642 5459 5456 5521 4837 5471 5087 5006 4758 5431 5102 5110 5252 5215 5074 4813 5092 4882 4906 4967 4951 5027 5403 4924 4933 5239 4611
4926 5199 5216 5294 5306 5088 5341 5010 5032 5172 5422 5353 5178 5575 4988 5066 5142 5623 5154 5160 5143 5494 5421 5228 4875 5621 5129 5395 5036 5262 5584 5443 4981 5430 5472 4967 5221 5266 5071 5102 5408 4981 5172 5085 5194 5042 5315 5421 5230 5109 5236 5251 5126 5080 5073 4975 5729 4893 5454 5297 5123 5574 5033 5064 5337 4651 5200 5085 5227 5270 5270 4324 5662 5252 5385 5332 4748 4711 5217 5305 5056 5117 5212 5040 4796 5334 5219 5424 5033 5359 5306 5591 4726 5176 4703 5259 5226 5268 4999 5251 5271 5277 5402 5442 5306 5139 5268 5333 5408 5472 4812 5650 4903 5481 5344 5364 5280 5094 5136 5237 5576 5238 4677 5327 5056 4976 5118 5418 5112 5209 5242 5477 5165 4702 5398 5042 5643 5409 5099 5290 5191 5595 5493 5319 5137 5305 4910 5280 5525 5302 5628 5259 5750 4530 5303 5280 5467 5281 5182 5431 5432 5118 4960 5326 5292 5510 5281 5616 5247 5132 5253 5142 5236 5415 5045 5302 5341 5278 5319 5269 5294 5510 5283 5145 4907 5099 5402 4885 4752 5154 4806 5081 5504 5309 5207 4856 5241 4480 5326 5078 4950 4967 5283 5641 5115 5144 4474 5295 4913 4897 5253 5319 5269 5245 4578 5109 5870 5273 5259 5297 4988 5093 4546 5190 5114 4818 4822 5164 5041 4826 5305 5510 5397 5183 5170 4976 5242 5232 5506 5289 5088 5245 5216 5214 5072 5163 4931 4997 5184 5182 5063 5645 5368 4954 5486 4621
4928 5141 5045 5157 5328 5051 5165 5143 5240 4983 5562 5341 5054 5773 5097 4939 5021 5623 5175 4960 5076 5226 5347 5091 5027 5227 5232 5175 5024 4825 5678 5459 4855 5345 5338 5429 5257 5376 4808 4973 5527 4967 4833 4757 5442 5020 5097 5263 5351 5253 5154 5063 5409 4974 5196 5239 5512 5023 5106 5331 5342 5490 4795 5272 5173 4858 5179 5222 5366 5303 5037 4384 5289 5114 5520 5519 4757 4869 5334 5454 5246 5062 5113 5056 5135 5149 4781 5459 5051 5102 5432 5491 4723 5040 4912 5236 5040 4874 4974 5096 5230 5047 5449 5167 5232 5297 5223 5041 5389 5092 4871 5172 5080 5382 5227 5255 5334 5301 5109 5192 5403 5224 4627 5020 5218 4979 4993 5529 5283 5096 5507 5526 5278 4655 5114 4774 5379 5420 4885 5128 5399 5321 5342 5414 5264 5783 5291 5215 5401 5290 5319 5220 5822 4714 5246 5448 5372 4952 5242 5430 5403 5026 4769 5491 5053 5354 5061 5800 5314 5095 5174 5126 5208 5430 4835 5279 5210 5296 5363 4987 5027 5530 5082 5545 4887 5169 5132 4490 4793 5150 4656 5338 5478 5037 5136 5012 5387 4703 5365 5235 4859 5191 5447 5648 5085 5107 4589 5525 5012 4876 5322 4829 5153 5279 4936 5086 5647 5292 5652 5424 5027 5201 4792 5122 5176 4635 4923 5272 5110 4825 5583 5624 5134 4933 5064 5284 4998 5224 5436 4917 5012 5307 5148 4892 5092 5412 5311 4823 5242 5123 5188 5409 4905 5293 5593 4578
4913 5496 5539 5404 5481 5388 5510 5369 5200 5173 5507 5773 5145 5758 5052 5066 5370 5606 5348 5379 5254 5704 5667 5313 5493 5447 5140 5610 5235 5379 5614 5632 4877 5505 5369 5473 5537 5593 5190 5443 5597 5293 5120 5160 5305 4942 5393 5444 5516 5635 5279 5224 5597 5339 5319 5232 5754 4997 5384 5668 5559 5534 5129 5305 5629 4875 5261 5470 5420 5455 5190 4721 5304 5328 5389 5679 5048 5154 5352 5721 5078 5121 5427 5071 5070 5364 5169 5717 5097 5277 5599 5867 4964 5362 5019 5460 5247 5264 5228 5474 5334 5045 5327 5302 5202 5054 5417 5506 5446 5582 4865 5599 4991 5596 5438 5502 5150 5563 4996 5759 5828 5422 5038 5528 5188 5203 5016 5638 5358 5537 5395 5616 5574 4976 5528 5266 5628 5559 5037 5291 5359 5526 5700 5526 5465 5755 5375 5633 5555 5406 5678 5325 5622 5014 5392 5541 5525 5537 5405 5751 5652 5148 5092 5319 5452 5761 5360 5828 5382 5240 5023 5188 5445 5610 5159 5426 5480 5601 5465 5484 5692 5782 5245 5863 5269 5044 5534 4795 4959 5003 5243 5607 5612 5293 5228 5262 5608 4822 5366 5505 5055 5423 5476 5774 5306 5233 4866 5469 5170 4977 5547 5037 5302 5393 5103 5232 6091 5477 5342 5978 5163 5535 4893 5120 5350 4785 5268 5537 5249 4856 5690 5408 5542 5219 5293 5206 5160 5365 5376 5218 5031 5349 5471 5318 5180 5494 5211 4938 5346 5149 5430 5530 5346 5264 5804 4700
4671 5117 5115 5134 4966 5104 4978 5168 4945 4978 5245 5270 4879 5467 5053 5429 4969 5656 5209 4991 4967 5381 5265 4824 4728 5065 4878 5119 4993 4925 5583 5336 5065 5370 5286 5250 5315 5105 4972 4945 5395 5156 4970 4975 4997 5085 4920 5318 5266 5173 5361 5245 5034 5103 5041 4994 5319 4785 5446 5255 5053 5404 4994 4812 5193 4662 4945 5300 4956 5090 4959 4435 5247 5067 5154 5416 4821 5073 5226 5276 4793 4857 5244 5321 4901 5212 5014 5474 5227 5074 5559 5337 4664 5113 4622 5269 4935 4811 4996 5205 4956 5031 5217 4930 5142 5418 5034 5043 5438 4938 4809 5296 4977 5399 5280 5423 5227 4956 4854 5151 5227 5070 4601 5086 5095 5151 5000 5520 5090 5048 5289 5342 5223 4582 5163 4851 5474 5418 4958 5229 5215 5307 5186 5103 5198 5457 4990 5242 5542 5134 5303 5071 5632 4610 5135 5188 5307 4877 5281 5219 5516 5011 4795 5219 5267 5314 5179 5377 5227 5053 4982 4864 5180 5490 5187 5127 5174 5269 5275 5104 5185 5561 4976 5287 4955 4997 5305 4375 4480 4928 4492 5349 5429 4963 5297 4925 5116 4581 5114 4939 4660 5272 5480 5199 4801 4782 4758 5334 5053 4836 5016 5131 5005 5118 4886 5127 5183 5293 5244 5071 4934 4840 4660 5147 4905 4453 4613 5155 4743 4666 5484 5542 5371 4998 5258 4922 4860 5081 5367 5121 4961 5145 5403 5095 4969 5104 4825 5077 4983 5096 5021 5437 5094 5291 5306 4772
4640 5095 5028 5107 5424 5297 5128 4935 5215 4957 5259 5219 4954 5423 4852 4832 5189 5193 5412 5214 4969 5324 5128 5071 4772 5131 4833 5137 5004 5057 5429 5367 4969 5146 5204 5107 5111 4920 4572 5171 5336 5078 4964 4674 5010 5029 4818 5325 4796 5178 5080 4977 5127 4791 4921 4924 5476 4830 5311 5260 5076 5656 4837 4854 4971 4583 4698 5247 5013 4864 5016 4453 5182 4875 5027 5137 4828 4980 4885 5013 4842 4643 4932 4942 4781 4838 4870 5079 5053 5043 5356 5199 4704 5021 4609 5262 4985 4944 4879 4963 4981 5220 5219 5063 5083 4980 4997 4895 4975 4979 4859 4945 4761 5161 5041 5142 5241 5157 5133 5120 5509 4849 4703 5172 4746 4736 4819 5562 4954 4841 5103 5151 5406 4563 5058 4865 5219 5342 5008 4950 5308 5366 5644 5144 5190 5442 4995 4793 5524 5125 5226 4806 5485 4572 5121 4989 5339 5043 5116 5375 5210 5038 4765 5030 5087 5148 5053 5673 5090 4816 4941 4856 5049 5312 4807 4948 5225 5177 5330 5008 5001 5421 4788 5406 4792 4713 5198 4478 4636 4975 4685 5045 5311 4781 5272 4713 5120 4437 5343 4888 4770 4913 5418 5253 4759 4704 4685 5354 5120 4464 5271 4906 4885 5196 4837 5293 5154 5263 5112 5086 4814 4868 4495 4749 4915 4604 4951 5075 4929 4604 5289 5424 5189 4743 5045 5099 5256 5011 5374 4848 4641 5018 4947 4844 4902 5069 5056 4762 4896 4878 5220 5352 5140 4984 5433 4535
4920 5327 5285 5522 5646 5255 5542 5397 5384 5204 5456 5303 5357 5638 5266 5406 5593 5772 5514 5479 5231 5897 5413 5362 5428 5381 5020 5558 5500 5482 5845 5732 5185 5678 5373 5478 5467 5491 5338 5338 5744 5471 5513 4886 5322 5341 5496 5534 5462 5484 5691 5443 5342 5222 5439 5337 5790 5248 5805 5355 5465 5893 5126 5185 5527 5142 5416 5526 5277 5102 5237 4942 5473 5415 5796 5668 5021 5189 5648 5694 5205 5585 5409 5402 5227 5449 5342 5426 5220 5507 5677 5926 4857 5455 4993 5621 5494 5332 5022 5378 5210 5309 5230 5384 5480 5547 5509 5298 5520 5304 5136 5639 4992 5606 5592 5684 5347 5497 5217 5324 5482 5153 5041 5452 5126 5130 5429 5909 5087 5320 5627 5611 5737 5086 5469 5411 5898 5493 5218 5403 5329 5609 5700 5210 5360 5501 5332 5318 6022 5464 5968 5347 5959 4995 5233 5524 5654 5063 5549 5670 5772 5390 4960 5396 5245 5412 5528 5868 5612 5121 5532 5232 5409 5767 5159 5401 5540 5611 5631 5597 5538 6108 5316 6082 5197 5400 5667 4981 4891 5441 5061 5839 5675 5547 5387 5082 5521 4970 5158 5329 4977 5424 5575 5598 5450 5036 5077 5611 5237 4728 5657 5393 5663 5338 5343 5187 5793 5623 5311 5434 5111 5310 4964 5206 5383 4943 5070 5178 5409 4915 5682 5755 5610 5150 5762 5382 5562 5177 5685 5266 5362 5363 5374 5199 5204 5304 5062 5415 5294 5437 5353 5608 5479 5770 5765 4934
5348 5737 5311 5469 5598 5276 5630 5451 5172 5163 5556 5610 5582 6057 5352 5477 5328 5912 5378 5443 5486 5798 5719 5391 5211 5661 5490 5745 5384 5447 6062 5915 5260 5616 5669 5500 5762 5822 5199 5517 5707 5183 5329 5228 5459 5339 5483 5643 5677 5768 5756 5525 5471 5409 5366 5379 6092 5206 5623 5677 5599 5746 5105 5357 5804 5074 5312 5624 5290 5626 5326 4874 5717 5578 5620 5887 5148 5219 5598 5896 5286 5546 5616 5240 5162 5372 5204 5929 5342 5392 5843 5665 5071 5572 5149 5615 5328 5449 5443 5529 5571 5240 5693 5516 5393 5524 5444 5526 5358 5773 5118 5579 5186 5856 5814 5771 5435 5676 5160 5494 5713 5650 5134 5524 5456 5491 5377 5714 5595 5382 5741 5504 5836 5224 5627 5157 5648 5910 5176 5408 5758 5749 5934 5381 5512 5945 5341 5547 5637 5528 6175 5300 6186 4979 5595 5708 5796 5566 5509 5986 5825 5504 5099 5638 5563 5777 5719 6200 5490 5160 5513 4989 5484 5647 5083 5437 5607 5508 5664 5764 5614 5915 5425 5768 5467 5467 5703 4976 5262 5336 5116 5730 5774 5472 5318 5224 5762 5230 5671 5483 5105 5588 5863 5691 5439 5228 4959 5556 5428 4910 5473 5528 5685 5686 5082 5662 5887 5540 5450 5753 5360 5434 4959 5132 5157 4907 5026 5626 5342 5215 5817 6118 5778 5259 5563 5521 5603 5445 5581 5560 5227 5591 5740 5422 5305 5604 5297 5307 5358 5686 5332 5863 5631 5415 5861 5068
4932 5334 5182 5471 5398 5028 5225 5151 4854 4845 5316 5529 5229 5957 5018 5178 5378 5693 5234 5434 5144 5277 5218 5211 5125 5277 5021 5033 5115 4928 5900 5512 4934 4977 5292 5258 5282 5657 5062 5543 5602 4940 5247 5081 4920 5028 5281 5375 5201 5098 5631 5169 5269 5050 5009 5131 5549 4996 5355 5225 5253 5832 5019 4802 5494 4732 5244 5471 5172 4950 5021 4533 5180 5046 5472 5539 4903 4803 5251 5485 5265 5317 5202 4848 4822 4918 5142 5507 5237 5317 5512 5323 4581 5259 4751 5382 5166 5055 4945 5374 5216 5380 5684 5121 5191 5020 5318 5016 5352 5024 4749 5224 4957 5261 5702 5715 5256 5329 4840 5179 5396 5241 4961 5216 4863 5032 5034 5670 5039 5120 5307 5245 5249 4842 5072 4833 5410 5518 5119 5020 5162 5705 5510 5152 5269 5484 5060 5211 5481 5486 5492 5096 5457 4275 5182 5380 5503 4914 5199 5491 5523 5155 4687 5356 5201 5351 5368 5616 5261 4898 5344 5066 5217 5453 4756 5114 5131 5209 5313 5306 5269 5490 5036 5379 4859 5480 5378 4667 4880 5285 4729 5639 5475 5092 5154 4942 5428 4700 5278 5193 4874 5221 5430 5684 5312 5195 4762 5362 4682 4725 5403 5257 5125 5095 4743 5186 5710 5604 5442 5300 4944 5307 4556 4883 5427 4788 4913 5192 5110 4711 5316 5685 5411 4998 5223 5155 5261 5108 5643 5022 5304 5450 5258 4997 4953 5206 5028 4906 5086 5060 5263 5526 5338 5066 5440 4592
4739 5102 5047 5178 5102 4883 5129 5229 4719 4926 5210 5297 5199 5188 4752 5179 5127 5497 4990 5005 5144 5197 5251 4673 5051 5153 4928 5427 4966 5084 5529 5227 4932 5303 5032 5290 5227 5185 4915 4865 5234 4972 5111 4951 4922 5046 5099 5295 5224 5240 5123 5151 4998 4889 5030 4595 5572 4611 5234 5238 5073 5422 4693 4800 5293 4494 5052 5115 4910 5028 5082 4065 5049 4918 5025 5232 4655 4735 5117 5428 4664 4941 5166 5008 4851 5105 4924 5640 5222 4929 5134 5247 4577 5228 5005 5101 4884 4978 4858 5185 4807 5024 5266 5185 5034 4906 5112 5112 5007 5140 4683 5144 4855 5351 5224 5611 4906 5067 4852 5054 5274 5099 4830 4922 5085 4863 4992 5308 5242 5315 5416 5364 5353 4718 5068 5020 5309 5407 4790 4947 5041 5261 5457 5032 4772 5665 4971 4966 5344 5146 5381 4954 5308 4688 5147 5157 5205 5252 5038 5530 5386 4998 4671 5204 5151 5261 5039 5576 5097 4592 5302 4919 5243 5332 4880 4846 5064 4981 5137 5130 5055 5506 4949 5190 4926 4912 5369 4412 4604 4791 4594 5364 5112 5058 5236 4762 5355 4586 5172 5001 4753 4877 5112 5129 4788 4700 4654 5450 4785 4502 4975 4880 5111 5077 4730 5110 5602 5068 5320 5230 5285 5171 4672 4926 5237 4386 4814 5203 4847 4546 5308 5478 5258 5123 5119 4734 4962 4832 4993 5190 4803 4979 5249 5209 4832 4966 4888 4983 4883 4952 4975 5312 5082 5182 5384 4588
4800 5579 5364 5057 5119 5085 5248 4989 4838 4940 5146 4949 5035 5378 5032 4853 5087 5330 5205 5038 4894 5178 5317 4927 5068 5483 5062 4967 5192 5201 5403 5194 5018 5267 5391 5097 5204 5223 4826 5018 5262 4884 5118 5094 4861 4783 4919 5353 5065 5031 5278 5196 4943 5250 4991 5068 5604 4902 5453 5211 5429 5669 4716 4821 5258 4864 4966 5074 4902 5019 4834 4489 5131 5000 5337 5323 4993 4872 5006 5011 4991 4936 5032 5238 4771 4988 4906 5344 5226 5093 5468 5346 4714 5170 4679 5208 4861 4886 4925 5240 4972 5093 5298 4991 4834 5141 5124 4962 5043 5132 4763 5101 4712 5337 5277 5234 4817 4811 5033 5201 5235 4883 4736 4837 4693 4975 4878 5675 5032 5210 5252 5042 5260 4533 5230 5024 5253 5227 4889 4836 5308 5302 5280 5137 5113 5409 4906 4961 5257 5222 5381 4880 5692 4719 4983 5137 5194 4876 5112 5220 5512 5081 4866 5307 4957 5312 5088 5408 4902 4961 4863 5003 5029 5354 5004 5268 5012 5274 5137 5212 5021 5378 4995 5378 4766 5024 5249 4743 4825 5222 4492 5100 5431 4723 5283 4839 5348 4591 5041 5024 4731 5241 5148 5369 4905 5010 4528 5344 4951 4591 4879 5021 5017 4860 4718 5150 5323 5466 5369 4965 4768 4922 4905 5043 5133 4261 4816 5233 5052 4667 5195 5444 5443 4987 5469 5028 4953 4770 5360 5342 4880 4977 5212 4854 4819 5081 4808 4911 5038 5076 5294 5379 4872 4902 5312 4654
5259 5297 5449 5349 5436 5148 5105 5332 5297 5205 5368 5608 5272 5619 5364 5063 5382 5660 5278 5330 5503 5670 5401 5269 5357 5343 5395 5553 5419 5266 5583 5327 4922 5382 5566 5344 5277 5379 5103 5439 5548 5371 5140 5280 5291 5101 5260 5479 5615 5503 5344 5265 5423 5261 5391 5035 5905 5019 5512 5484 5427 5705 5151 5490 5368 5055 5208 5331 5229 5343 5116 4409 5394 5172 5604 5791 4835 5204 5375 5479 5449 5298 5411 5309 4982 5086 5310 5474 5018 5159 5588 5803 4942 5550 4991 5455 5291 5429 5112 5584 5090 5043 5533 5313 5148 5277 5293 5429 5522 5404 5137 5453 5151 5593 5474 5586 5021 5246 4990 5325 5907 5461 5337 5572 5286 5178 5164 5804 4890 5532 5546 5636 5469 4828 5109 5310 5539 5652 4989 5413 5711 5522 5817 5437 5561 5597 5230 5175 5629 5544 5758 5281 5615 4804 5502 5725 5868 5560 5583 5894 5693 5285 4886 5426 5386 5630 5386 5842 5204 5151 5215 4934 5564 5592 5193 5803 5478 5590 5409 5217 5401 5784 5198 5500 5035 5340 5507 4812 4929 5318 4906 5694 5597 5246 5414 5171 5488 4917 5614 5368 5202 5391 5443 5500 5133 5025 4872 5553 5206 4866 5445 5217 5575 5058 4900 5285 5667 5552 5585 5321 5064 5402 4949 5373 5329 4711 5165 5315 5295 4960 5678 5678 5170 5063 5302 5125 5365 5173 5591 5142 5141 5285 5635 5190 5135 5518 5106 5126 5338 5259 5312 5762 5521 5397 5754 4657
5011 5364 5079 5227 5320 5062 4909 5383 5020 5043 5344 5147 5166 5484 5105 5129 5282 5562 5432 5398 4799 5178 5443 4964 4942 5011 4719 5342 5009 5323 5587 5347 4910 5499 5170 5193 5398 5399 4916 5213 5570 4909 5202 5240 5180 5055 4887 5347 5302 5176 5228 5376 5162 5054 5018 5346 5648 4985 5335 5447 5330 5546 5025 5066 5259 4774 4903 5199 4780 5102 5329 4384 5143 5256 5596 5574 4733 5132 5073 5312 4676 5174 5436 5034 5156 5300 5146 5450 5204 4998 5344 5364 4886 5468 4924 5153 4803 5061 5292 5481 4928 5198 5476 5142 5221 5237 5191 5234 5163 5311 4791 5463 4813 5299 5124 5513 5183 5148 5138 5345 5471 5091 4677 5271 4913 4912 5007 5507 5341 5369 5108 5411 5540 4683 5286 5066 5567 5357 4761 5277 5640 5249 5444 5164 5047 5512 4806 5112 5370 5241 5465 5163 5678 4916 5256 4976 5415 5195 5244 5222 5605 5259 4872 5182 5416 5316 5119 5428 5085 5011 5213 5026 5063 5510 5265 4885 5163 5281 5201 5059 4896 5400 4973 5575 4759 5098 5472 4560 5008 5229 4918 5593 5340 5145 5423 5033 5404 4628 5016 5286 4871 5299 5446 5603 4948 4936 4624 5594 5038 4661 5107 5059 5120 5311 5143 5301 5578 5547 5300 5403 5248 5058 4966 5147 5097 4555 4892 5048 4987 4881 5576 5565 5409 5101 5409 5231 4967 5013 5182 4974 5160 5324 5283 5007 4958 5246 5190 4975 5266 5185 5084 5386 4844 5014 5641 4908
4651 5023 5294 5373 5177 5185 5154 5162 4836 4680 5057 5429 5002 5246 5004 4823 5298 5547 5000 5062 5176 5341 5094 4903 4839 5103 4897 5323 5011 5271 5420 5285 4847 5189 5194 5061 5253 5488 4831 4952 5474 4952 4816 4888 5165 4818 4877 5346 5280 5225 5163 5109 5106 5059 4938 5033 5409 4926 5574 5166 5149 5598 4781 4806 5083 4507 4799 5304 4885 4894 4844 4621 5131 4964 5423 5338 4602 4920 5084 5438 5025 5142 4918 5015 4886 5106 4932 5369 4857 5201 5585 5046 4706 5143 4645 5052 4951 5089 4925 4896 5095 5130 5279 5061 5125 5079 4962 5191 5117 5005 4387 4979 4950 5258 5231 5193 5196 5031 4923 4960 5527 5031 4667 4911 5104 4783 4938 5615 5121 5033 5115 5156 5070 4933 5033 4916 5456 5513 5037 4977 5352 5458 5589 5101 5210 5317 5022 5034 5269 5052 5237 4929 5379 4391 4884 5218 5346 5118 4962 5233 5226 5072 4825 4974 5018 4991 5219 5486 5188 4644 5286 4922 4880 5348 4644 4997 4854 5320 5055 5057 4965 5311 4712 5552 4970 5242 5492 4402 4682 4915 4648 5237 5471 5046 5215 5084 5080 4401 5038 5139 4563 4999 5302 5405 4859 4822 4556 5522 4837 4768 5018 5082 5052 4864 4759 4883 5464 5355 5125 5090 4964 5196 4549 4866 4968 4601 4583 5109 5089 4901 5123 5331 5206 4937 5198 5158 5066 4948 5075 5233 4811 5049 5130 4889 4719 5110 4959 4957 4926 4993 5130 5145 4933 4871 5284 4760
5536 5380 5517 5289 5447 4983 5403 5467 4868 5280 5188 5682 5342 5688 5019 5396 5477 5916 5187 5307 5160 5681 5740 5156 5119 5531 5276 5450 5268 5441 5851 5708 5095 5371 5476 5514 5154 5823 5025 5220 5669 5072 5213 5139 5291 4974 5369 5398 5340 5485 5615 5381 5293 5190 5447 5192 5699 5207 5740 5596 5741 5702 5127 5590 5558 4949 5101 5367 5221 5748 5129 4925 5447 5288 5729 5937 5192 5167 5153 5738 5197 5197 5525 5168 5091 5263 5039 5484 5235 5090 5493 5798 5020 5580 4837 5600 5364 5331 5318 5482 5365 5171 5621 5270 5044 5222 5483 5200 5481 5431 4996 5513 5069 5423 5515 5609 5340 5341 5102 5231 5592 5206 5193 5051 5274 5017 5153 5731 5379 5306 5594 5789 5481 5035 5394 5113 5731 5451 5021 5387 5521 5688 5760 5290 5164 5984 5081 5144 5608 5291 5910 5131 5669 5165 5373 5410 5547 5300 5297 5797 5551 5317 5093 5403 5297 5411 5508 5998 5493 5301 5465 4975 5406 5594 5039 5280 5269 5628 5686 5360 5407 5662 5219 5614 5354 5033 5805 4758 5021 5284 5037 5626 5589 5398 5446 5015 5393 4856 5249 5416 5017 5379 5437 5757 5280 5404 4940 5611 5235 4985 5305 5169 5433 5290 5028 5296 6049 5640 5520 5343 5355 5336 5280 5431 5349 4810 4908 5545 5203 4891 5491 5555 5428 5096 5422 4983 5204 5318 5483 5460 5264 5182 5365 5209 5156 5291 5128 5140 5267 5321 5381 5655 5366 4965 5673 4745
4380 4812 4765 4956 4962 4579 4919 4874 4553 4619 4855 5210 4640 5124 4252 4824 4884 5130 4751 4659 4884 4858 4681 4806 4740 4769 4714 4772 4572 4661 5198 5075 4539 4990 4878 4839 4783 5115 4631 4907 5057 4670 4796 4361 4663 4590 4527 4826 4772 4862 4671 4832 5025 4669 4665 4512 4921 4573 4962 4897 4617 4938 4437 4827 4911 4366 4516 4681 4462 4698 4414 4260 4842 4875 4733 5194 4334 4584 4788 5133 4317 4667 4773 4887 4320 4655 4483 4868 4898 4592 4891 4879 4469 5075 4286 4882 4592 4611 4431 4808 4697 4609 5050 4949 4785 4894 4646 4828 5093 4806 4655 4857 4439 5099 4573 5143 4688 4665 4902 4673 4956 4590 4069 4583 4733 4639 4552 5245 4688 4710 5003 5001 4829 4515 4865 4613 5132 5103 4452 5158 4916 5269 5217 4807 4753 4923 4259 4639 4980 4905 4911 4724 5214 4059 4675 4699 5014 4399 4749 5004 5069 4786 4276 4844 4714 5077 4636 5302 4711 4496 4680 4823 4855 4824 4600 4904 4696 4879 4804 4943 4958 4877 4563 5037 4480 4733 5004 4347 4863 4788 4196 4949 4834 4700 4860 4529 4781 4257 4616 4939 4390 4893 5238 4938 4730 4717 4413 5111 4367 4503 4853 4789 4755 4634 4384 4637 4962 4710 4892 4506 4740 4555 4404 4638 4687 4116 4653 4665 4533 4413 4943 4897 4755 4506 4835 4710 4748 4596 4719 4793 4528 4678 4912 4688 4550 4911 4709 4485 4679 4773 4861 4839 4635 4532 4924 4615
4918 5374 5363 5299 5353 4946 5023 5371 4934 4942 5153 5506 5214 5800 5186 5044 5469 5259 5213 5222 5272 5452 5494 5292 4955 5208 5154 5280 5058 5221 5640 5297 5043 5429 5149 5190 5411 5260 5185 5253 5627 5058 5010 5067 4953 5064 5027 5326 5238 5151 5423 5331 5080 5152 5423 5247 5889 5154 5591 5467 5218 5722 4739 5152 5379 4791 5065 5289 5065 5147 5163 4603 5282 5324 5604 5487 4744 4894 5331 5501 5309 5415 5128 5254 5083 5343 4898 5705 5087 5251 5231 5593 4893 5308 4874 5474 5274 5108 5296 5229 5012 5264 5460 5252 5057 5015 5137 5114 5180 5410 4951 5152 5165 5530 5302 5514 5494 5252 5095 5583 5471 5129 4808 5293 5190 5082 5002 5757 5076 5386 5267 5295 5341 4995 5427 5122 5469 5344 5026 5240 5435 5525 5703 5289 5241 5786 5045 5307 5582 5175 5417 5258 5696 4735 5119 5308 5450 5308 5097 5499 5822 5246 4603 5136 5309 5449 5177 5741 5339 5217 4983 4953 4971 5842 4888 5270 5166 5589 5206 5466 5430 5430 4813 5310 4981 4945 5531 4940 5037 5277 4732 5203 5620 5055 5075 4927 5481 4540 5103 5055 4591 5204 5570 5451 5237 5099 4857 5558 5114 4874 5211 5166 5172 5208 4759 5164 5713 5287 5379 5469 5154 4796 4880 5199 5088 4924 4948 5242 5030 4805 5539 5708 5371 4816 5525 5155 5063 5315 5267 4971 5012 5280 5454 5144 4573 5336 5095 5034 5022 5347 5396 5374 4939 5116 5582 5131
5001 5404 5263 5562 5648 5378 5503 5420 4967 5242 5407 5576 5330 5866 5264 5541 5656 5874 5499 5485 5356 5551 5676 5368 5130 5744 5288 5385 5236 5329 5985 5726 5313 5540 5577 5630 5413 5621 5187 5484 5920 5352 5129 5122 5464 5212 5508 5528 5228 5314 5772 5461 5295 5243 5170 4930 5745 5193 5656 5520 5219 5732 4981 5096 5479 4823 5143 5453 5243 5351 5249 4672 5477 5364 5828 5845 4986 5108 5271 5799 5330 5369 5617 5476 5167 5314 5188 5717 5425 5416 5531 5795 4917 5443 4975 5567 5134 5432 5096 5477 5316 5386 5768 5257 5331 5285 5739 5468 5491 5506 5103 5590 5084 5620 5380 5793 5582 5627 5315 5565 5771 5138 4827 5136 5403 5112 5408 5715 5445 5382 5741 5646 5524 4955 5498 5159 5773 5595 5520 5473 5597 5898 5904 5554 5349 5873 5047 5352 5808 5717 5740 5047 5903 4922 5308 5284 5749 5219 5535 6038 5698 5597 5023 5156 5394 5397 5538 5900 5277 5425 5312 5015 5642 5831 5077 5718 5581 5421 5818 5463 5397 5627 5292 5719 5135 5088 5621 4588 5300 5285 4547 5562 5981 5440 5354 5148 5609 4839 5185 5510 4932 5310 5996 5599 5226 5009 4945 5800 5070 4728 5282 5483 5528 5520 4765 5227 5744 5424 5782 5351 5569 5268 4750 5520 5347 5131 5301 5514 5399 5043 5275 5671 5495 5179 5336 5829 5315 5175 5583 5371 5624 5212 5616 5343 4980 5358 5424 5297 5312 5517 5455 5630 5314 5314 5914 4961
5260 5605 5305 5523 5568 5470 5173 5074 5250 5084 5523 5571 5134 5762 5146 5298 5141 5770 5602 5517 5289 5486 5563 5451 5379 5499 5041 5329 5220 5327 5878 5689 4925 5270 5717 5380 5361 5606 5138 5333 5702 5399 4997 5272 5382 5167 5518 5724 5513 5505 5302 5323 5424 5322 5351 5205 5845 5295 5479 5667 5503 5636 5308 5289 5637 4640 5255 5273 5327 5508 5341 4755 5323 5443 5229 5456 5191 5091 5120 5811 5252 5234 5401 5405 5117 5419 5057 5715 5039 5363 5275 5805 4843 5805 4824 5276 5137 5196 5424 5229 5186 5132 5585 5175 5127 5333 5346 5328 5385 5677 4850 5464 5155 5526 5469 5566 5426 5246 5115 5354 5743 5245 5183 5181 5262 5350 5249 5557 5281 5401 5379 5620 5548 4938 5264 5255 5493 5591 5182 5281 5372 5555 5766 5418 5113 5659 5143 5403 5675 5245 5627 5325 5807 4618 5341 5459 5618 5336 5666 5729 5789 5164 4729 5346 5576 5822 5422 5699 5314 4901 5314 4930 5429 5629 5112 5318 5577 5624 5355 5314 5278 5783 5356 5551 5122 5266 5878 4894 4782 5340 4775 5593 5635 5232 5377 4999 5266 4560 5485 5277 4813 5248 5352 5422 5108 5024 4805 5476 4895 5089 5294 5404 5351 5287 5039 5184 5518 5505 5582 5463 5356 5230 5064 5261 5361 4679 4959 5282 5180 4729 5436 5974 5662 5348 5301 5529 5252 4938 5341 5514 5083 5520 5444 5386 4937 5294 4862 5410 5300 5350 5360 5814 5506 5415 5657 4854
5381 5693 5695 5779 6154 5728 5708 5877 5413 5303 5822 5612 5524 6432 5390 5524 5694 6278 5781 5941 5727 6061 6002 5859 5728 5921 5505 5695 5488 5639 6056 5884 5579 5954 5713 5754 6098 5967 5431 5888 6105 5734 5772 5521 5955 5547 5580 5886 5872 5773 5886 5915 5826 5530 5595 5666 6191 5497 6138 5894 5808 6265 5374 5619 6043 5432 5848 6155 5481 5763 5608 4735 5612 5880 6040 5960 5180 5563 5939 5857 5570 5663 5837 5505 5542 5656 5508 6247 5573 5821 6139 6095 5139 5996 5466 5879 5355 5550 5329 5884 5793 5655 6132 5981 5806 5603 5633 5766 5865 5664 5368 5856 5564 5967 5931 5900 5538 5741 5231 5874 6281 5609 5342 5761 5504 5693 5562 6005 5877 5869 5971 5830 6123 5350 5830 5421 6060 5734 5524 5769 5787 5922 6081 5667 5755 6134 5582 5564 5978 5981 6039 5923 6290 5213 6023 5647 5964 5689 5759 5956 6191 5680 5307 6055 5689 5939 5871 6228 5840 5379 5568 5491 5720 6086 5657 5681 5878 5964 6141 5978 5898 6247 5772 6292 5469 5837 5989 5238 5423 5722 5332 5777 5879 5769 5538 5391 5710 5109 5828 5744 5434 5786 5925 6156 5534 5543 4968 6236 5511 5092 5637 5713 5814 5661 5100 5611 6141 5827 5706 5976 5456 5501 5121 5494 5696 5120 5713 5780 5645 5226 6236 6066 5813 5524 6009 5807 5779 5452 6004 5732 5555 5734 5967 5847 5478 5907 5733 5420 5657 5690 5615 5997 5719 5747 6092 5366
4889 5513 5301 5250 5413 5196 5367 5452 5153 5110 5155 5678 5341 5498 5068 5330 5336 5512 5469 5438 5235 5727 5581 5278 5013 5413 5173 5354 4912 5394 5647 5536 5181 5420 5499 5465 5432 5428 5286 5402 5729 5279 5348 5041 5034 4960 5113 5539 5569 5516 5362 5503 5402 5138 5067 5274 5590 5187 5302 5557 5220 5565 5132 5158 5220 5056 5046 5353 5032 5445 5078 4474 5360 5384 5478 5856 4750 5101 5312 5585 5054 5253 5349 5106 5133 5523 5147 5727 5286 5388 5535 5613 4956 5266 5031 5502 5013 5352 5339 5273 5233 5039 5468 5765 5552 5170 5509 5431 5306 5348 5069 5479 4946 5520 5450 5449 5227 5413 5134 5180 5494 5008 4854 5330 5296 5055 5151 5817 5166 5325 5525 5583 5477 5053 5301 5299 5496 5518 5135 5593 5684 5816 5586 5224 5163 5773 5207 5526 5424 5580 5711 5248 5883 4771 5387 5183 5592 5476 5289 5535 5748 5269 4944 5622 5204 5449 5341 5813 5486 5272 5396 5135 5238 5582 4925 5144 5267 5644 5511 5516 5553 5563 5303 5746 5378 5164 5650 4697 4945 5418 4910 5487 5611 5345 5243 5080 5380 4784 4995 5397 4918 5560 5671 5528 5175 5273 4829 5486 5265 4936 5310 5295 5252 5246 4846 5178 5822 5224 5473 5252 5376 5061 4891 5386 5247 4653 5021 5051 5252 4827 5769 5746 5459 5035 5398 5371 5112 5289 5709 5390 5160 5014 5538 5381 5053 5416 5065 5137 5295 5320 5179 5511 5531 5193 5757 5234
4557 4754 4948 5056 5249 4769 4751 4762 5041 4667 5235 5187 4838 5050 4579 4928 5024 5359 5097 5092 4817 5193 5110 4763 4855 5233 4843 5218 4854 4857 5402 5066 4868 5234 5062 5278 5254 5118 4955 5020 5044 5028 4462 4895 4678 4652 4872 4994 5170 5091 4995 5171 5042 4972 4677 4871 5450 4780 4889 5105 5017 5279 4814 4707 5053 4454 4708 4977 4799 4950 4859 4565 5151 5054 5358 5231 4668 4952 5141 5248 4754 4717 4995 4927 4814 4910 4947 5480 5039 5073 4860 5198 4460 4888 4601 5033 4776 5083 4736 4885 4688 5100 5106 5190 5119 4923 5054 5091 5060 5102 4651 5086 4651 5329 4948 5153 4990 5192 4848 5239 5314 4543 4575 4882 4649 4644 4596 5284 4774 4958 5023 5237 4771 4415 5017 4867 5222 5180 4548 4905 5088 5323 5112 5069 5122 5434 4596 4771 5379 4947 5294 4785 5368 4483 4942 5003 5470 4777 4894 5237 5250 4866 4557 4847 4984 4910 5214 5533 4987 4512 5005 4827 5126 5361 4739 4879 5293 5093 5194 5017 4968 5207 4897 5251 4813 5177 5225 4545 4657 4747 4501 4984 5322 4982 4782 4734 5034 4645 4942 5046 4405 5088 5130 5275 4923 4645 4325 5050 4707 4411 5038 4866 5088 4980 4790 5013 5342 5131 5065 4851 4917 5035 4531 4806 4914 4619 4769 4953 4767 4543 5095 5569 5266 4987 5102 5042 4764 4798 5171 4917 4887 4951 5112 5089 4908 5121 4907 4809 4946 4945 5027 5237 4830 4960 5386 4754
4776 5434 5096 5561 5225 5275 5118 5321 4934 4900 5252 5238 5160 6029 4816 5422 5215 5599 5281 5231 5199 5340 5150 5146 5411 5389 4939 5474 5031 5257 5400 5561 5087 5391 5287 5206 5259 5368 5053 5203 5686 5464 5163 4876 5010 5006 5163 5538 5127 5004 5343 5074 5234 5089 5174 5024 5877 5342 5310 5268 5155 5837 4944 4964 5362 4817 5209 5379 5187 5330 5375 4580 5213 5164 5538 5502 4800 4954 5382 5423 5242 5283 5258 5033 4750 5309 5004 5626 4928 5239 5554 5606 4737 5386 4767 5307 5060 5207 4877 5380 5430 5087 5465 5342 5156 5235 5352 5364 5587 5431 4673 5391 4974 5473 5302 5469 5275 5198 4897 5213 5355 5032 4680 5418 5089 5037 5039 5706 5344 5095 5325 5158 5282 4891 5495 5173 5403 5479 5041 5438 5431 5430 5530 5426 5119 5397 5011 5351 5366 5111 5496 5055 5808 4645 5165 5106 5278 5030 5388 5455 5593 5228 4963 5202 5125 5391 5245 5571 5161 5187 5182 4840 5261 5445 5118 5212 5076 5566 5484 5217 5382 5829 5061 5635 5006 5351 5497 4730 4887 5165 4438 5679 5718 5238 5322 5012 5350 4696 5115 5397 4880 5422 5697 5254 4940 4953 4744 5442 5118 4690 5168 5172 5356 5270 4899 4989 5526 5295 5438 5273 5117 4948 4807 5261 5033 4649 5162 5327 4777 4736 5316 5456 5397 4837 5429 5237 4985 5097 5362 5299 5282 5354 5384 4986 4995 5239 5062 5366 5434 5258 5098 5628 5371 5198 5603 4638
4863 5205 5151 4957 5390 4983 4798 5215 5020 4856 5259 4966 4880 5322 4992 4842 5085 5439 5316 5114 4973 5107 5235 4828 4886 5024 5123 5321 5186 4671 5526 5080 4748 5229 5280 5248 5052 5443 4729 5014 5435 5025 5116 4924 4959 4758 5085 5186 5220 5330 5302 5174 4933 4896 5304 5133 5336 4889 5165 5455 5151 5517 4826 4909 5257 4655 4875 5289 4941 5279 5026 4343 5280 4832 5353 5376 4927 4955 4886 5254 4869 5199 5380 5194 4702 5029 4762 5440 5123 5045 5240 5442 4545 4963 4769 5257 4825 4891 5058 5205 4739 5099 5291 5281 5073 5073 4866 4843 5217 5092 4762 5330 4785 5473 4977 5462 4978 5111 4546 5150 5413 5182 4573 5164 5001 4718 5065 5583 4811 5148 5384 5121 5239 4818 4989 4850 5332 5404 4850 5212 4977 5529 5395 5097 5109 5419 4987 4957 5270 5264 5257 5041 5532 4551 4956 5149 5380 5071 5108 5460 5394 5181 4872 5228 5036 5380 4892 5620 5132 4804 5225 4964 5102 5485 4843 5184 5238 5317 5370 5290 4809 5366 5011 5321 4988 4792 5172 4679 4945 5337 4504 5197 5373 4868 5114 4935 5139 4430 4955 4855 4509 5025 5391 5149 4741 4748 4738 5053 4778 4883 5144 4982 5279 4869 4679 4933 5253 5421 5377 5121 5067 5023 4978 4838 5138 4804 4848 5059 5071 4735 5354 5582 5274 4884 5257 5285 4994 4896 5397 5111 5281 4996 4964 5231 4793 5173 5003 4865 4879 5176 5061 5271 5127 4942 5449 4559
4472 5116 4913 5106 5087 4939 4949 4887 4779 4957 5048 5070 5218 5329 4811 4770 5180 5194 5042 4972 5010 5284 5419 4911 4650 5182 4904 4881 4748 4789 5553 5169 4648 5195 5193 4826 5088 5127 4843 4971 5080 4928 4828 4923 4780 4976 5057 5062 5056 5001 5008 5087 5202 4847 4837 4931 5514 4881 5249 4946 5107 5359 4657 4676 5156 4454 4923 5021 4804 4818 4980 4298 5089 4859 4965 5251 4722 4798 5132 5209 4843 4841 4897 4829 4831 5031 4882 5351 5040 4877 5098 5176 4644 4801 4779 4905 4974 4936 4833 4893 4919 4852 5181 5160 4864 5022 4988 5109 5006 4957 4470 4927 4637 5306 5009 5153 5052 5017 4722 4891 5038 5041 4600 4663 4795 4786 4970 5114 5102 5207 5424 5155 5142 4530 4933 4923 5082 5132 4794 4999 5062 5396 5472 5080 4825 5613 4773 5122 5234 4915 5378 4936 5767 4439 4953 4940 5144 4535 5018 5271 5392 4826 4622 4854 4773 5194 5160 5301 5011 4863 4916 4857 5097 5159 4674 5026 5105 5011 5017 5064 4979 5403 4927 5399 4655 5029 5285 4485 4438 5043 4585 4821 5228 5225 4906 4964 4815 4694 5008 4852 4483 5048 4985 5072 4830 5033 4336 4971 4817 4703 4846 4938 4931 4830 4747 4739 5709 5226 5413 4880 4700 4751 4536 4652 4926 4381 4684 5002 5062 4304 5139 5432 5232 5028 4982 5023 4723 4672 5047 5147 4949 5127 5133 4997 4747 5262 4916 4959 4966 4804 4862 5366 5004 4922 5046 4586
4696 5686 5316 5441 5346 5480 5300 5354 4883 5212 5651 5283 5269 5705 5256 5270 5527 5778 5449 5301 5341 5549 5593 5161 5229 5379 5407 5784 5306 5330 5734 5670 4864 5729 5494 5420 5373 5462 5234 5368 5623 5286 5367 5242 5314 5055 5420 5400 5284 5623 5378 5417 5644 5279 5395 5255 6012 5006 5724 5619 5471 5791 5224 5403 5323 4912 5243 5572 4964 5331 5181 4764 5579 5276 5434 5720 5091 5263 5452 5504 5183 5287 5387 5374 4936 5500 5312 5809 5200 5344 5645 5897 4988 5775 4962 5709 5364 5522 4911 5783 5542 5223 5588 5365 5380 5220 5594 5305 5680 5328 5086 5541 5254 5877 5363 5598 5442 5238 5034 5604 5751 5322 5059 5379 5411 5067 5229 5771 5345 5457 5710 5532 5655 4875 5283 5663 5671 5728 5061 5139 5572 5587 5794 5673 5345 6036 5066 5446 5737 5441 5712 5233 5847 5027 5557 5363 5764 5447 5432 5614 5616 5518 4973 5515 5671 5675 5401 6119 5754 5028 5676 5191 5459 5756 5178 5464 5382 5495 5749 5453 5458 5650 5074 5246 4977 5374 5700 4788 4990 5323 4867 5495 5492 5121 5405 4955 5506 4923 5476 5434 5028 5235 5803 5554 5058 5133 4756 5836 5210 4770 5472 5379 5841 5610 4907 5356 5846 5621 5678 5492 5235 5320 5010 5229 5313 4666 5117 5462 5217 4884 5625 6033 5627 5049 5674 5176 5434 5290 5386 5541 5365 5316 5355 5476 4978 5661 5108 5161 5176 5115 5384 5739 5325 5534 5787 4902
5120 5298 5271 5351 5374 5264 5477 5255 5125 5014 5269 5610 5129 5573 5085 5419 5415 5599 5317 5292 5262 5485 5568 5110 5067 5553 5351 5590 5089 5604 5484 5490 5161 5478 5399 5118 5563 5501 5088 5194 5389 5330 5226 5311 5263 5132 5294 5529 5458 5418 5477 5386 5295 5265 5253 5352 5554 4978 5726 5575 5402 5722 5143 5205 5293 4871 5270 5466 5408 5276 5344 4522 5191 5183 5282 5566 5222 5316 5260 5692 5270 5177 5475 5454 5092 5387 5110 5924 5169 5425 5791 5654 4715 5479 4748 5403 5068 4984 5173 5233 5436 5493 5615 5024 5355 5336 5633 5613 5459 5306 5147 5096 5397 5739 5426 5615 5072 5210 4968 5481 5458 5286 5210 5268 5310 5136 5200 5484 5515 5145 5643 5382 5833 4817 5225 4956 5505 5709 5044 5075 5466 5843 5525 5324 5343 5678 5244 5327 5758 5235 5796 5355 5896 4731 5291 5325 5729 5362 5496 5517 5619 5451 4958 5350 5423 5420 5272 5745 5260 4883 5183 5079 5293 5802 5355 5511 5204 5605 5564 5584 5121 5651 5169 5653 5074 5164 5456 4802 4723 5327 4857 5423 5761 5049 5411 5045 5540 4581 5486 5114 4907 5701 5833 5658 5189 5121 4637 5488 5331 4932 5138 5291 5353 5256 4783 5465 5418 5364 5508 5517 5264 5091 4983 5285 5599 4722 5167 5486 5192 4823 5470 5637 5813 4983 5427 5277 5172 4958 5618 5517 5318 5242 5578 5057 5013 5635 5089 5490 4940 5274 5508 5803 5310 5297 5522 4937
4890 5443 5472 5340 5497 5425 5285 5378 5258 5274 5300 5862 5424 5734 5351 5338 5620 5862 5527 5487 5276 5593 5462 5204 5506 5339 5337 5439 5270 5398 5866 5547 5289 5770 5447 5426 5236 5603 5063 5295 5510 5286 5242 4941 5307 5074 5494 5566 5556 5474 5457 5466 5523 5156 5260 5102 5632 5176 5583 5517 5377 5800 5055 5139 5455 4836 5182 5320 5172 5279 5566 4697 5507 5384 5558 5751 4968 5026 5574 5812 5313 5375 5503 5149 5167 5497 5342 5585 5397 5413 5520 5743 4859 5356 5509 5318 5330 5060 5309 5611 5431 5489 5620 5540 5406 5356 5434 5475 5533 5390 4913 5451 5301 5883 5691 5843 5343 5371 4989 5286 5770 5338 4977 5510 5090 5233 5099 5697 5358 5360 5409 5351 5391 4927 5323 5092 5830 5609 5025 5621 5392 5967 5649 5668 5377 5905 5247 5397 5763 5624 5628 5367 5799 4845 5576 5451 5557 5155 5437 5717 5670 5325 4949 5579 5317 5433 5293 5870 5370 5111 5344 5371 5575 5576 5022 5342 5454 5629 5563 5436 5443 5923 5169 5799 5065 5548 5455 4851 4983 5454 4809 5652 5788 5578 5506 5251 5386 4793 5457 5691 4880 5557 5578 5565 5204 5188 4980 5461 5150 5260 5534 5277 5381 5339 4935 5378 6090 5693 5693 5642 5394 5314 4972 5356 5306 4621 5083 5592 5203 5166 5682 5791 5451 5233 5607 5198 5137 5118 5627 5418 5264 5422 5518 5302 5252 5576 5207 5236 5257 5417 5232 5778 5464 5232 5641 4922
4779 5109 5267 5420 5468 5399 5375 5327 4796 5041 5436 5563 5259 5788 5023 5170 5413 5631 5374 5167 5104 5548 5286 5030 5220 5256 5157 4994 5335 5044 5755 5575 5083 5250 5459 5232 5277 5540 4911 5298 5564 5143 5116 5191 5089 5107 5148 5187 5257 5336 5287 5451 5347 4955 5063 4903 5717 5066 5363 5458 5419 5614 4865 4907 5342 4766 5038 5187 5048 5147 5087 4269 5280 5200 5270 5710 4846 4991 4972 5648 5135 5145 5131 4975 5048 5119 5198 5565 5256 5235 5566 5418 4856 5456 4912 5363 5137 5217 5070 5309 5092 5037 5532 5358 4973 5079 5466 5173 5196 5265 4973 5245 5092 5481 5476 5650 5283 5135 4928 5157 5579 5050 5055 5251 5173 5256 4973 5695 5236 5266 5426 5349 5411 4718 5220 5156 5590 5449 5101 5273 5408 5716 5571 5288 5264 5999 4988 5176 5574 5520 5459 5100 5744 4644 5032 5199 5710 5142 5270 5389 5489 5005 4891 5386 5356 5518 5467 5427 5085 5073 5289 5110 5450 5528 5200 5184 5160 5478 5338 5446 5246 5580 5215 5518 4953 5222 5403 4633 4711 5362 4872 5465 5547 5149 5213 5033 5494 4671 5251 5371 4725 5495 5523 5604 5058 4912 4888 5323 5055 4985 5082 5240 5229 5081 4778 5189 5728 5701 5364 5544 5217 5142 4727 5023 5513 4620 4901 5334 5199 4931 5497 5582 5322 4992 5224 5224 5363 5020 5178 5115 5129 5275 5362 5176 4867 5408 5204 5001 5197 5340 5048 5393 4834 5167 5355 4736
4665 5212 5132 5370 5432 5280 5209 5310 4896 4923 5374 4977 4922 5469 5135 4888 5339 5528 5096 5160 5039 5384 5259 5058 4838 5208 5130 5064 5314 5088 5765 5212 4982 5419 5326 5378 5462 5111 5049 5143 5408 5103 4984 4997 5265 4725 5196 5382 5109 5309 5408 5286 5190 5231 5134 5090 5513 4969 5524 5454 5204 5362 4913 5032 5332 4844 5301 5467 4835 5144 5259 4341 5074 4891 5161 5625 4854 4833 5191 5259 5035 5241 5343 5028 4718 5106 5086 5600 5133 5280 5387 5371 4656 5219 4908 5143 4855 4923 4787 5212 5286 5091 5360 5189 5251 4950 5298 5114 5103 5271 5010 5450 5128 5427 5026 5269 5397 5230 4855 5510 5355 5293 4983 5303 4861 4873 5149 5452 5170 5082 5197 5386 5487 5003 5073 5194 5345 5487 5073 4840 5293 5409 5428 5071 5353 5523 5017 5144 5663 5564 5497 4999 5859 4888 5220 5460 5596 5169 5214 5425 5432 5185 4803 5373 5214 5486 5249 5430 5258 5030 5086 5012 5009 5713 4776 5163 5234 5475 5360 5430 5522 5520 5157 5311 4867 5204 5479 4640 4750 5106 4697 5301 5352 4978 5141 4762 5332 4704 5118 5052 4927 5273 5438 5322 5300 4901 4658 5330 4987 4609 5045 5374 5201 5265 4808 5532 5662 5416 5719 5256 5123 4935 4738 5196 5077 4716 4846 5047 5074 4644 5545 5585 5334 4647 5335 5402 5100 4843 5344 5264 5111 5326 5341 5134 5022 5172 5034 4853 5065 5252 5304 5476 5095 5061 5319 4757
4699 5207 5050 5279 5088 4887 5019 5304 4617 4861 5207 5362 5020 5465 4954 5063 5130 5479 4730 5136 4995 5231 5097 4879 4863 4973 4993 5313 4902 5215 5316 5204 4704 5149 5052 5082 4978 5192 4985 5158 5553 4917 4901 4873 4814 4715 5037 5130 5212 4850 5308 5082 5069 4953 4891 4805 5506 4681 5314 5138 4893 5481 4716 4921 4997 4545 5177 4999 4831 5083 4967 4299 5034 5164 5313 5420 4611 5032 5071 5417 4896 5230 4930 5149 4811 5027 4834 5440 5346 4872 5244 5429 4673 5115 4463 5450 4864 5104 4987 5357 5062 5149 5455 5246 4920 5065 4981 4866 5134 5036 4708 5110 4651 5245 5102 5451 4965 5083 4940 4924 5202 4699 4655 5006 4961 4839 4846 5630 5099 5069 5162 5384 5305 4657 5083 4845 5388 5465 4824 5247 5243 5520 5310 5169 5126 5403 4781 5019 5231 4887 5392 5004 5309 4717 5146 5024 5346 5053 4953 5355 5455 5010 4862 5133 4923 5306 5157 5644 4841 4773 5217 4710 5102 5389 4890 4882 5025 5251 5078 5034 5092 5406 4960 5327 4750 4994 5315 4322 4440 5341 4909 5589 5335 5007 5171 4934 5154 4573 5073 5055 4869 5213 5287 5431 4763 5024 4601 5331 5014 4497 5092 5122 5078 5009 4751 5037 5563 5340 5133 5094 4979 5050 4756 5209 4977 4587 4809 5190 4975 4696 5275 5574 5159 4502 5139 4821 5052 4840 5270 5213 5018 4857 5154 5076 4890 5409 4805 5040 5104 5007 5108 5391 5075 4852 5074 4725
4631 5123 5165 5248 5164 5187 5219 4972 5026 4935 5429 5273 4973 5451 4843 4877 5017 5509 5368 4892 4819 5290 5085 5041 4935 5310 4932 5245 4968 5162 5591 5248 4886 5074 5005 5073 5308 5344 4963 4907 5448 5132 4803 4785 5341 4762 5045 5229 4889 5237 5099 5031 5346 5159 5090 4753 5424 4857 5368 5200 5147 5394 4762 4752 5028 4638 4946 5252 4958 5078 4996 4450 5172 5279 5349 5240 4404 5116 4954 5226 5069 5124 4875 4896 4964 5106 5077 5371 5025 5062 5448 5407 4857 5165 5055 5107 4897 5105 4951 5010 5127 5158 5437 5280 5145 5072 4915 5170 5086 5296 4764 5438 4870 5286 5385 5623 4927 5374 4887 5110 5462 4942 4539 5080 5064 4845 5027 5318 5176 4860 5146 5360 5165 4629 5106 4943 5329 5330 4910 5063 5109 5400 5417 5342 4956 5557 4972 5244 5401 5033 5526 5060 5468 4524 5105 4975 5370 4832 5250 5528 5365 4920 4773 5012 5259 5167 4908 5692 5040 4614 5135 4817 5162 5174 4839 5043 5086 5419 5223 5019 5165 5599 5099 5643 4943 5076 5390 4434 4586 5349 4656 5409 5311 5084 4954 4913 5066 4397 5123 5053 4801 5003 5186 5286 4742 4795 4607 5369 4877 4757 5046 5096 5040 5165 4505 4944 5301 5252 5107 5109 5167 5133 4666 4957 4894 4473 4676 5247 5061 4737 5348 5454 5085 4966 4993 5164 5049 4928 5248 5252 4894 4891 5265 5027 4803 5179 4840 5115 5037 4920 5059 5412 4905 5049 5273 4733
4651 5210 5214 5438 5255 5133 5225 5189 4917 4815 5268 5454 4958 5526 4945 5066 5303 5587 5105 5092 5072 5442 5147 4800 5165 5227 5065 5247 5073 5009 5372 5620 4906 5210 5142 5057 5530 5418 4947 5381 5421 5104 5067 4985 5060 5040 5074 5275 5256 5250 5212 5065 5148 5055 5199 5000 5579 4733 5394 5215 5231 5481 4901 4742 5221 4756 4839 5218 5117 5347 5215 4458 5090 5166 5395 5494 4626 4963 5089 5412 4840 5016 4868 4866 4564 5076 5060 5417 4757 5345 5437 5212 4751 5335 4837 5162 4941 5112 5103 5197 5124 4965 5159 5269 5006 4935 4978 5154 5402 5134 4665 5330 5010 5488 5534 5715 5147 5130 4763 5089 5558 5236 4821 5408 5144 5175 4852 5571 5046 5261 5126 5346 5288 4813 5130 5025 5643 5601 5081 5074 5292 5331 5367 5075 5283 5517 5444 5109 5457 5455 5485 5123 5528 4565 4944 5178 5667 5038 5179 5475 5556 4804 4829 5125 5352 5424 5068 5444 5402 5047 5391 4910 5366 5315 4916 5080 5012 5197 5410 5200 5269 5615 5017 5607 5294 5443 5297 4701 4931 5067 4732 5459 5582 5304 5284 4743 5390 4617 5110 5022 4703 5204 5366 5337 5106 4734 4610 5296 5128 4676 5295 4952 5253 5042 4917 5118 5254 5116 5288 5122 5161 5121 4588 4835 5188 4766 4736 5096 5234 4646 5169 5486 5322 4874 5401 5214 4912 4921 4895 5153 4834 5081 5189 4998 4867 4945 5078 5098 4832 4968 5339 5397 5195 4945 5252 4755
5261 5733 5491 5884 5862 5421 5396 5543 5435 5312 5570 5858 5315 6119 5518 5774 5566 5954 5811 5511 5408 5846 5683 5290 5397 5566 5508 5838 5428 5444 6183 5701 5275 5767 5585 5924 5844 5901 5444 5619 5885 5609 5388 5273 5499 5368 5419 5692 5582 5694 5920 5591 5788 5379 5527 5719 5889 5597 5854 5842 5612 5864 5173 5462 5680 5104 5509 5689 5795 5798 5669 5063 5819 5702 5859 5996 5267 5579 5412 5977 5748 5804 5775 5295 5299 5858 5720 5917 5432 5491 5893 5983 5319 6001 5289 5465 5565 5418 5485 5648 5585 5381 5804 5523 5447 5442 5673 5632 5819 5524 5193 5968 5634 5970 6074 6140 5622 5893 5409 5724 5970 5587 5118 5574 5379 5506 5585 5933 5778 5534 5630 5792 5508 5514 5624 5418 5843 6054 5416 5483 5863 5889 6029 5595 5488 6021 5435 5663 6105 5751 5907 5545 6050 5232 5680 5701 5870 5614 6005 6001 5935 5665 4983 5704 5803 5723 5732 6270 5866 5532 5688 5460 5748 5934 5178 5539 5666 5945 5810 5708 5826 6119 5490 5930 5486 5592 5973 5193 5195 5729 5108 5680 5773 5521 5499 5361 5889 4966 5508 5580 5360 5602 5968 6017 5350 5334 5113 5970 5425 5143 5703 5538 5805 5606 5121 5641 6260 5670 5529 5698 5266 5624 5131 5549 5448 5255 5289 5463 5582 5215 6122 5986 5645 5398 5702 5733 5645 5511 5615 5689 5446 5928 5634 5651 5432 5746 5519 5484 5670 5735 5635 5945 5754 5784 6105 5171
4793 5064 5200 5295 5357 4986 4918 5178 4847 4820 5200 5026 5053 5428 5109 5182 5282 5695 4997 5044 5043 4902 5259 5139 5127 5214 5114 5277 5112 5003 5293 5226 4816 5433 5162 5308 5182 5520 5006 5116 5215 4862 5059 5143 4894 4766 4868 5224 5095 5204 5077 4908 5249 4886 4814 4925 5366 4678 5046 5246 5168 5553 4859 4905 5410 4565 4798 5147 4917 5129 4837 4225 5031 5067 5355 5502 4703 4965 4918 5475 5181 4844 5104 4917 4906 5070 4764 5328 4837 4765 5479 5021 4740 5059 4761 5246 4716 5081 5116 5175 4854 4871 5428 5131 4912 4916 5136 5166 5318 4942 4539 5138 4809 5257 5303 5457 5168 4999 4949 4918 5253 4923 4692 4903 5012 5018 4864 5453 4925 5009 5197 5311 5110 4609 5069 5125 5403 5385 4614 4946 5420 5443 5257 4916 4761 5377 4819 5187 5384 5176 5455 5174 5490 4494 4910 5032 5369 4871 5182 5063 5641 4731 4790 5181 5018 5212 5302 5591 5091 4977 5269 4827 5293 5361 4896 5084 5057 5265 5177 5011 5156 5393 5046 5505 4977 4998 5168 4685 4735 5039 4386 5343 5229 5030 5308 4937 5253 4479 4858 5032 4871 5081 5148 5438 4844 4781 4623 5182 4965 4551 4984 5072 4872 4922 4764 5024 5419 5333 5347 4953 5043 5034 4641 4746 4949 4819 4795 4943 5046 4666 5324 5240 5266 4717 5192 5009 4963 4887 5326 5091 4870 5392 5351 4757 4748 5176 5061 4966 5215 4993 5121 5299 5066 5194 5348 4429
4594 5130 5073 5555 5197 5132 5173 5089 5048 4802 5150 5140 5069 5266 4949 5096 5337 5747 4953 5310 4844 5372 5072 4862 5174 5082 5040 5207 5012 4995 5317 5605 5054 5087 4890 5240 5089 5308 4774 4907 5427 5105 5167 4875 5154 4856 5178 5488 5228 5398 5425 4997 5176 4791 5101 5222 5285 5084 5554 5166 5264 5397 4971 5173 5154 4481 4893 5481 5139 5087 4906 4549 5044 4894 5383 5582 4827 4866 5186 5522 5016 5182 4893 4876 5098 5124 5094 5394 4910 4905 5508 5432 4801 4925 4715 5104 5056 5203 5099 5188 4992 4964 5351 5187 5157 4744 5037 5140 5255 5161 4686 5235 4760 5482 5301 5316 4722 5319 5077 5040 5497 4938 4689 5089 4575 4746 4979 5461 4897 5043 5198 5557 5084 4667 4996 4819 5405 5231 4724 4854 5266 5339 5487 5211 5104 5368 5272 5241 5519 5156 5342 5039 5692 4584 5197 5374 5431 5049 5573 5481 5254 5324 4729 5103 5015 5100 5157 5572 5357 4974 5190 4911 4869 5138 4782 5188 5126 5258 5263 4973 5369 5556 5008 5622 5021 5090 5474 4345 4595 5039 4607 5203 5239 5012 5101 4853 5299 4562 5060 5339 4768 5161 5012 5261 4821 4633 4567 5356 4973 4954 5611 4802 5355 4956 4633 5137 5592 5471 5074 5205 5225 5118 4790 4939 4886 4592 4896 5217 4935 4923 5192 5298 5122 5138 5220 5072 4961 4741 5376 5090 5034 5268 5165 4984 4800 5201 4798 4987 5006 5203 5219 5281 4942 5126 5421 4580
4933 5269 5061 5474 5467 5191 5311 5295 5141 5147 5444 5499 4891 5846 5148 5251 5264 5588 5293 5388 5225 5539 5103 5279 5460 5500 5300 5487 5209 5243 5658 5605 5042 5323 5442 5423 5566 5596 5024 5480 5664 5154 5111 5053 5106 4944 4893 5198 5346 5729 5525 5374 5270 4950 5134 4989 5595 4963 5550 5406 5239 5547 4856 5140 5389 5037 5027 5072 5174 5267 5234 4549 5101 5241 5324 5862 5042 5056 5461 5586 4895 5279 5301 5125 4795 5094 4976 5612 5144 5021 5403 5532 4941 5444 4862 5328 5037 5080 5124 5174 5270 5067 5238 5237 5228 5282 5283 5316 5407 5468 4843 5557 5358 5754 5289 5762 5195 5185 5316 5287 5602 5161 4951 5070 5175 5019 5227 5783 5404 5416 5559 5431 5584 4895 5176 5017 5410 5625 5054 5531 5311 5676 5799 5410 5401 5685 5103 5149 5693 5496 5355 4905 5791 5035 5148 5441 5415 5086 5250 5447 5711 5110 4857 5679 5351 5491 5236 5835 5568 4961 5232 4933 5459 5460 4939 5302 5389 5346 5464 5318 5159 5770 5226 5589 5162 4969 5663 4894 4858 5334 4970 5468 5495 5320 5124 4891 5173 4919 5262 5233 4535 5236 5391 5486 5205 4839 4800 5357 5103 5147 5037 5347 5397 5253 4956 5192 5558 5194 5411 5206 5034 5162 4836 5280 5194 4816 5052 5288 5168 4860 5344 5566 5404 5070 5243 5353 5183 5152 5443 5201 5056 5256 5282 5303 5141 5235 5093 5043 4817 5307 5256 5678 5304 5138 5591 4922
5026 5535 5504 5586 5276 5229 5271 5490 5223 5125 5256 5527 5132 5641 5319 5399 5558 5558 5377 5546 5347 5656 5529 5315 5167 5425 5121 5670 5327 5227 5684 5444 5020 5618 5547 5361 5760 5553 5236 5496 5307 5487 5175 5146 5425 5113 5328 5527 5615 5451 5473 5173 5282 5061 5452 5275 5819 5184 5617 5526 5222 5653 4964 5300 5496 5096 4954 5316 5106 5350 5483 4697 5648 5121 5420 5712 4806 5165 5353 5634 5447 5082 5374 5200 5156 5166 5200 5667 5132 5210 5704 5475 4783 5404 5139 5474 5067 5477 4958 5357 5139 5273 5376 5396 5420 5454 5561 5433 5524 5163 5183 5410 5176 5789 5392 5373 5065 5349 5092 5492 5677 5079 5167 5497 5369 5250 5379 5584 5281 5455 5545 5501 5698 4905 5404 5176 5539 5801 5037 5432 5662 5574 5579 5252 5369 5661 5326 5255 5638 5173 5684 5339 5794 5075 5224 5523 5650 5595 5601 5901 5630 5418 5049 5296 5265 5434 5419 5794 5374 5177 5441 4954 5544 5754 5150 5387 5430 5642 5183 5536 5413 5701 5152 5924 5191 5416 5500 4978 5086 5160 4724 5383 5704 5462 5385 5334 5566 4594 5385 5309 4806 5348 5736 5481 5093 5065 4932 5501 5306 4839 5308 5220 5259 4972 4944 5104 5634 5374 5702 5396 5326 5367 5002 5269 5408 4748 5373 5565 5186 4760 5727 5828 5448 5042 5602 5387 5374 5637 5375 5358 5013 5334 5570 5271 4940 5661 4918 5208 5000 5331 5405 5685 5526 5399 5771 4883
5303 5704 5477 5807 5927 5502 5679 5641 5279 5311 5758 5942 5637 5999 5661 5322 5686 6221 5608 5617 5635 5944 5928 5420 5578 5887 5575 6039 5699 5641 6383 5713 5221 5805 5815 5639 5790 5898 5542 5778 5733 5388 5314 5407 5554 5515 5688 5884 5703 5631 5960 5893 5695 5372 5672 5566 6353 5424 6097 5747 5901 6173 5250 5494 5777 5170 5357 5845 5465 5758 5672 4954 5927 5860 5825 6012 5423 5380 5781 6022 5665 5809 5817 5598 5346 5639 5657 6014 5655 5517 5750 6258 4844 5704 5174 5532 5549 5694 5338 5862 5565 5533 5862 5686 5787 5624 5682 5864 5725 5643 5262 5793 5408 6172 5852 6008 5903 5558 5441 5687 5930 5659 5197 5602 5584 5632 5499 6226 5592 5700 6049 6038 5653 5392 5740 5439 5841 6179 5441 5876 5706 5774 5946 5561 5556 5988 5629 5478 6038 5560 6084 5617 6091 5443 5778 5680 5889 5649 5935 5941 5926 5602 5196 5655 5707 5711 5933 5975 5789 5187 5756 5332 5589 6110 5483 5633 5763 5845 5965 5687 5687 6220 5357 6051 5544 5685 5937 5161 5360 5572 5133 6019 5927 5610 5489 5332 5691 4874 5809 5561 5176 5493 5732 6101 5445 5310 4969 6103 5513 5147 5810 5566 5789 5447 5235 5625 6093 5808 5927 5675 5594 5610 5392 5497 5624 5313 5391 5457 5540 5060 5829 6320 5884 5712 5647 5602 5447 5673 5692 5654 5540 5602 5966 5729 5247 5740 5389 5571 5599 5670 5512 5898 5464 5711 5877 4981
4760 4900 4763 4971 5066 4821 4581 5087 4379 4483 4932 5035 4815 5461 4703 5098 4867 5104 4886 4664 4919 5430 4655 4609 4836 5000 4735 4990 4451 4689 5228 5022 4564 4781 4936 4922 4838 4959 4838 4773 5109 4995 4804 4555 4776 4744 4790 4918 4929 4666 4996 4794 4662 4657 4841 4659 5127 4600 4939 5083 4767 5211 4691 4811 4822 4592 4874 4989 4832 4695 4863 4060 5021 4778 5086 5167 4457 4576 4825 4987 4680 4731 4902 5001 4709 4812 4738 5019 4786 4957 5095 5041 4582 5029 4482 5069 4859 4697 4632 4908 4739 4833 5098 4515 4740 4916 4885 4785 4747 4706 4523 4803 4646 5214 5001 5370 4828 4987 4575 4944 4872 4708 4577 4911 4906 4700 4851 5201 4795 5110 5098 5297 5025 4423 4689 4928 5101 5033 4484 4932 4922 5084 5222 4975 4682 5174 4791 4852 5165 4703 5174 4958 5115 4178 4993 4930 5164 4905 4942 4986 5174 4829 4532 5029 4997 5110 4941 5499 4798 4696 4613 4593 4969 5286 4624 4898 4892 4851 4885 4749 4868 5084 4792 5172 4762 4698 5145 4441 4315 4723 4431 5105 5267 4850 4630 4749 4938 4287 4912 4837 4519 5053 5327 5144 4759 4542 4571 4898 4432 4350 4729 4862 4854 4882 4788 4771 5164 4942 5028 4866 4611 4704 4509 4761 4730 4208 4463 4833 4535 4458 5023 5012 4859 4705 5032 4950 4875 4674 4947 4707 4642 4916 4852 4752 4712 4885 4336 4750 4715 4816 4742 5141 4805 4913 5293 4687
5261 5460 5545 5478 5613 5396 5408 5467 5212 5302 5658 5736 5561 5822 5298 5479 5530 5749 5580 5338 5494 5789 5507 5291 5282 5635 5324 5816 5195 5331 6008 5510 5050 5607 5422 5807 5640 5746 5402 5467 5653 5344 5230 5218 5499 5082 5419 5585 5526 5519 5467 5487 5401 5457 5275 5386 5859 5316 5652 5552 5602 5740 5187 5261 5356 5209 5444 5677 5099 5478 5252 4856 5639 5382 5765 5787 5059 5270 5337 5574 5212 5384 5693 5319 5214 5604 5711 5900 5576 5391 5615 5686 5258 5619 5070 5264 5392 5565 5318 5632 5422 5292 5866 5360 5412 5427 5379 5387 5605 5335 5234 5573 5080 5753 5694 5560 5306 5558 5402 5755 5664 5575 5222 5406 5364 5157 5304 5672 5396 5380 5610 5840 5516 4689 5439 5263 5567 5604 5228 5614 5758 5853 5915 5366 5195 5734 5226 5382 5652 5459 5702 5507 6003 4825 5546 5592 5846 5343 5723 5885 5712 5488 5116 5422 5329 5902 5266 6246 5528 5587 5355 5351 5723 5654 5194 5523 5384 5499 5482 5369 5466 5773 5516 5614 5265 5347 5555 5052 4977 5270 5035 5797 5883 5343 5468 5456 5488 4798 5380 5674 5337 5716 5853 5742 5171 5221 4831 5655 5086 5114 5674 5594 5766 5520 5230 5394 6160 5572 5727 5473 5421 5288 5109 5421 5371 4822 5050 5625 5561 4906 5606 5594 5584 5231 5558 5268 5489 5228 5648 5347 5380 5556 5736 5199 5171 5686 5049 5174 5369 5417 5386 5746 5383 5366 5770 4852
4921 5184 4964 5333 5338 4851 5007 5399 4921 4905 5148 5469 5326 5419 5072 5006 5334 5552 5193 5104 5054 5460 5188 4821 5021 5406 4752 5154 5184 5050 5644 5249 4621 5404 5434 5292 5047 5394 5163 5225 5310 4967 5002 4893 5035 4883 4973 5365 5322 5007 5092 5186 5189 5034 4995 4848 5690 4868 5314 5253 5319 5545 4783 5091 5101 4695 4920 5137 4911 5090 4803 4267 5069 5185 5181 5318 4570 4898 5101 5429 5122 4972 5352 5032 5016 5129 4933 5193 5023 5172 5187 5398 4622 5044 4746 5328 5050 5194 4952 5025 4970 4989 5108 5140 4828 5114 5381 5223 5383 5148 4885 5470 4953 5359 5280 5523 5291 5012 4916 5273 5296 5099 4908 5231 4917 4965 4728 5325 5141 5158 5401 5221 5295 4726 5128 5206 5377 5611 4946 4900 5058 5420 5529 5178 5067 5476 4863 5022 5478 5065 5468 5112 5577 4634 4889 5400 5466 4928 4810 5131 5267 5116 4927 5245 5027 5397 5466 5558 5165 4979 5240 4762 5207 5583 4824 5035 4862 5452 5102 5285 5215 5508 4823 5331 4775 5179 5424 4671 4574 5015 4713 5566 5393 5191 5407 5096 5162 4655 5049 5238 4807 5123 5201 5436 4967 4919 4539 5165 4889 4719 5133 5268 5507 4984 5010 4809 5570 5379 5237 5311 4869 5097 4928 4854 4928 4757 4729 5168 5021 4534 5481 5463 5222 4796 5170 5063 4895 5031 5387 5015 4847 5182 5195 4905 4968 5300 4910 4616 5029 4846 5119 5351 5188 4979 5510 4771
4690 5424 5353 5424 5386 5105 5081 5108 5065 5046 5538 5470 4934 5886 5060 5150 5316 5607 5534 5490 5387 5524 5435 5239 5386 5373 5192 5400 5248 5138 5840 5347 4999 5207 5288 5241 5535 5487 5128 5490 5532 5201 5061 5043 5255 4958 5207 5500 5343 5323 5305 5231 5367 5201 5153 4860 5770 4948 5498 5389 5265 5508 5036 5370 5279 4771 5225 5269 5122 5021 5003 4501 5308 5487 5670 5444 4776 4988 5641 5519 4987 5289 4939 5261 5032 5240 5040 5767 5234 5362 5468 5680 4842 5625 5118 5357 5167 5396 5169 5498 5333 5324 5608 5412 5389 5181 5253 5213 5207 5375 4916 5381 5266 5409 5578 5388 5140 5295 5035 5436 5572 5386 4899 5398 5384 5308 5325 5608 5345 5166 5168 5319 5435 4731 5253 5103 5666 5575 5138 5070 5533 5656 5604 5284 5208 5638 5160 5271 5403 5522 5718 5178 5744 4902 5281 5261 5541 5284 5361 5597 5480 5029 4638 5246 5255 5662 5169 5699 5270 5028 5371 4933 5301 5526 5143 5362 5274 5359 5270 5338 5504 5907 5155 5525 4944 5238 5495 4708 4847 5392 4895 5652 5451 5401 5344 5072 5272 4841 5364 5316 4802 5538 5627 5538 5012 4726 4709 5796 5123 4953 5299 5419 5364 5515 4961 5048 5775 5325 5481 5246 5314 5257 4793 5268 5170 4720 4938 5138 5099 4741 5500 5710 5339 5016 5436 5280 5154 5219 5541 5437 5365 5160 5595 5296 4961 5472 4943 5180 5300 5341 5139 5495 5378 5336 5557 4787
4771 5050 5196 5144 5079 5050 4893 4962 4808 5033 5146 5314 4920 5426 5079 5055 5139 5763 4927 4958 4764 5316 5300 5184 4985 5222 4861 5392 4961 4949 5581 5257 4776 5234 5224 5252 5389 5146 5127 5123 5262 5201 5110 4834 5208 4886 5074 5389 5018 5184 5165 5023 5161 5058 4777 4921 5495 4965 5147 5162 5020 5300 4902 4755 5438 4638 5062 5336 5062 5114 4960 4369 5167 5319 5294 5357 4478 4904 5032 5292 5021 5038 5230 4834 4926 5060 5022 5379 4988 5186 5421 5330 4688 5088 4758 5092 5190 5283 5116 5191 4912 5249 5416 5366 5103 4947 4935 5084 5223 5138 4795 5266 4790 5311 5126 5309 5159 5503 4647 5127 5453 4829 4876 5053 5139 5039 5214 5443 5139 5059 5261 5073 5349 4596 5352 5039 5264 5364 4806 5221 5097 5518 5525 5213 4949 5275 5105 5013 5335 5026 5281 5193 5308 4473 5216 4981 5269 4897 5189 5256 5404 5126 4745 5133 4989 5468 5321 5558 5133 5037 5185 4656 5151 5182 4683 5160 5280 5276 5105 5075 5012 5387 5181 5338 4972 5113 5445 4685 4678 5191 4519 5207 5331 4857 4947 4752 5010 4478 5112 5248 4825 5217 5250 5224 4858 4660 4681 5151 4907 4540 5040 5092 5360 5030 4786 4995 5603 5261 5287 5182 4834 4825 4633 4892 4973 4625 4776 5037 4976 4669 5386 5601 5271 4826 5061 4997 5051 4862 5265 5106 4816 5271 5272 5084 4907 5370 4857 5195 5041 4869 4976 5479 5147 4812 5436 4508
4604 4912 4748 5339 5013 4733 4777 4944 4651 4848 4907 5095 4756 5523 5039 5071 5132 5429 4931 5100 4696 5400 5072 4783 4968 5245 4899 5043 4774 4720 5384 5227 4773 5017 5249 5090 4941 4964 4805 5205 5046 4787 4930 4774 5107 4646 4881 4863 4862 4870 4912 4988 4907 4666 4829 4681 5494 4899 5374 4885 5009 5240 4600 5156 5103 4550 4650 5055 4827 4965 5102 4292 4977 5051 4929 5448 4718 4595 5075 5029 5007 4878 5097 4926 4604 4982 4677 4973 4778 4992 5196 5391 4692 5143 4408 5082 4805 4803 4694 5079 4778 4965 5307 4909 4832 5004 4968 5101 4946 4771 4442 5117 4643 5237 4709 5200 4967 4936 4847 5178 5235 5163 4552 4953 4953 4755 4894 5137 5039 5136 5058 4955 5401 4465 4936 4697 5161 4883 4714 4800 5232 5194 5137 5103 4779 5166 4966 4859 5166 4677 5183 4961 5363 4551 4931 4994 4973 4803 4886 5088 5025 5138 4553 4874 4994 5264 4910 5350 4809 5051 4864 4764 5009 5124 4775 4864 4805 5043 5372 5042 5279 5270 4767 5091 4879 4876 5130 4673 4556 4802 4480 5032 5212 4861 4790 4584 5058 4417 5094 4766 4501 4852 5177 5374 4923 4723 4646 5230 4505 4579 4652 4667 5054 4853 4785 4914 5157 4913 5245 4708 4842 4593 4204 5103 4934 4430 4573 4671 4738 4622 5040 5376 4989 4598 5443 4922 4866 5042 5220 5116 5035 4969 5214 4912 4637 4974 4395 4865 4817 4860 4790 5051 5027 4820 5216 4628
4642 4910 4751 4698 5118 4533 4596 4845 4641 4763 4789 4840 4735 5243 4719 4741 4846 5095 5208 4797 4893 5066 4892 4679 4586 4665 4683 4829 4797 4713 5207 5205 4655 4854 4971 4920 5112 5003 4505 4912 5012 4721 4735 4565 4748 4645 4748 5008 4822 4835 4936 4854 4632 4925 4836 4900 5192 4622 5074 4841 4953 5389 4551 4708 4780 4475 4599 4834 4784 4877 4763 4313 4820 4878 5036 5166 4602 4681 4969 4958 4828 4977 4859 4651 4695 4983 4584 4936 4565 4772 4979 4946 4361 4587 4563 4923 4674 4664 4754 4798 4903 4824 4850 4876 4578 4695 4738 4828 4918 4797 4341 4851 4872 5031 4928 5166 4926 4804 4676 4824 5132 4699 4359 4674 4709 4768 4634 5156 4844 4893 4942 4967 4770 4605 5050 4832 4978 5178 4730 4867 5120 5051 5111 4891 4854 5202 4648 4982 4989 4940 4971 4906 5259 4200 4818 4784 5110 4971 4760 4854 5209 4736 4538 4643 5014 4877 4922 5045 5117 4664 4680 4751 4737 4906 4557 4899 4861 5097 5197 4848 4889 5259 4722 5094 4768 4841 4994 4278 4388 4724 4324 4803 4858 4604 4814 4522 4763 4189 4907 4688 4290 4985 5141 5049 4664 4603 4370 5075 4938 4476 4715 4808 4761 4937 4439 4705 5112 5031 4879 4861 4767 4673 4376 4771 4618 4369 4430 4944 4699 4255 5023 5128 5093 4530 4999 4686 4424 4693 5008 4804 4760 4804 4897 4664 4374 4640 4632 4774 4747 4620 4702 4745 4660 4633 5096 4533
4772 5037 4955 5026 5412 4918 4922 4993 4863 4617 5230 5301 5037 5425 4782 4839 5190 5458 4812 4890 4945 5404 5027 4968 4892 5060 4935 5390 4984 5151 5470 5181 4754 5058 5147 4959 4899 5048 5002 5025 5383 5138 4837 4815 4920 5041 5044 5463 4901 5214 5070 5045 5010 4823 4830 5068 5402 4830 5313 5045 4870 5629 4826 4900 5127 4672 4817 5225 4743 4869 4823 4401 5080 5023 5381 5043 4686 4747 5366 5447 5036 4755 5039 4839 4908 5078 4886 5132 5021 5119 5348 5227 4668 5187 4591 4983 4943 5188 4625 5141 4848 5167 5380 5027 5245 4998 5109 4916 4924 4997 4818 5110 4579 5063 5035 5212 4837 5162 4822 4993 5244 4864 4627 5047 4824 4730 5008 5486 4810 5083 5166 5294 5247 4700 4765 4735 5364 5341 4660 4927 5264 5470 5487 4909 5029 5209 4997 5038 5076 5080 5490 5200 5401 4494 4962 4885 5248 4879 5161 5279 5317 4783 4613 4995 4882 5152 5122 5516 4867 4784 4889 4793 5272 5309 4925 5048 4928 5154 5124 5039 5037 5400 4980 5163 4762 4910 5065 4692 4750 4738 4608 5201 5208 4928 4884 4597 5097 4485 5012 4843 4586 5285 5301 5591 4613 4795 4522 5218 4763 4741 5061 5052 5408 4905 4648 5001 5386 4948 5061 5131 4728 4898 4417 4902 5074 4329 4777 5061 4947 4411 5121 5236 5098 4843 5082 4859 4783 4740 5284 5147 4830 4884 5221 4990 4830 5049 4783 5002 5026 4823 5034 5141 5183 5092 5104 4728
4856 5115 4939 5486 5544 5204 5074 5507 5016 4956 5306 5687 5168 5591 5246 5657 5254 5731 5258 5484 5179 5362 5397 5249 5234 5367 5164 5424 4997 5246 5984 5588 4901 5316 5288 5412 5407 5545 5395 5380 5509 5269 5196 4779 5113 5109 5303 5476 5242 5403 5500 5399 5211 5291 5223 5105 5693 5123 5418 5570 5211 5798 4978 5037 5319 5005 5227 5660 5191 5302 5067 4671 5319 5255 5326 5826 4849 5107 5148 5590 5304 5492 5530 5377 5126 5317 5089 5487 5054 5367 5580 5406 4955 5461 5016 5215 4988 4946 5024 5093 5172 5248 5621 5134 5493 5234 5463 5509 5462 5315 5030 5146 5001 5459 5250 5968 5344 5226 5058 5372 5429 5029 5132 5212 5252 5206 5103 5554 5147 5320 5300 5583 5497 4882 5375 5248 5523 5396 4748 5084 5428 5480 5652 5328 5237 5664 4883 5012 5691 5501 5282 5231 5875 4762 5272 5631 5305 5132 5456 5612 5620 5323 4738 5554 5136 5487 5516 5817 5376 5113 5345 5192 5099 5629 5131 5344 5016 5379 5523 5410 5411 5355 5133 5795 5129 5485 5706 4791 4993 5225 4662 5423 5515 5087 5229 5107 5465 4881 5178 5297 4961 5409 5307 5279 5210 4934 4735 5553 5081 4656 5335 4922 5402 5313 4855 5162 5378 5218 5400 5347 5076 4946 4456 5128 5197 4885 4845 5186 4912 5004 5270 5701 5435 4849 5443 4935 5341 5296 5722 4970 5000 5412 5641 5112 4894 5092 5111 4843 5104 5431 5189 5662 5147 5099 5763 4894
4802 5223 5017 5347 5141 4969 4962 4925 4779 5002 5101 5214 5004 5561 4759 5214 4919 5544 5069 5140 4783 5067 5128 5037 5032 5038 5048 5113 5017 4934 5536 5241 4948 5363 5277 5245 5155 5076 5054 5299 5332 5123 5018 4769 5133 4912 5085 5233 5128 5240 5137 5070 5028 4836 4857 4918 5459 5070 5409 5353 5057 5619 4822 5012 5211 4730 4796 5252 4844 5067 4900 4359 5189 5068 5283 5474 4758 4894 5068 5417 5038 5175 5268 5119 4977 5133 4897 5453 5033 4867 5300 5236 4746 5059 4732 5238 4898 5065 5016 4975 4912 5117 5432 5054 5042 4990 4935 5106 5198 4801 4729 5079 4670 5225 4985 5506 5027 5077 4891 5076 5246 4985 4666 5144 4923 5141 4742 5713 4800 5038 5352 5177 5273 4504 5088 4669 5427 5156 4786 5032 5250 5276 5381 5114 4985 5193 4794 4769 5354 4995 5345 5174 5560 4638 4834 5103 5425 4853 5244 5311 5406 5182 4618 5062 4983 5238 5329 5307 5163 5097 5087 4869 5450 5164 4835 5169 4887 5045 5099 5204 5065 5422 4869 5489 4904 5231 5174 4499 4574 5003 4620 5359 5285 5125 4944 4750 5252 4627 5274 4866 4798 5003 5242 5479 5035 4932 4458 5202 4729 4673 4973 4846 5053 5076 4408 4828 5322 5157 5217 4959 4933 4922 4621 4952 4965 4678 4994 5195 4924 4610 5345 5415 5047 4692 5096 5103 5132 4855 4976 4966 4981 5201 5259 5011 4905 5088 4936 5201 5058 4941 4716 5259 4988 5134 5428 4825
4782 5210 4986 5037 5035 5039 4829 5078 4864 4644 5176 5199 4847 5514 4897 4990 5043 5307 5021 5155 5001 5146 5081 4859 4916 5159 5106 5051 4961 5110 5407 5175 4653 5250 4884 5234 5029 5215 5072 5281 5201 5101 4937 4941 5084 4688 5154 4944 5061 4940 5110 4679 5058 5006 4952 4836 5350 4759 5265 5373 5094 5409 5067 4676 4895 4565 4815 5181 4963 4881 4534 4311 5362 5247 5086 5401 4480 4851 4958 5434 4965 4912 4978 4952 4762 4887 5015 5288 4770 5047 5300 5494 4655 5069 4719 5338 4912 5068 4797 5159 5008 4881 5243 4825 5046 4926 5132 4846 5145 4840 4776 5338 4780 5229 5163 5373 5221 5059 4770 5106 5508 4864 4775 5386 5139 4924 4792 5734 4965 5142 5215 5482 5143 4687 5011 5068 5332 5166 4743 5059 5182 5572 5224 5057 4987 5580 4779 5077 5435 5264 5613 4984 5478 4451 5148 5341 5310 4964 5272 5347 5498 4970 4692 4979 5157 5358 5064 5659 5079 5113 5087 4743 5172 5381 4696 5134 4887 5198 5289 5093 5427 5419 4762 5369 5120 5032 5236 4780 4626 4994 4401 5412 5327 4789 5022 4779 5139 4463 4845 5112 4612 5130 5545 5317 4884 4773 4728 5174 4890 4389 5128 4950 5080 5226 4835 5201 5470 5199 5192 4814 4976 5157 4755 4954 4826 4589 4642 4929 4971 4530 5443 5447 5254 4354 5364 5095 4771 4580 5140 5014 4864 4795 5326 4785 4521 5122 4618 4906 5101 5031 5031 5281 5084 5007 5170 4719
5080 5472 5337 5670 5461 5434 5612 5346 5075 5391 5511 5384 5241 5612 5264 5446 5459 6041 5272 5462 5121 5790 5637 5368 5596 5658 5329 5648 5548 5431 5991 5871 5419 5485 5485 5644 5438 5475 5341 5434 5605 5230 5417 5155 5369 5221 5584 5507 5303 5527 5538 5269 5430 5440 5314 5389 5844 5181 5753 5524 5611 5750 5344 5285 5636 4923 5357 5373 5303 5370 5389 4697 5385 5416 5772 5680 5068 5187 5591 5737 5389 5395 5490 5425 5257 5407 5233 5791 5436 5307 5431 5659 5074 5387 5105 5594 5401 5590 5182 5530 5233 5354 5615 5422 5253 5393 5687 5595 5681 5564 5108 5823 5112 5900 5490 5726 5306 5588 5402 5453 5657 5195 4948 5494 5152 5394 5391 5806 5301 5322 5588 5415 5488 4998 5527 5452 5878 5777 5248 5456 5764 5936 5773 5456 5294 5803 5244 5439 5938 5793 5834 5355 5822 4988 5315 5340 5899 5348 5706 5518 5618 5473 4832 5410 5569 5632 5392 5664 5339 5103 5623 5165 5492 5924 4942 5473 5331 5788 5666 5677 5808 5823 5254 5676 4950 5588 5701 4882 4826 5460 4935 5601 5851 5287 5738 5073 5570 4805 5260 5448 5040 5342 5318 5630 5269 5331 4794 5572 5333 5129 5577 5536 5550 5451 4963 5278 5786 5814 5680 5558 5482 5349 5114 5346 5469 4918 5215 5440 5136 4793 5526 5747 5614 5232 5626 5454 5478 5357 5355 5359 5437 5530 5474 5355 4930 5362 5302 5408 5483 5631 5676 5931 5458 5399 5777 4815
5226 5243 5361 5355 5641 5358 5492 5579 5132 5298 5661 5619 5487 5816 5503 5203 5701 5680 5412 5436 5200 5764 5328 5359 5560 5537 5238 5524 5487 5272 5619 5764 5186 5619 5541 5482 5597 5579 5331 5221 5776 5379 5296 5155 5664 5125 5440 5601 5450 5444 5440 5194 5245 5073 5666 5319 5712 5019 5602 5640 5689 5868 5196 5479 5285 5094 5280 5559 5319 5287 5374 4615 5578 5368 5588 5772 4967 5177 5399 5680 5370 5526 5434 5319 5111 5391 5073 5500 5555 5229 5576 5902 4954 5412 5050 5476 5143 5213 5209 5388 5440 5341 5412 5443 5429 5358 5274 5242 5717 5250 5195 5669 5156 5650 5482 5841 5581 5413 5437 5314 5692 5475 4973 5631 5475 5024 5197 5866 5209 5497 5663 5821 5743 4939 5670 5426 5796 5725 5119 5474 5604 5905 5778 5801 5226 5852 5296 5375 5720 5537 5980 5289 5746 4819 5658 5435 5602 5460 5488 5835 5659 5395 4841 5241 5631 5399 5357 6188 5400 5213 5341 5322 5553 5681 5093 5514 5414 5390 5553 5623 5473 5674 4993 5712 5229 5513 5568 5210 4806 5454 4945 5549 5759 5457 5453 5157 5614 4650 5655 5360 5031 5452 5664 5690 5194 5172 5164 5736 5159 4918 5747 5139 5438 5513 5038 5367 5924 5497 5574 5352 5392 5436 5021 5361 5355 4869 5148 5510 5187 4889 5466 5708 5625 5083 5509 5440 5443 5435 5628 5384 5140 5322 5544 5281 5058 5568 5081 5217 5426 5332 5524 5673 5413 5559 5679 4975
5118 5540 5450 5368 5680 5262 5502 5500 5122 5377 5377 5421 5429 5674 5085 5127 5584 5830 5603 5350 5190 5392 5628 5436 5470 5346 5206 5736 5275 5512 5882 5768 5179 5621 5555 5477 5416 5665 5124 5340 5874 5180 5162 5148 5318 5405 5193 5532 5455 5394 5264 5410 5365 5201 5323 5493 5851 5153 5687 5623 5318 5809 5345 5223 5663 4733 5125 5355 5114 5243 5155 4404 5360 5512 5509 5788 5025 5295 5414 6007 5070 5393 5424 5419 5010 5514 5218 5458 5361 5247 5570 5775 4890 5384 5114 5472 5318 5595 5317 5762 5201 5524 5270 5564 5170 5473 5319 5422 5406 5249 5110 5827 4987 5870 5462 5691 5212 5416 5380 5298 5946 5354 4956 5413 5025 5041 5100 5768 5130 5478 5668 5390 5653 4667 5441 5193 5740 5678 5084 5690 5733 5653 5715 5277 5507 5877 5386 5546 5668 5402 5691 5222 5725 4816 5495 5414 5779 5267 5468 5754 5871 5317 5074 5068 5302 5366 5370 5859 5253 5173 5307 5098 5552 5621 5068 5380 5334 5678 5646 5567 5371 5788 5122 5442 4946 5192 5874 4667 5091 5235 4762 5788 5591 5276 5442 5128 5603 4748 5256 5399 4945 5425 5512 5791 4988 5138 4871 5757 5015 4965 4984 5466 5513 5414 5109 5340 5690 5633 5495 5668 5582 5288 5013 5225 5215 4851 5130 5497 5202 4794 5420 5937 5401 5205 5414 5116 5203 5078 5352 5520 5085 5265 5357 5206 4893 5320 5064 5072 5244 5453 5124 5674 5263 5569 5386 4796
4747 5202 5038 5219 5252 4935 5115 5068 4740 4674 5390 5100 5098 5475 4788 4998 5268 5418 5228 4958 5280 5407 5076 5046 5080 5293 4727 5169 5046 4967 5578 5306 4812 5258 5277 5038 5151 5201 4855 5142 5286 4746 5021 4794 4783 4564 4889 5302 4959 5271 5176 5115 5082 4815 4963 4917 5386 4861 5336 5061 5136 5534 4677 4783 5235 4671 4827 5107 4824 5015 4871 4230 5114 4993 5374 5242 4636 4947 5133 5384 4985 4784 5047 4933 4929 5255 4942 5370 4937 4770 5198 5034 4629 5077 4567 5238 4957 5034 4969 4999 5038 4969 5169 4866 5165 5004 5073 5213 5331 5056 4626 5113 5117 5372 5341 5385 4909 5089 4884 5026 5424 5050 4617 4907 4801 4937 4878 5370 4976 4933 5444 5434 5020 4406 4988 4958 5375 5335 4900 5043 5315 5572 5558 4978 4945 5341 4873 5116 5135 4994 5186 5005 5377 4465 5129 5019 5039 4782 5046 5202 5374 4910 4598 5053 4995 5260 5004 5571 5128 4699 5161 4988 4993 5468 4521 5090 5032 5276 5123 5319 4891 5417 5039 5359 4864 4942 5128 4547 4801 5150 4712 5126 5434 5042 5058 4780 5159 4630 4954 4928 4636 4873 5495 5143 4796 4696 4628 5205 4832 4712 5094 5189 5189 5062 4626 4740 5227 4938 5393 5153 5040 5095 4747 4953 4847 4483 4726 4986 5099 4712 5191 5316 5064 4751 5161 4988 5269 4637 5426 4910 5014 5176 5247 4732 4658 5252 4811 4966 4662 4629 5067 5268 4952 5012 5220 4445
4739 5092 5259 5281 5461 5178 5203 5241 5191 4919 5337 5361 5177 5393 4864 5084 5386 5594 5426 5203 5134 5572 5187 4939 5077 5436 5164 5270 5112 4990 5841 5428 4989 5433 5369 5353 5334 5509 5110 5231 5346 4955 5151 4966 4856 4964 5194 5143 5193 5371 5279 5528 5197 4954 4966 4768 5485 4962 5302 5463 4942 5559 4958 5073 5238 4544 5035 5292 5097 5020 5285 4442 5344 5157 5275 5332 4860 4956 5369 5518 4865 5321 5372 5259 4836 5030 5015 5614 5271 5199 5264 5442 4828 5230 4792 5341 5043 5172 5325 5021 5087 5299 5477 5264 5289 5198 5257 5191 5244 5264 4885 5434 5014 5469 5154 5565 5476 5367 5330 5395 5362 4877 4747 5165 5079 4860 4895 5510 5423 5169 5432 5139 5314 4501 5038 5145 5584 5383 5038 5268 5341 5715 5334 5277 5326 5615 5045 5253 5427 5197 5343 5149 5698 4466 5145 5240 5415 5207 5259 5496 5658 5190 4744 5176 5034 5553 5171 5757 5181 4876 5110 5054 5104 5683 4908 5300 5092 5212 5406 5150 5078 5822 4930 5273 5079 5241 5416 4765 4906 5404 4549 5395 5461 5264 5257 5050 5568 4644 5300 5370 4772 5290 5624 5408 4932 4955 4756 5443 4748 4853 5052 5249 5253 5130 4916 5026 5577 5188 5268 5417 5426 5260 4568 5356 5097 4700 4839 5095 5062 5083 5408 5368 5316 5235 5151 5218 5126 5042 5607 5076 5038 5227 5331 5359 5004 5388 4844 4935 5052 5032 5297 5300 5206 5086 5537 4819
4961 5379 5250 5333 5346 5148 5307 5171 5118 5398 5269 5414 5300 5649 5164 5216 5570 5743 5311 5119 5007 5527 5580 5185 5226 5493 5120 5524 5404 5252 5780 5642 5151 5298 5277 5329 5099 5714 5310 5149 5590 5289 5122 5153 5180 5028 5323 5231 5350 5124 5533 5228 5243 4970 5276 5317 5575 5025 5468 5575 5423 5596 5133 5017 5264 4872 5092 5276 5309 5181 5345 4683 5349 5258 5652 5665 4634 4748 5402 5551 4992 5042 5330 5005 5163 5540 5154 5705 5392 5306 5346 5620 4706 5354 5007 5410 5214 5315 5242 5526 4976 5160 5285 5361 5096 5616 5220 5202 5568 5582 5123 5531 5085 5526 5603 5711 5245 5196 4891 5315 5596 5171 4758 5362 5258 5067 5129 5744 5146 5277 5473 5430 5376 4843 5103 5078 5566 5521 4919 5515 5280 5802 5688 5199 5452 5671 5219 5288 5749 5335 5663 5182 5883 4652 5217 5484 5530 4998 5269 5518 5539 5046 5102 5131 5114 5220 5330 5680 5409 5255 5295 4983 5525 5538 4832 5135 5388 5735 5434 5408 5244 5582 5142 5623 4872 5056 5339 4818 4938 5483 4605 5529 5545 5337 5442 5256 5371 4758 5233 5428 4764 5308 5435 5320 5104 5079 4954 5323 4915 5005 5348 5282 5500 5077 5088 5127 5850 5356 5542 5211 5337 5125 4853 5104 5335 4595 4887 5565 5405 4631 5346 5539 5467 5251 5633 5372 5222 5032 5613 5341 5200 5422 5297 5260 5087 5464 5108 5152 5069 5212 5234 5453 5530 5194 5381 4749
4770 5695 5513 5580 5471 5515 5466 5163 5189 5302 5543 5482 5185 5913 4982 5249 5394 5829 5247 5498 5435 5613 5401 5361 5318 5443 5506 5789 5351 5505 5757 5622 5212 5409 5270 5556 5463 5738 5043 5578 5697 5249 5408 5004 5262 5146 5352 5380 5316 5375 5482 5583 5486 5398 5405 5284 5758 5222 5813 5887 5505 5876 5358 5238 5396 4964 5286 5659 4987 5440 5156 4798 5513 5290 5690 5763 4924 5056 5490 5835 5287 5436 5487 5265 5148 5135 5202 5705 5439 5492 5435 5617 4957 5358 5036 5521 5091 5321 5047 5504 5327 5621 5718 5396 5268 5243 5300 5068 5260 5548 5000 5588 5169 5673 5426 5587 5276 5396 5061 5615 5800 5274 4943 5423 5110 5291 5265 6091 5391 4974 5475 5388 5655 4867 5467 5183 5740 5832 5268 5421 5551 5921 5822 5361 5439 5627 5195 5483 5673 5462 5674 5212 5836 4831 5490 5325 5687 5354 5322 5589 5725 5496 5376 5464 5396 5617 5444 5842 5539 5375 5528 5318 5165 5575 4957 5479 5385 5848 5657 5427 5336 5762 5336 5334 5206 5409 5587 5089 4863 5550 4903 5610 5749 5233 5532 5120 5505 5034 5463 5297 4916 5682 5681 5502 5271 5316 4802 5384 5306 5101 5368 5595 5491 5237 5186 5260 5830 5483 5610 5370 5593 5387 5031 5450 5263 4904 5235 5466 5432 4894 5629 5769 5680 5004 5618 5596 5587 4978 5613 5422 5502 5532 5411 5260 4923 5425 5229 5120 5402 5454 5519 5448 5363 5295 5443 4997
5252 5219 5252 5672 5534 5253 5263 5453 5170 5052 5544 5756 5246 5787 4934 5506 5666 5822 5404 5753 5445 5834 5509 5219 5440 5646 5195 5598 5327 5235 6077 5691 5048 5459 5727 5653 5653 5599 5323 5846 5723 5338 5348 5322 5204 5077 5326 5683 5372 5232 5700 5205 5321 5314 5317 5526 5920 5065 5631 5657 5437 5885 5134 5324 5301 4908 5207 5355 5333 5272 5374 4722 5608 5562 5721 5755 5201 5355 5327 5509 5296 5270 5725 5469 5148 5327 5299 5782 5435 5420 5661 5842 4861 5553 4869 5545 5314 5461 5256 5618 5440 5342 5677 5503 5684 5619 5683 5529 5603 5259 4837 5757 5214 5930 5525 5797 5295 5411 5310 5530 5504 5411 4922 5411 5311 5287 5317 5867 5673 5404 5739 5820 5463 4819 5616 5285 5733 5687 5185 5648 5542 5846 5872 5503 5477 5711 5017 5325 5658 5495 5756 5336 5999 4639 5670 5318 5550 5173 5504 5853 5655 5437 5040 5422 5306 5427 5688 6021 5481 5232 5352 5175 5511 5873 5154 5523 5630 5674 5421 5322 5724 5674 5172 5801 5130 5268 5470 4679 4904 5585 4982 5637 5595 5390 5391 5199 5492 4874 5515 5357 5012 5373 5711 5624 5124 4956 4938 5607 5303 4996 5400 5562 5425 5500 4954 5442 6028 5500 5623 5482 5372 5664 4971 5387 5389 4758 5227 5326 5058 5132 5420 5828 5473 5303 5594 5394 5535 5344 5968 5554 5523 5380 5715 5324 5155 5594 5147 5476 5514 5388 5346 5903 5554 5236 5905 4807
4837 5301 5322 5546 5238 5065 5126 5283 5133 4865 5369 5174 4932 5663 4798 5191 5541 5474 5234 5377 5318 5328 5222 5294 5268 5688 5073 5128 5245 5131 5524 5348 5132 5269 5128 5530 5377 5299 4985 5130 5436 5136 4880 5120 5190 4832 5251 5473 5331 5420 5327 5543 5247 5046 4978 5271 5544 5050 5507 5561 5501 5367 5054 4987 5289 4720 5104 5722 5134 5598 5281 4630 5154 5267 5504 5659 4795 5229 5189 5216 5175 5133 5234 4892 4698 5462 5410 5440 5243 5093 5411 5364 4895 5136 4968 5205 5100 5167 5200 5237 5132 4954 5571 5181 5230 4976 5115 5204 5530 5371 4784 5465 5118 5520 5489 5498 5335 5024 4964 5239 5303 5299 4928 5194 4938 5198 4984 5617 5252 5133 5169 5333 5487 4783 5343 5107 5371 5284 4802 5151 5400 5665 5478 5027 4966 5811 5168 5189 5512 5207 5531 5256 5428 4579 5130 5386 5337 5123 5104 5520 5391 5042 4771 5328 5275 5256 5611 5673 5393 4907 5267 4891 5568 5615 5036 5110 5224 5582 5554 5153 5342 5744 5166 5451 5092 5280 5587 4788 4668 5684 4730 5474 5575 5221 5323 4917 5015 4846 5105 5342 4873 5331 5255 5436 5057 5145 4644 5429 4934 5086 5345 5071 5284 5246 4925 5008 5564 5240 5278 5068 5252 5112 4852 5025 4880 4800 4962 5430 5177 4628 5310 5581 5490 5138 5211 4956 5004 4844 5432 5533 5138 5372 5282 5190 5071 5480 4996 4896 5130 5527 5228 5320 5089 5350 5476 4933
5050 5128 5163 5375 5270 5171 5264 5194 4781 4852 5271 5484 5022 5647 5033 4990 5240 5382 5152 5187 5183 5351 5016 4960 4946 5253 4997 5411 4968 5268 5483 5440 5009 5319 5316 5216 5333 5211 5023 5213 5487 5168 4756 4806 5347 4715 4808 5254 5069 5225 5114 5187 5077 4678 4993 5224 5516 5065 5331 5316 5121 5514 5005 4999 5100 4658 5079 5105 5198 5113 4971 4607 5079 5029 5491 5446 4662 4958 5057 5398 5003 4957 5165 4835 4966 5129 5159 5418 5367 5055 5408 5327 4729 5265 4679 5118 4954 5091 4916 5370 5008 5107 5227 5340 5336 5344 5078 5094 5052 4833 4802 5334 5007 5445 5201 5248 5063 5209 5054 5042 5282 5118 4835 5091 5348 4745 4841 5620 5395 5260 5258 5204 5317 4669 5140 4847 5315 5369 4991 5684 5366 5554 5607 5192 5130 5428 5065 5013 5151 5216 5337 5121 5392 4698 5223 4917 5427 5001 4945 5354 5380 4912 5070 5331 5182 5248 5277 5835 5290 5079 5180 4902 5275 5495 4875 4818 4985 5424 5200 5017 4771 5413 5012 5321 5137 4902 5097 4538 4890 4947 4624 5372 5285 4966 5213 4832 5171 4410 5114 5172 4738 4860 5460 5433 4831 4773 4734 5458 4843 4770 5128 4981 5167 4868 4729 4927 5711 5362 5430 5085 5132 4894 4612 5050 5183 4592 4936 5278 4941 4514 5143 5383 5131 5020 5057 5141 5098 4910 5220 5254 4930 4783 5200 5057 4949 5376 4914 5161 4780 5040 5182 5559 5135 5021 5271 4878
4495 5128 4853 5108 4892 4818 5244 5068 4769 4842 5199 5436 4645 5409 4567 5023 4883 5032 5142 4957 4980 4898 5010 4639 4882 5145 4833 4854 4942 4638 5492 5390 4657 4886 4932 5058 4990 5364 4768 4880 5008 4760 4733 4877 4888 4694 4816 5019 4848 4692 5006 4960 5102 4824 4925 4783 5230 4733 5118 5103 5060 4821 4739 4861 4827 4402 4777 4957 4859 4929 4883 4200 4973 5089 5172 5303 4341 4625 4907 5000 4847 4758 4862 4628 4577 4836 4872 5366 5179 4685 4994 4953 4467 5157 4388 4844 4788 4888 4740 5151 4971 5033 5207 5046 5078 4980 4873 5043 5087 5004 4614 5195 4691 5270 5101 5317 4795 4588 4431 5006 5378 4858 4601 5137 4929 4679 4512 5285 4918 4765 5212 5022 4943 4382 4884 4745 5065 5112 4632 4962 4843 5472 5279 5135 5041 5399 4632 4646 5171 5187 5248 4866 4968 4300 4837 5074 5143 4812 4785 5303 5422 4794 4487 4907 5010 5170 4931 5309 4858 4757 5099 4599 5130 5194 4477 4814 4986 5198 4853 4931 4741 5241 4892 4994 4797 4909 5253 4505 4498 4991 4540 5121 5070 5168 4977 4718 5164 4280 4859 4843 4445 4922 5149 5303 4771 4808 4727 5104 4565 4931 4707 4942 4733 4991 4513 4983 5319 4962 5182 5123 4986 5065 4569 4637 4728 4288 4606 5054 4892 4383 5045 5152 5034 4918 5282 4849 4603 4618 5185 4964 4884 4981 5079 4791 4561 5350 4441 4365 4919 4758 4910 5204 5169 4775 4840 4540
4851 4949 5154 5215 5403 5003 5016 5246 5023 4841 5122 5404 4945 5661 4776 5163 5196 5393 5172 5188 5094 5261 4897 4990 4938 5199 5095 5117 4983 4840 5710 5357 4915 4988 5190 5359 5217 5435 4942 5255 5344 4938 4869 4882 5024 4917 5159 5453 5106 5156 5167 5307 5023 4907 5084 4925 5473 4880 5343 5273 5212 5440 4637 5184 5119 4716 4933 5179 5016 5132 5050 4324 5288 5164 5312 5164 4759 4706 5120 5481 5163 4900 4957 5064 4804 4914 4970 5290 4800 5272 5308 5371 4661 5609 4789 5347 4884 4908 4894 4993 5064 5155 5432 5083 4948 5177 5088 4859 5331 5166 4781 5258 5025 5552 5279 5490 4902 5006 4849 5077 5535 5100 5026 5096 5145 4803 5283 5342 5087 5321 5283 5153 5006 4611 5010 4908 5277 5319 4940 5064 5460 5537 5425 4944 5087 5571 5010 5069 5490 4799 5309 4908 5628 4491 4961 5305 5324 5053 5004 5528 5496 5035 4496 5338 5055 5282 5080 5732 5127 4971 5188 4961 5166 5266 4728 5054 5230 5180 5384 5149 5019 5159 5057 5495 4770 5197 5258 4444 4822 5179 4501 5254 5296 4934 5122 4898 5141 4661 5286 5010 4717 5063 5624 5288 4864 4762 4709 5131 4936 4670 4916 4971 5301 4964 4719 4808 5471 5156 5304 5260 5025 5143 4468 4787 5022 4520 4570 5143 5112 4684 5329 5538 5090 4668 5051 5108 4964 4920 5343 5143 4870 5056 5514 5064 4918 5391 4753 4832 4891 5032 5339 5098 5141 4982 5373 4655
4668 4988 4876 4920 5107 4786 4804 4653 4723 4667 4981 5091 4750 5099 4612 4692 4953 5111 4856 4935 4881 5326 4886 4863 5046 5019 5024 5040 4569 4871 5572 4970 4542 4858 5128 5103 5066 5211 4390 5215 5202 4983 4971 4428 4635 4806 4862 5244 5057 5018 4840 4924 4945 4819 4780 4624 5471 4650 4976 5184 4849 5209 4633 4708 4857 4408 4581 5103 4797 4895 4779 4241 5046 4746 5099 5194 4621 4716 4745 5276 4644 4776 4993 4909 4526 4672 4927 5367 4657 5011 5139 5326 4638 5229 4464 5020 4756 4777 4658 5021 4674 5065 5157 5010 4886 4790 4971 4768 4738 4700 4759 5195 4681 5223 4969 5249 4929 5032 4640 5406 5058 5058 4740 4989 4938 4646 4839 5250 4727 5051 4971 5162 5146 4462 4875 4660 5027 5074 4840 4756 5002 5337 5378 4906 5107 5249 4648 4880 5165 5137 5168 4672 5335 4475 5055 4767 5422 4891 4812 5158 5306 5070 4735 4954 5086 4996 4912 5555 4928 4812 4680 4604 5030 5109 4869 4987 5061 5262 5058 4851 4920 5148 4709 5021 4813 4891 5129 4387 4508 5126 4445 4966 5107 4787 4965 4800 4849 4518 5089 4752 4810 4991 5048 5156 4895 4612 4222 4997 4802 4544 5010 4914 5013 4797 4549 4995 5235 5132 5024 4978 4845 4841 4197 4837 4932 4740 4850 4717 4787 4568 4922 5151 4893 4558 4875 5029 4921 5075 5173 5078 4796 4847 5068 4706 4621 4978 4956 4627 4580 4934 4928 5084 4949 4892 5335 4623
4656 5236 4911 5325 5203 5272 5342 5259 4780 4948 5128 5358 5088 5604 4810 5197 5362 5574 5153 5144 5011 5551 5156 4872 5025 5346 5131 5356 4879 5331 5534 5413 4860 5185 5284 5331 5293 5168 5135 5217 5361 5160 4943 4946 5043 4803 5056 5319 5118 4994 5364 5301 4902 4881 5069 5035 5829 4842 5605 5531 5038 5658 4967 4747 4854 4855 5239 5354 5084 5115 5311 4453 5116 4993 5330 5555 4783 4935 5500 5326 4898 5185 5402 4951 4788 4902 5167 5444 5090 5119 5083 5457 4591 5143 4826 4996 5046 5056 5029 5264 5312 5306 5367 5129 5081 5229 5247 5356 5130 5469 4774 5410 5084 5625 5141 5389 5276 4992 5059 5281 5302 4893 4666 5251 5161 4973 5118 5562 5088 5107 5292 5293 5425 4493 5274 4964 5369 5432 4896 5296 5269 5471 5410 5218 5180 5432 5112 5066 5378 5018 5501 5152 5583 4664 5003 5201 5327 4962 5449 5394 5278 5126 4907 5047 5198 5414 5404 5441 5383 5084 5027 4760 5035 5576 4893 5117 4998 5446 5494 4989 4962 5637 5026 5470 4879 5116 5466 4866 4630 5320 4511 5589 5490 5064 5165 5263 5221 4487 5131 5075 4779 5329 5346 5459 5316 4719 4825 5427 4832 4806 5063 5149 5296 5006 4921 5172 5508 5346 5479 5314 5274 4923 4751 5174 5081 4835 4725 5171 4921 4857 5038 5543 5321 4831 5326 5102 4942 4782 5558 5335 5084 4975 5194 5112 4634 5191 4800 5160 4721 5430 5235 5318 4999 5308 5538 4702
5052 4999 5280 5172 5009 5194 4871 4862 4811 4863 5195 5157 4855 5313 4975 4760 5234 5357 5038 5295 4909 5311 5246 4977 4878 5421 5008 5315 4981 5243 5498 5291 4754 5159 5321 5250 5109 4951 4886 5159 5420 4776 4986 4896 5084 4749 5037 5236 5006 5228 5287 5121 5189 5016 4991 4908 5507 4743 5527 5202 5129 5370 4810 4991 5125 4744 4857 4957 4861 4823 4794 4446 5245 4897 5375 5368 4778 5047 4840 5248 4994 4974 4950 4973 5013 4967 4902 5296 4977 5018 5226 5361 4630 5281 4809 5272 5115 4832 4787 5103 4935 5052 5225 5089 4936 5233 5164 4931 5251 5266 4541 5163 4989 5478 5160 5365 5183 5003 5111 5084 5635 5052 4720 4944 5233 4799 5153 5405 5181 5205 4977 5167 5353 4444 5301 5079 5383 5308 4710 5137 5170 5441 5258 5155 5265 5523 4762 5204 5402 5033 5657 4830 5295 4515 5147 5014 5193 5044 5112 5611 5340 4994 4811 4957 5048 5220 5003 5579 4999 4844 5049 4888 5235 5373 4754 5009 4856 5282 5295 5126 5253 5373 4960 5378 4762 5160 5262 4446 4821 4949 4645 5261 5615 4961 4917 4718 5337 4605 5096 5046 4602 5124 5531 5390 4984 5035 4751 5380 5061 4535 5230 4991 5115 5192 4822 5029 5633 5327 5161 5046 5012 4818 4504 4963 5073 4551 4782 5191 4894 4709 4996 5473 5089 4730 5070 4950 5008 4867 5186 5118 5072 4868 5104 4903 4725 5042 5028 5167 5109 5075 4874 5357 5042 4901 5359 4631
4187 4787 4594 4862 4927 4632 4707 4870 4531 4443 4774 4965 4607 5165 4496 4848 4804 5084 4962 4827 4555 4707 4644 4552 4767 4737 4536 4595 4548 4534 5056 5080 4577 4742 4740 4760 4425 4842 4530 4801 5064 4780 4507 4514 4715 4441 4634 4817 4381 4573 4931 4617 4779 4573 4587 4583 4914 4574 5185 4755 4601 4884 4475 4596 4703 4531 4378 4613 4803 4451 4792 4067 4677 4805 4708 5000 4420 4416 4638 4917 4864 4902 4726 4529 4346 4547 4558 4971 4520 4460 4831 4871 4568 4959 4454 4828 4330 4758 4196 4617 4708 4580 4945 4894 4777 4704 4941 4537 4782 4588 4300 4844 4577 5145 4717 4924 4603 4753 4585 4778 4795 4472 4310 4647 4452 4631 4702 5160 4700 4650 4766 4837 4880 4446 4623 4403 5072 4960 4457 4704 4830 4834 4862 4832 4733 5084 4543 4641 5022 4773 4922 4576 4988 4402 4522 4616 5001 4524 4673 4950 5056 4541 4378 4728 4518 4668 4731 5009 4630 4529 4849 4419 4846 4952 4357 4729 4698 4968 4950 4572 4769 5215 4591 5179 4316 4885 4990 4313 4488 4903 4248 4972 4771 4726 4665 4524 4761 4283 4696 4742 4343 4666 4815 4900 4558 4379 4373 4911 4560 4248 4612 4754 4572 4677 4370 4874 5022 4935 4893 4661 4572 4689 4391 4623 4620 4259 4456 4551 4451 4351 4979 5023 4897 4306 4615 4689 4442 4749 4798 4611 4703 4758 4792 4641 4280 4578 4358 4389 4828 4669 4806 4959 4871 4583 4962 4428
4860 4946 5179 5261 5402 5018 4813 5212 5133 4827 5553 5078 5171 5447 5114 5156 5119 5643 5116 4920 5045 5333 5193 5127 4910 5210 4934 5181 4881 4923 5548 5265 5142 5178 5165 5193 5191 5305 4947 5086 5514 5008 4912 4801 5201 4832 5260 5177 5261 5486 5345 5261 5142 5225 5227 5158 5648 5014 5094 5377 5199 5635 4939 4919 5281 5015 4687 5196 4825 5018 5076 4378 5352 5184 5607 5566 4906 4914 5112 5487 4859 5094 5209 5072 4767 5093 4908 5579 4979 5019 5412 5348 4713 5268 4858 5267 4689 5180 5091 5321 4868 5115 5480 5238 5202 4965 5035 5059 5075 5227 4758 5390 4956 5402 5305 5444 5109 5208 4922 5152 5630 5330 4572 5177 5124 4912 5328 5571 5134 5236 5301 5549 5376 4468 5251 4731 5525 5442 4791 5287 5386 5250 5336 5081 5103 5619 4871 4982 5314 5340 5301 5036 5580 4520 5334 5379 5564 5033 5199 5584 5421 5139 4774 5227 5143 5362 5014 5636 5177 4901 5362 4759 5340 5469 4904 5107 5165 5297 5201 5152 5056 5306 5192 5534 5255 5062 5129 4376 4914 4969 4643 5137 5412 5118 4940 4958 5261 4580 4841 5248 4765 5193 5449 5319 4977 4922 4670 5429 4886 4479 5461 4931 5338 5341 4855 4971 5426 5124 5218 5193 5154 5280 4740 4750 4970 4761 4706 4934 5007 4706 5515 5299 5185 5064 5029 5063 5109 4944 5215 5197 4986 5218 5435 4988 4864 5033 5000 4943 5228 5091 5071 5197 5017 5018 5548 4633
4886 5256 5402 5767 5509 5409 5518 5663 5297 5335 5580 5557 5443 5786 5235 5463 5847 5925 5450 5627 5080 5738 5654 5316 5336 5595 5379 5562 5186 5498 5674 5850 5175 5431 5496 5205 5446 5514 5312 5544 5745 5359 5263 5212 5408 5176 5508 5293 5232 5691 5711 5644 5491 5101 5222 5293 5629 5125 5558 5411 5455 5787 5128 5220 5508 4930 5086 5511 5263 5242 5553 4772 5569 5423 5616 5847 5011 5120 5461 5660 5190 5425 5320 5430 5281 5213 5254 5839 5394 5372 5653 5610 5216 5713 5005 5333 5341 5451 5063 5449 5385 5343 5609 5517 5236 5309 5552 5474 5503 5282 4996 5495 5238 5875 5401 5924 5610 5362 5362 5507 5623 5264 5078 5139 5385 5272 5235 5764 5409 5525 5444 5686 5592 4895 5343 4988 5952 5666 5094 5392 5432 5785 5963 5604 5422 5776 5168 5517 5622 5412 5842 5187 5764 4928 5553 5507 5997 5272 5505 5902 5733 5181 5113 5573 5418 5641 5480 5888 5496 5384 5407 5240 5829 5592 5074 5342 5548 5218 5709 5439 5564 5844 5538 5877 5072 5284 5613 4911 4985 5550 4952 5542 5728 5393 5575 5027 5598 4792 5572 5664 5084 5697 5641 5724 5349 5269 4799 5792 5257 4861 5561 5467 5429 5293 5163 5366 5946 5613 5299 5399 5266 5137 4761 5295 5515 4789 5228 5222 5045 5159 5449 5661 5397 5485 5398 5367 5378 5231 5543 5340 5200 5474 5541 5175 5214 5506 5371 5179 5606 5533 5377 5689 5325 5428 5529 5181
4770 4969 4841 5083 5473 4921 5036 5150 4677 4971 5260 5104 5152 5681 5016 4895 4995 5399 5111 4865 4789 5273 5138 5118 4694 5022 4825 5091 5018 5316 5568 5306 4729 4998 5035 5089 5029 5137 4878 5069 5285 4861 4874 4658 4717 4963 5114 5108 5009 4743 5122 5083 5313 4944 5078 4909 5298 4947 5307 5186 5226 5653 4681 4845 5039 4650 4861 5140 5010 4954 4868 4220 5180 5148 5340 5257 4698 4805 4945 5096 4974 4918 4940 5085 4663 5219 5094 5287 4827 4950 5284 5457 4658 5088 4549 5135 5032 4958 4707 5155 5051 4945 5219 5171 5065 4946 5054 4959 4939 4820 4773 5196 4733 5311 5307 5313 5120 4935 4895 5288 5198 5085 4655 4844 4902 4617 4902 5282 4855 5252 5254 5158 5045 4686 5025 4983 5382 5169 4793 5155 5072 5432 5564 5093 4902 5438 4909 4962 5625 4871 5397 4851 5372 4536 5114 5069 5299 5178 5128 5306 5284 4934 4776 5005 5106 5130 5103 5660 5057 4758 4923 4827 5217 5288 4932 5164 5116 5247 5336 4970 5115 5643 4879 5304 4613 4672 5232 4521 4568 4992 4751 5216 5118 4866 4942 4640 5118 4566 5141 5090 4873 5158 5272 5385 4827 4764 4453 5506 4911 4412 5058 4995 5246 5038 4760 5139 5324 5099 5186 5037 4973 4803 4444 4933 5040 4398 5020 5006 5040 4517 5372 5493 5275 4797 5076 5112 4991 4966 5100 5023 4675 4963 5206 4754 4871 5129 4746 4855 4866 4875 5004 5374 4977 5157 5432 4597
5080 5236 5444 5650 5752 5379 5602 5508 5238 5229 5363 5633 5565 5912 5226 5560 5528 6020 5605 5481 5225 5795 5412 5574 5335 5478 5175 5602 5530 5369 5796 5893 5299 5635 5396 5671 5540 5683 5352 5542 5731 5384 5336 5287 5245 5215 5112 5506 5760 5457 5459 5701 5458 5122 5230 5223 5652 5189 5536 5625 5474 6127 5315 5330 5751 5158 5314 5406 5425 5528 5329 4699 5449 5416 5622 5675 4995 5036 5463 5735 5427 5622 5630 5426 5368 5309 5362 5567 5196 5457 5447 5871 5125 5479 5233 5548 5240 5404 5041 5454 5552 5194 5561 5547 5392 5433 5304 5442 5755 5466 5325 5487 5202 5668 5428 5779 5422 5337 5519 5453 5847 5234 5288 5401 5264 5278 5294 5927 5104 5451 5672 5655 5682 4919 5522 5393 5693 5585 4972 5455 5433 5846 5462 5390 5262 5764 5435 5496 6041 5541 5502 5534 6094 4793 5470 5533 5864 5241 5355 5617 5823 5654 5203 5524 5395 5516 5646 6042 5530 5310 5272 5234 5585 5829 5025 5477 5323 5678 5763 5396 5267 5887 5033 5809 4954 5486 5670 4769 4861 5483 4776 5782 5787 5519 5517 5049 5677 4843 5321 5403 5039 5441 5764 5718 5325 5267 4676 5579 5221 4881 5594 5192 5435 5415 5006 5248 5708 5437 5655 5469 5277 5347 4920 5427 5501 4852 5161 5339 5347 5002 5704 5769 5577 5390 5487 5416 5255 5400 5670 5174 5390 5530 5583 5317 4994 5561 5203 5192 5399 5278 5419 5601 5328 5442 5698 4872
5260 5233 5400 5674 5726 5356 5394 5301 5170 5184 5455 5459 5511 5822 5277 5296 5496 5856 5678 5446 5263 5721 5795 5281 5346 5343 5426 5372 5438 5056 6043 5677 5314 5654 5701 5444 5453 5684 5020 5177 5600 5435 5134 5394 5346 5343 5299 5464 5511 5370 5556 5533 5340 5157 5209 5457 5925 4999 5446 5502 5495 5856 5070 5389 5498 5075 5190 5246 5194 5176 5390 4634 5714 5405 5617 5656 5020 5186 5351 5906 5360 5136 5593 5436 5283 5397 5065 5731 5191 5497 5663 5628 5050 5599 5200 5317 5307 5291 5197 5421 5309 5347 5692 5524 5250 5445 5272 5428 5754 5504 4951 5443 5110 5799 5529 5470 5649 5462 4845 5389 5703 5441 5009 5362 5347 5132 5311 5766 5298 5344 5484 5325 5557 4975 5471 5373 5636 5775 5125 5595 5623 5839 5779 5524 5335 5885 5391 5478 5693 5408 5603 5512 5829 4723 5322 5433 5514 5367 5312 5656 5676 5294 5070 5333 5227 5589 5671 5678 5376 5014 5325 5164 5587 5662 5012 5348 5269 5590 5597 5389 5308 5747 5246 5790 5122 5480 5683 4939 4966 5391 4728 5597 5676 5306 5152 5193 5773 4698 5500 5401 4867 5496 5528 5511 5275 5110 4807 5263 5223 4918 5357 5610 5510 5150 5181 5157 5868 5677 5768 5335 5380 5250 5103 5198 5209 4840 5048 5504 5289 4917 5856 6030 5560 5516 5272 5493 5319 5244 5488 5489 5195 5478 5337 5571 4967 5399 5155 5005 5495 5627 5473 5782 5515 5465 5733 4954
4775 4959 5138 5214 5183 4866 5226 5028 4791 4773 5144 5009 4778 5510 4856 4861 5272 5403 5164 5084 4942 5139 5236 4931 4767 5249 4952 5246 4949 4979 5458 5268 4737 5354 5064 5286 5231 5303 4825 5131 5263 4932 4860 4967 5033 4704 4903 5103 5326 4975 4917 5087 4824 4861 5036 4661 5453 4574 5350 5087 5270 5262 4829 4953 5157 4648 5018 5239 4908 5101 4960 4327 5155 4925 5058 5524 4786 4870 5159 5308 4962 5005 5225 4855 4567 5113 4696 5226 4841 4922 5025 5289 4439 5107 4575 5047 4706 5069 4793 5049 5026 5037 5318 5136 4803 4926 5055 5054 4991 5025 4747 5288 4785 5429 4979 5515 5096 5225 4830 4878 5307 5209 4725 5101 4946 4777 4930 5530 5150 5218 5317 5120 5311 4921 5345 5147 5176 5482 4721 5217 5263 5386 5337 4982 4922 5233 5106 5043 4958 5253 5467 5148 5371 4512 5136 5256 5235 4991 4842 5197 5545 5104 4565 5063 4996 5260 5119 5558 4944 4835 4702 5035 5215 5315 4843 4934 5114 5089 5057 5186 5216 5195 5067 5155 4731 4904 5298 4578 4743 4801 4665 5332 5327 4931 4985 5103 5232 4296 4999 4958 4557 5179 5472 5554 4907 4838 4682 5125 4871 4660 4905 5023 4898 4910 4586 5064 5483 4932 5332 5040 4834 5147 4796 4775 5149 4619 4749 4749 4866 4692 5022 5621 5467 5093 5180 4930 4809 4886 5152 5154 5243 4792 5331 4819 4746 5176 4775 4854 4878 4978 4688 5353 5186 5019 5180 4534
4668 4941 5082 5153 5073 4965 5027 5108 4744 4689 5140 5218 4778 5387 4901 4981 5052 5454 5105 4980 4925 4979 5421 4791 4623 5147 4764 5149 4965 4925 5264 5217 4644 5273 5107 5012 4777 5243 4850 4992 5237 4977 4965 4740 5086 4866 4901 5116 5104 5172 5103 5073 5170 4985 4953 4904 5262 5056 5202 5020 5285 5190 4599 4858 5039 4597 4742 5072 4956 5208 4983 4273 5107 4906 5244 5056 4627 4775 4999 5155 4871 4922 4717 4993 4639 5207 4693 5343 4953 4947 5122 5161 4672 5072 4717 4937 4839 5086 5009 4967 4942 4967 5333 4947 4797 4837 4857 5067 5057 4958 4901 5077 4862 5462 4924 5185 5184 4935 4733 5004 5516 4702 4545 4929 4948 4906 4680 5245 4688 4921 5132 5239 5010 4657 5012 4916 5323 5214 4632 5036 5076 5270 5143 5016 4917 5393 4857 5018 5299 5049 5245 5047 5310 4666 5084 5039 5225 4886 5073 5261 5072 4795 4777 4992 5094 5350 4963 5445 5087 4878 5181 4958 5075 5214 4875 4947 5085 5222 5166 5106 4940 5304 5065 5150 4798 5018 5238 4437 4730 5053 4428 5123 5266 4847 5133 4962 5240 4350 4779 4946 4355 5056 5011 5331 4930 4707 4457 5143 4667 4840 5060 4783 5047 4921 4784 4847 5231 4918 5207 5057 4746 4596 4711 4666 4946 4724 4594 4814 4988 4635 5212 5452 5327 4931 5002 4715 4902 4942 5128 4867 4893 5072 5053 4634 4437 4943 5088 4618 4899 4823 4727 5117 4906 4971 5294 4645
5198 5350 5428 5686 5603 5381 5393 5399 5134 5049 5454 5645 5029 6022 5138 5447 5343 5693 5284 5353 5366 5641 5310 5306 5378 5621 5447 5661 5230 5352 5822 5480 5301 5607 5590 5378 5516 5442 5107 5328 5296 5426 5450 5196 5139 5262 5286 5615 5748 5689 5451 5262 5582 5530 5313 5146 5915 5157 5394 5725 5372 5829 5173 5370 5456 4903 5391 5337 5138 5633 5266 4766 5553 5159 5605 5656 4970 5182 5545 5794 5359 5432 5050 5129 5169 5461 5164 5656 5266 5491 5668 5497 4946 5790 5083 5388 5212 5298 5207 5313 5351 5330 5442 5268 5349 5169 5354 5262 5284 5280 4992 5485 5160 5645 5655 5677 5340 5506 5189 5285 5525 5486 4858 5351 5501 5109 5101 5897 5402 5292 5351 5607 5561 4908 5416 5332 5712 5724 4974 5375 5821 5922 5759 5350 5505 5747 5247 5373 5518 5645 5779 5361 5908 5085 5295 5425 5677 5428 5760 5910 5592 5374 4934 5405 5487 5697 5275 5878 5438 5063 5464 5391 5491 5707 5203 5540 5510 5441 5448 5491 5116 5789 5506 5645 5003 5238 5660 4847 4981 5300 4842 5608 5604 5332 5646 5203 5689 4850 5329 5529 4743 5472 5545 5477 5097 5219 4850 5738 5210 5099 5569 5255 5539 5264 5095 5487 5686 5492 5659 5684 5296 5473 4989 5328 5435 4754 5202 5673 5399 5143 5745 5516 5507 5218 5480 5589 5335 5177 5663 5324 5256 5559 5722 5331 5216 5342 5463 5253 5392 5442 5391 5510 5559 5255 5837 4797
4882 5317 5436 5388 5440 4989 5132 5230 5076 4957 5139 5594 5355 5793 5023 5370 5425 5541 5370 5503 5328 5738 5100 5381 5333 5338 5137 5428 5275 4988 5750 5396 5042 5320 5679 5086 5528 5377 5006 5420 5438 5396 5268 5335 5202 5277 5113 5631 5505 5465 5391 5616 5129 5019 5205 5025 5697 5161 5293 5311 5003 5860 5081 5009 5392 4745 5008 5468 5143 5134 5208 4534 5407 5139 5073 5544 5084 5045 5513 5770 5009 5070 5474 5176 4808 5251 5090 5636 5184 5526 5553 5636 4862 5400 5109 5436 5009 5460 5235 5249 5001 5308 5492 5518 5356 5025 5337 5354 5426 5260 4924 5395 5157 5567 5334 5606 5304 5239 5171 5410 5469 5352 4891 5398 5248 5117 5036 5627 5208 5234 5448 5377 5382 4766 5254 5128 5583 5599 5263 5386 5365 5661 5460 5328 5258 6032 5390 5254 5654 5235 5668 5220 5898 4756 5225 5144 5521 5211 5510 5424 5606 5239 4931 5212 5511 5619 5513 5769 5353 4740 5375 5152 5334 5612 5121 5597 5282 5406 5566 5358 5403 5734 5098 5469 5171 5279 5316 4963 4851 5044 4709 5411 5276 5118 5092 4991 5332 4959 5722 5168 4792 5474 5561 5547 5045 5348 4831 5580 5037 5031 5402 5058 5451 4976 5152 5189 5640 5211 5652 5127 5349 5099 4785 5310 5253 4807 4934 5303 5314 4748 5674 5875 5725 5229 5183 5335 5111 5004 5547 5206 5083 5237 5529 5393 4871 5425 5037 5348 5043 5337 5279 5511 5214 5724 5630 4954
4849 4963 4905 5442 5384 5181 5148 4829 4972 5076 5213 5294 5203 5306 4960 5117 5001 5442 4944 5205 5004 5085 5218 4950 4899 4890 5055 5315 4959 5168 5472 5584 4547 4994 5147 5152 5027 5135 4864 5293 5270 4836 4962 4823 4965 5114 4775 5201 5401 5066 5154 5128 5130 4704 4849 4755 5308 4628 5422 5284 4934 5541 4809 4745 5041 4648 4912 4866 5017 5109 4863 4281 5053 5166 5171 5131 4794 4601 4822 5604 4764 4836 5003 4872 4741 5041 4936 5306 5006 5061 5268 5303 4840 5156 4684 5148 4874 5054 4840 5227 5096 5243 5390 5108 5076 4921 5196 4958 5023 4983 4908 5011 4928 5252 5357 5308 5249 5163 4977 4946 5474 4913 4634 5063 5012 4832 4844 5404 4982 5142 5003 5429 5223 4797 5016 4992 5536 5541 4857 5215 5148 5667 5523 5071 4934 5540 4946 4980 5659 5151 5290 5023 5456 4519 5128 4887 5253 5030 5028 5370 5475 5012 4829 4917 5128 5294 5231 5673 5161 4827 5318 4922 5169 5227 4800 5098 4981 4977 5116 5181 5103 5505 5025 5225 4820 4877 5419 4719 4569 4742 4559 5322 5055 5004 5084 4698 5134 4576 5032 4947 4683 5070 5146 5369 4903 4586 4527 5404 4954 4685 5015 5264 5112 4891 4716 5032 5516 5073 5155 5223 4909 4954 4546 4915 5045 4450 4831 5010 5070 4600 5359 5604 5025 4918 5300 4881 5072 4901 5328 5093 4930 4988 5145 4877 4589 5122 5020 4924 4692 5042 5085 5336 5158 5035 5170 4420
5114 5192 5558 5594 5458 5298 5426 5451 5177 5067 5382 5583 5245 5797 5236 5207 5519 5653 5222 5394 5361 5654 5172 5059 5163 5417 5222 5420 5322 5132 5846 5386 5291 5325 5498 5410 5583 5401 5224 5404 5536 5286 5165 5378 5176 5372 5219 5402 5334 5302 5261 5464 5179 5152 5156 5131 6000 4852 5528 5367 5295 5947 5003 5381 5212 4995 5009 5298 5278 5186 5146 4533 5478 5433 5486 5312 5072 5138 5422 5495 5229 5287 4994 5235 5113 5323 5068 5422 5308 5212 5475 5465 4958 5620 5184 5500 5442 4984 5027 5274 5174 5343 5773 5284 5211 5308 5302 5071 5776 5335 4850 5438 4993 5674 5328 5666 5564 5295 5063 5070 5620 5382 4980 5444 5474 4901 4929 5938 5395 5367 5350 5520 5353 4783 5397 5086 5586 5608 5212 5363 5452 5729 5711 5330 5378 5458 5292 5296 5557 5244 5606 5267 5738 4572 5112 5393 5414 5390 5486 5625 5657 5238 4812 5475 5127 5660 5441 5795 5117 4936 5353 5093 5426 5611 5187 5254 5037 5415 5305 5016 5340 5621 5156 5463 5004 5246 5681 4678 4963 5322 4693 5766 5567 5273 5351 5137 5589 4593 5502 5415 4744 5212 5544 5512 4945 5225 4881 5508 5100 5109 5520 5215 5403 5042 4953 5300 5563 5373 5531 5442 5129 5373 4824 5162 5165 4747 4718 5585 5487 4835 5536 5464 5340 5010 5311 5360 5070 5027 5763 5255 5289 5290 5269 5374 5064 5490 5238 5025 5324 5145 5541 5360 5321 5338 5409 4830
5205 5426 5624 5410 5716 5431 5430 5329 5312 5141 5784 5610 5420 5692 5196 5553 5563 5726 5576 5573 5305 5601 5639 5255 5407 5581 5081 5793 5306 5795 5995 5855 5080 5540 5246 5485 5674 5748 5258 5456 5814 5544 5291 5308 5428 5337 5340 5586 5402 5491 5360 5575 5310 5119 5484 5505 5794 5398 5688 5835 5573 6141 5469 5359 5467 4979 5239 5573 5172 5422 5371 4513 5447 5607 5625 5575 5009 5176 5620 5782 5268 5377 5628 5166 5167 5487 5401 5842 5428 5412 5552 5792 4966 5511 5147 5511 5255 5734 5210 5580 5191 5511 5833 5444 5364 5355 5433 5525 5500 5517 5295 5707 5338 5904 5430 5710 5478 5762 5340 5479 5677 5279 5182 5558 5319 5386 5319 5946 5427 5671 5919 5594 5534 5103 5469 5376 5799 5825 5123 5472 5579 5809 5701 5316 5201 5915 5227 5519 5962 5596 6067 5335 5975 5131 5512 5460 5645 5340 5682 5486 5728 5147 5098 5444 5487 5486 5279 5879 5508 5139 5467 5209 5469 5736 5266 5259 5656 5528 5856 5517 5464 5811 5429 5836 5280 5265 5745 4932 5196 5520 4850 5734 5954 5349 5537 5145 5483 4663 5302 5306 4903 5561 5800 5880 5107 5054 4941 5339 5279 5073 5421 5349 5476 5415 5006 5458 5847 5724 5620 5648 5406 5307 5144 4963 5446 4842 5192 5398 5327 4907 5695 6055 5764 5282 5644 5508 5171 5375 5700 5378 5445 5448 5707 5405 5165 5491 5354 5301 5233 5446 5524 5816 5390 5420 5775 5065
4998 5203 4976 5629 5519 5063 5373 5079 5084 5024 5346 5519 5055 5739 5291 5291 5452 5618 5171 5407 4995 5684 5371 5224 5393 5306 5093 5383 5263 5279 5703 5471 4853 5187 5400 5481 5421 5209 5063 5642 5451 5112 5401 4970 4957 5227 5215 5690 5207 5162 5316 5365 5246 5005 5100 5132 5799 5287 5562 5347 5287 5694 5286 5130 5238 4946 4664 5134 5330 5254 5393 4531 5376 5494 5434 5562 4826 5178 5300 5605 5202 5366 5480 5232 4975 5223 4939 5481 4949 5356 5423 5431 5021 5667 4976 5321 4833 5233 5064 5021 5098 5539 5626 5080 5284 5078 5153 5421 5320 5219 4875 5342 5225 5621 5271 5680 5379 5272 4993 5421 5584 5339 5109 5193 5197 4967 4986 5550 5296 5381 5353 5348 5396 4843 5496 5176 5584 5537 4920 5030 5495 5710 5500 5276 5194 5633 5049 5150 5456 5469 5586 4916 5952 4795 5441 5587 5472 5054 5157 5621 5874 5372 4842 5316 5187 5183 5352 5643 5415 5143 5368 5330 5255 5564 4882 5134 5061 5493 5526 5262 5192 5453 4957 5595 4939 5312 5457 4981 4758 5575 4717 5412 5590 5107 5396 4920 5467 4824 5320 5223 4999 5403 5229 5507 5312 4984 4770 5357 5302 4682 5262 5071 5495 5279 4730 5202 5603 5266 5668 5425 5135 5332 4734 5139 5267 4895 4936 5280 5318 4947 5322 5677 5424 4800 5557 5520 5204 4987 5614 5068 5262 5442 5468 5089 5061 5154 5113 5182 5069 5232 5520 5337 5406 5093 5816 5031
4756 5173 5303 5471 5446 5380 5207 5422 5347 5079 5567 5535 5198 5633 4904 5292 5412 5794 5473 5517 5310 5349 5355 4985 5341 5174 5020 5476 5261 5441 5649 5483 5029 5328 5351 5164 5444 5283 5273 5354 5413 5329 5205 5220 5250 5038 5092 5592 5236 5619 5223 5409 5144 5264 5261 5059 5632 5083 5295 5341 5205 5612 5179 5292 5264 4573 5075 5158 5256 5337 5256 4662 5221 5218 5460 5520 4662 5283 5263 5269 5232 5070 5313 4963 4773 5351 5276 5312 5264 5194 5527 5695 4773 5235 4768 5299 5022 5410 5225 5428 5236 5077 5154 5157 5396 5012 5305 5414 5478 5169 4756 5698 5037 5428 5402 5616 5272 5166 5369 5144 5757 5319 5111 5445 5061 5105 4927 5598 5318 4990 5422 5371 5441 4773 5192 5275 5572 5628 5055 5237 5621 5527 5510 5413 5331 5468 5187 5064 5572 5305 5540 5348 5460 4966 5259 5273 5562 5174 5537 5487 5468 5157 4940 5246 5503 5559 5431 5406 5394 4902 5430 4891 5402 5300 5084 5407 5307 5648 5468 5522 5134 6009 5335 5581 5125 5251 5453 4810 4683 5259 5003 5407 5328 5492 5490 4907 5270 4644 5184 5144 4729 5283 5626 5641 4997 4954 4744 5597 5177 4969 5441 5284 5146 5319 5076 5120 5606 5392 5347 5266 5499 5123 4912 5241 5117 4483 5130 5145 5082 4767 5478 5638 5443 4988 5120 4915 4852 5200 5516 5356 5128 5309 5620 4966 4947 5345 5132 5203 5108 5240 5497 5431 5369 5286 5687 4723
4855 4969 4804 5122 5113 4958 4869 4659 4715 4601 4907 4881 4793 5212 4703 5141 4746 5351 4832 4967 4787 4945 4953 4943 4638 4860 4910 5109 4882 5057 5417 5109 4683 4862 5045 4922 4982 5142 4880 4950 5052 5113 4666 4649 5010 4649 4879 5081 5161 4949 4876 4824 4842 4540 5065 4786 5463 4602 4777 5265 4837 5409 4587 4952 4931 4539 4865 4954 4787 5004 4977 4124 4958 4925 5043 5041 4640 4548 5059 5174 4621 4839 4962 4957 4611 4884 4547 5201 4611 4692 5151 5150 4483 5085 4613 5093 4716 5201 4388 5057 4756 4761 5240 4979 4929 5023 4946 4822 5031 4908 4789 5089 4631 5162 4773 5108 5276 5113 4515 4981 4932 4801 4598 4819 5063 4652 4937 5373 4901 5009 5126 5010 5350 4680 4966 4653 5363 5144 4654 5066 4905 5259 5268 4859 4818 5132 4851 4711 5311 4809 5516 4941 5497 4432 4921 5009 5242 4944 4920 4992 5096 4773 4573 4946 4998 5037 5164 5299 5047 4530 4997 4547 4987 5211 4716 4961 4816 5011 5049 4938 4832 5284 4844 5292 4769 5003 5122 4449 4578 4922 4396 5054 5078 5090 4938 4636 4797 4438 5010 4778 4456 4769 5218 5291 4458 4564 4564 5119 4587 4416 4750 4947 4892 4895 4612 4731 5203 5033 5131 4809 4971 4803 4473 4811 4799 4585 4766 4733 4689 4231 5340 5487 4977 4605 4994 4880 4959 4816 4792 5090 4837 4855 5061 4999 4466 4889 4488 4794 4800 4767 4702 5033 4873 4920 5291 4654
